timestamp,market,buy_volume,sell_volume,net_flow,buy_%,sell_%,net_%,trend,message
2025-10-28T01:17:32.890076,BTC/USDT,510.166387988,591.2494444519999,-81.08305646399992,46.31914422891605,53.680855771083934,-7.36171154216788,⚪,⚪ Buy: 46.3% | Sell: 53.7% | Net: -7.4% | Value: -81
2025-10-28T01:17:34.125037,ETH/USDT,48389.306787308,53569.987858732,-5180.681071423998,47.45943658721397,52.540563412786035,-5.0811268255720625,⚪,"⚪ Buy: 47.5% | Sell: 52.5% | Net: -5.1% | Value: -5,181"
2025-10-28T01:17:35.384908,BNB/USDT,2276.5026199999998,2306.9332799999997,-30.43065999999999,49.66803659237385,50.33196340762615,-0.6639268152522869,⚪,⚪ Buy: 49.7% | Sell: 50.3% | Net: -0.7% | Value: -30
2025-10-28T01:17:36.615158,XRP/USDT,8078461.428040188,7084590.75208006,993870.6759601282,53.277277767543254,46.72272223245674,6.554555535086514,⚪,"⚪ Buy: 53.3% | Sell: 46.7% | Net: 6.6% | Value: 993,871"
2025-10-28T01:17:37.882705,SOL/USDT,77595.516272612,86179.63140891801,-8584.115136306005,47.3792986122051,52.6207013877949,-5.2414027755897985,⚪,"⚪ Buy: 47.4% | Sell: 52.6% | Net: -5.2% | Value: -8,584"
2025-10-28T01:17:39.042175,DOGE/USDT,14013318.89378,14478906.56602,-465587.6722400002,49.182956640405465,50.817043359594535,-1.634086719189075,⚪,"⚪ Buy: 49.2% | Sell: 50.8% | Net: -1.6% | Value: -465,588"
2025-10-28T01:17:40.336484,ADA/USDT,7643414.989999999,8844581.409999998,-1201166.419999999,46.35745183690118,53.642548163098816,-7.285096326197641,⚪,"⚪ Buy: 46.4% | Sell: 53.6% | Net: -7.3% | Value: -1,201,166"
2025-10-28T01:17:41.445658,TRX/USDT,2965952.4634654904,2899695.2206436605,66257.24282182986,50.56479050899468,49.43520949100531,1.1295810179893666,⚪,"⚪ Buy: 50.6% | Sell: 49.4% | Net: 1.1% | Value: 66,257"
2025-10-28T01:17:42.734676,AVAX/USDT,195547.68461999993,190785.23497999998,4762.449639999948,50.61636601469671,49.38363398530329,1.2327320293934252,⚪,"⚪ Buy: 50.6% | Sell: 49.4% | Net: 1.2% | Value: 4,762"
2025-10-28T01:17:44.055065,DOT/USDT,277740.68292,254594.70038,23145.982539999997,52.174003763991394,47.82599623600861,4.348007527982782,⚪,"⚪ Buy: 52.2% | Sell: 47.8% | Net: 4.3% | Value: 23,146"
2025-10-28T01:17:45.265236,LINK/USDT,302688.812752846,317493.256848514,-14804.444095668034,48.806443718601535,51.193556281398465,-2.3871125627969247,⚪,"⚪ Buy: 48.8% | Sell: 51.2% | Net: -2.4% | Value: -14,804"
2025-10-28T01:17:46.623741,SUI/USDT,1540539.5800000003,1578238.12,-37698.539999999804,49.39561995713898,50.60438004286102,-1.2087600857220377,⚪,"⚪ Buy: 49.4% | Sell: 50.6% | Net: -1.2% | Value: -37,699"
2025-10-28T01:17:47.793430,SHIB/USDT,144437253090.17908,138991503925.68442,5445749164.494659,50.96069100782703,49.03930899217296,1.9213820156540644,⚪,"⚪ Buy: 51.0% | Sell: 49.0% | Net: 1.9% | Value: 5,445,749,164"
2025-10-28T01:17:49.068764,LTC/USDT,54868.17340000001,47817.69260000001,7050.4807999999975,53.43303371468864,46.56696628531136,6.866067429377279,⚪,"⚪ Buy: 53.4% | Sell: 46.6% | Net: 6.9% | Value: 7,050"
2025-10-28T01:17:50.298956,ATOM/USDT,27145.146539999998,32745.84406,-5600.6975200000015,45.32425706780679,54.67574293219322,-9.351485864386424,⚪,"⚪ Buy: 45.3% | Sell: 54.7% | Net: -9.4% | Value: -5,601"
2025-10-28T01:17:51.568641,XLM/USDT,2170090.2251648884,2601081.562747332,-430991.3375824434,45.48338063749495,54.51661936250506,-9.033238725010099,⚪,"⚪ Buy: 45.5% | Sell: 54.5% | Net: -9.0% | Value: -430,991"
2025-10-28T01:17:52.845797,UNI/USDT,209962.0956,228319.6581,-18357.5625,47.90573502718007,52.09426497281993,-4.188529945639852,⚪,"⚪ Buy: 47.9% | Sell: 52.1% | Net: -4.2% | Value: -18,358"
2025-10-28T01:17:54.025267,ICP/USDT,78296.18126,104829.60243999999,-26533.42117999999,42.7554108864682,57.24458911353181,-14.489178227063606,⚪,"⚪ Buy: 42.8% | Sell: 57.2% | Net: -14.5% | Value: -26,533"
2025-10-28T01:17:55.190388,APT/USDT,54518.07816,67040.77364,-12522.695480000002,44.8491223409203,55.1508776590797,-10.3017553181594,⚪,"⚪ Buy: 44.8% | Sell: 55.2% | Net: -10.3% | Value: -12,523"
2025-10-28T01:17:56.424828,NEAR/USDT,546936.8600800001,648039.53452,-101102.67443999986,45.769679012201635,54.23032098779835,-8.460641975596715,⚪,"⚪ Buy: 45.8% | Sell: 54.2% | Net: -8.5% | Value: -101,103"
2025-10-28T01:17:57.464374,AAPL,44620772.0,0,44620772.0,100.0,0.0,100.0,🟢,"🟢 Buy: 100.0% | Sell: 0.0% | Net: 100.0% | Value: 44,620,772"
2025-10-28T01:17:58.066203,MSFT,18454905.0,0,18454905.0,100.0,0.0,100.0,🟢,"🟢 Buy: 100.0% | Sell: 0.0% | Net: 100.0% | Value: 18,454,905"
2025-10-28T01:17:58.254672,GOOG,22903490.0,0,22903490.0,100.0,0.0,100.0,🟢,"🟢 Buy: 100.0% | Sell: 0.0% | Net: 100.0% | Value: 22,903,490"
2025-10-28T01:17:58.569969,GC=F,0,0,0,0,0,0,⚪,⚪ Buy: 0.0% | Sell: 0.0% | Net: 0.0% | Value: 0
2025-10-28T01:17:58.747917,CL=F,0,0,0,0,0,0,⚪,⚪ Buy: 0.0% | Sell: 0.0% | Net: 0.0% | Value: 0
2025-10-28T01:17:58.993187,TSLA,104897278.0,0,104897278.0,100.0,0.0,100.0,🟢,"🟢 Buy: 100.0% | Sell: 0.0% | Net: 100.0% | Value: 104,897,278"
2025-10-28T01:17:59.287789,NVDA,150394187.0,0,150394187.0,100.0,0.0,100.0,🟢,"🟢 Buy: 100.0% | Sell: 0.0% | Net: 100.0% | Value: 150,394,187"
2025-10-28T02:51:22.145757,BTC/USDT,507.276816066,556.2196569539999,-48.94284088799992,47.698965528817524,52.30103447118246,-4.602068942364937,⚪,⚪ Buy: 47.7% | Sell: 52.3% | Net: -4.6% | Value: -49
2025-10-28T02:51:24.004640,ETH/USDT,49368.514688947995,52544.735812091996,-3176.2211231440015,48.44170355300776,51.55829644699224,-3.116592893984467,⚪,"⚪ Buy: 48.4% | Sell: 51.6% | Net: -3.1% | Value: -3,176"
2025-10-28T02:51:25.821095,BNB/USDT,2359.475,2368.4256,-8.950600000000122,49.90534276460888,50.09465723539112,-0.1893144707822352,⚪,⚪ Buy: 49.9% | Sell: 50.1% | Net: -0.2% | Value: -9
2025-10-28T02:51:28.012607,XRP/USDT,7974633.6945201885,7380723.850500059,593909.8440201292,51.933884776954386,48.0661152230456,3.867769553908788,⚪,"⚪ Buy: 51.9% | Sell: 48.1% | Net: 3.9% | Value: 593,910"
2025-10-28T02:51:29.265000,SOL/USDT,80080.92847261201,86003.612208918,-5922.683736305989,48.216967180689366,51.78303281931063,-3.5660656386212595,⚪,"⚪ Buy: 48.2% | Sell: 51.8% | Net: -3.6% | Value: -5,923"
2025-10-28T02:51:30.749407,DOGE/USDT,14382926.590579998,14569936.824020002,-187010.2334400043,49.67704362991313,50.32295637008687,-0.645912740173744,⚪,"⚪ Buy: 49.7% | Sell: 50.3% | Net: -0.6% | Value: -187,010"
2025-10-28T02:51:33.176323,ADA/USDT,8006091.082,9040338.987999998,-1034247.9059999976,46.9663797588324,53.03362024116759,-6.067240482335182,⚪,"⚪ Buy: 47.0% | Sell: 53.0% | Net: -6.1% | Value: -1,034,248"
2025-10-28T02:51:34.814662,TRX/USDT,3098785.70346549,2963279.6506436607,135506.05282182945,51.11765582277974,48.88234417722025,2.2353116455594972,⚪,"⚪ Buy: 51.1% | Sell: 48.9% | Net: 2.2% | Value: 135,506"
2025-10-28T02:51:37.401089,AVAX/USDT,196404.88893999998,187095.08495999998,9309.803979999997,51.21379460412005,48.786205395879946,2.427589208240099,⚪,"⚪ Buy: 51.2% | Sell: 48.8% | Net: 2.4% | Value: 9,310"
2025-10-28T02:51:39.604370,DOT/USDT,280915.15848,253925.73942,26989.419059999986,52.52312595820283,47.47687404179717,5.04625191640566,⚪,"⚪ Buy: 52.5% | Sell: 47.5% | Net: 5.0% | Value: 26,989"
2025-10-28T02:51:40.865166,LINK/USDT,307465.49381284596,313341.588288514,-5876.09447566804,49.526737480524694,50.473262519475306,-0.9465250389506096,⚪,"⚪ Buy: 49.5% | Sell: 50.5% | Net: -0.9% | Value: -5,876"
2025-10-28T02:51:43.165384,SUI/USDT,1589317.36,1587464.2400000002,1853.119999999879,50.029166625744736,49.97083337425525,0.058333251489491075,⚪,"⚪ Buy: 50.0% | Sell: 50.0% | Net: 0.1% | Value: 1,853"
2025-10-28T02:51:44.958627,SHIB/USDT,144181082549.42096,133829017107.56274,10352065441.858215,51.86181463454581,48.13818536545419,3.7236292690916164,⚪,"⚪ Buy: 51.9% | Sell: 48.1% | Net: 3.7% | Value: 10,352,065,442"
2025-10-28T02:51:48.060813,LTC/USDT,54024.7488,44868.62120000001,9156.127599999993,54.629292944511846,45.370707055488154,9.258585889023694,⚪,"⚪ Buy: 54.6% | Sell: 45.4% | Net: 9.3% | Value: 9,156"
2025-10-28T02:51:49.278163,ATOM/USDT,28194.645060000003,33956.937139999995,-5762.292079999992,45.364323902923914,54.63567609707609,-9.271352194152174,⚪,"⚪ Buy: 45.4% | Sell: 54.6% | Net: -9.3% | Value: -5,762"
2025-10-28T02:51:50.812855,XLM/USDT,2338805.297164888,2776104.110747332,-437298.8135824441,45.72525358019059,54.2747464198094,-8.549492839618807,⚪,"⚪ Buy: 45.7% | Sell: 54.3% | Net: -8.5% | Value: -437,299"
2025-10-28T02:51:52.850768,UNI/USDT,223962.76813999997,234219.06866,-10256.300520000019,48.88076090143257,51.119239098567434,-2.238478197134859,⚪,"⚪ Buy: 48.9% | Sell: 51.1% | Net: -2.2% | Value: -10,256"
2025-10-28T02:51:54.674477,ICP/USDT,86814.94298,112184.90702,-25369.96403999999,43.62563237107968,56.37436762892032,-12.748735257840643,⚪,"⚪ Buy: 43.6% | Sell: 56.4% | Net: -12.7% | Value: -25,370"
2025-10-28T02:51:56.658516,APT/USDT,53228.05016,65861.58514,-12633.534979999997,44.69578735875094,55.30421264124905,-10.608425282498112,⚪,"⚪ Buy: 44.7% | Sell: 55.3% | Net: -10.6% | Value: -12,634"
2025-10-28T02:51:58.747975,NEAR/USDT,568653.16062,647918.76828,-79265.60765999998,46.742255604579405,53.257744395420595,-6.515488790841192,⚪,"⚪ Buy: 46.7% | Sell: 53.3% | Net: -6.5% | Value: -79,266"
2025-10-28T02:51:59.158428,AAPL,44701700.0,0,44701700.0,100.0,0.0,100.0,🟢,"🟢 Buy: 100.0% | Sell: 0.0% | Net: 100.0% | Value: 44,701,700"
2025-10-28T02:51:59.320006,MSFT,18688800.0,0,18688800.0,100.0,0.0,100.0,🟢,"🟢 Buy: 100.0% | Sell: 0.0% | Net: 100.0% | Value: 18,688,800"
2025-10-28T02:51:59.428172,GOOG,22944800.0,0,22944800.0,100.0,0.0,100.0,🟢,"🟢 Buy: 100.0% | Sell: 0.0% | Net: 100.0% | Value: 22,944,800"
2025-10-28T02:51:59.534878,GC=F,0,0,0,0,0,0,⚪,⚪ Buy: 0.0% | Sell: 0.0% | Net: 0.0% | Value: 0
2025-10-28T02:51:59.639673,CL=F,0,0,0,0,0,0,⚪,⚪ Buy: 0.0% | Sell: 0.0% | Net: 0.0% | Value: 0
2025-10-28T02:51:59.738734,TSLA,105362500.0,0,105362500.0,100.0,0.0,100.0,🟢,"🟢 Buy: 100.0% | Sell: 0.0% | Net: 100.0% | Value: 105,362,500"
2025-10-28T02:51:59.863138,NVDA,153082200.0,0,153082200.0,100.0,0.0,100.0,🟢,"🟢 Buy: 100.0% | Sell: 0.0% | Net: 100.0% | Value: 153,082,200"
2025-10-28T03:40:05.861968,BTC/USDT,477.220229396,567.6687087739999,-90.44847937799994,45.67186156949801,54.328138430501994,-8.656276861003986,⚪,⚪ Buy: 45.7% | Sell: 54.3% | Net: -8.7% | Value: -90
2025-10-28T03:40:07.190364,ETH/USDT,46468.239396348006,53327.583525092,-6859.344128743993,46.56331100443767,53.436688995562335,-6.8733779911246575,⚪,"⚪ Buy: 46.6% | Sell: 53.4% | Net: -6.9% | Value: -6,859"
2025-10-28T03:40:09.067283,BNB/USDT,2173.43292,2261.85458,-88.42165999999997,49.00320261087923,50.99679738912077,-1.993594778241545,⚪,⚪ Buy: 49.0% | Sell: 51.0% | Net: -2.0% | Value: -88
2025-10-28T03:40:10.337942,XRP/USDT,7616176.730784407,7196829.271342872,419347.4594415352,51.4154704972823,48.58452950271771,2.830940994564595,⚪,"⚪ Buy: 51.4% | Sell: 48.6% | Net: 2.8% | Value: 419,347"
2025-10-28T03:40:11.806116,SOL/USDT,79042.598872612,85998.71980891799,-6956.12093630599,47.89261228888725,52.10738771111275,-4.214775422225501,⚪,"⚪ Buy: 47.9% | Sell: 52.1% | Net: -4.2% | Value: -6,956"
2025-10-28T03:40:13.099063,DOGE/USDT,13935252.177759998,14882688.466640001,-947436.2888800036,48.35616933810273,51.64383066189726,-3.287661323794532,⚪,"⚪ Buy: 48.4% | Sell: 51.6% | Net: -3.3% | Value: -947,436"
2025-10-28T03:40:14.822592,ADA/USDT,7560134.5940000005,9199941.866,-1639807.2719999999,45.107995849799366,54.892004150200634,-9.784008300401274,⚪,"⚪ Buy: 45.1% | Sell: 54.9% | Net: -9.8% | Value: -1,639,807"
2025-10-28T03:40:15.952267,TRX/USDT,2882509.8649999998,2908823.8350000004,-26313.97000000067,49.772815975014524,50.22718402498547,-0.4543680499709535,⚪,"⚪ Buy: 49.8% | Sell: 50.2% | Net: -0.5% | Value: -26,314"
2025-10-28T03:40:17.171212,AVAX/USDT,190803.06287999995,187886.87282,2916.1900599999644,50.38503664675026,49.61496335324975,0.770073293500513,⚪,"⚪ Buy: 50.4% | Sell: 49.6% | Net: 0.8% | Value: 2,916"
2025-10-28T03:40:18.511019,DOT/USDT,266938.35825999995,257111.32684000005,9827.031419999897,50.93760493512411,49.06239506487589,1.8752098702482165,⚪,"⚪ Buy: 50.9% | Sell: 49.1% | Net: 1.9% | Value: 9,827"
2025-10-28T03:40:19.770911,LINK/USDT,309107.84635594,333543.77068391,-24435.924327970017,48.09882028769136,51.90117971230863,-3.8023594246172694,⚪,"⚪ Buy: 48.1% | Sell: 51.9% | Net: -3.8% | Value: -24,436"
2025-10-28T03:40:21.446515,SUI/USDT,1518447.84,1552916.06,-34468.21999999997,49.43887762697217,50.56112237302782,-1.122244746055652,⚪,"⚪ Buy: 49.4% | Sell: 50.6% | Net: -1.1% | Value: -34,468"
2025-10-28T03:40:22.653891,SHIB/USDT,133622376765.31863,131804001870.44435,1818374894.8742828,50.34253846664004,49.65746153335996,0.6850769332800891,⚪,"⚪ Buy: 50.3% | Sell: 49.7% | Net: 0.7% | Value: 1,818,374,895"
2025-10-28T03:40:23.966384,LTC/USDT,42093.1624,37488.52560000001,4604.636799999993,52.89302534020137,47.10697465979863,5.786050680402748,⚪,"⚪ Buy: 52.9% | Sell: 47.1% | Net: 5.8% | Value: 4,605"
2025-10-28T03:40:25.187251,ATOM/USDT,26339.4494,33135.290499999996,-6795.841099999994,44.286783673685306,55.71321632631469,-11.42643265262938,⚪,"⚪ Buy: 44.3% | Sell: 55.7% | Net: -11.4% | Value: -6,796"
2025-10-28T03:40:26.382696,XLM/USDT,2226973.939164888,2780278.4487473317,-553304.5095824436,44.47496883801833,55.52503116198169,-11.050062323963356,⚪,"⚪ Buy: 44.5% | Sell: 55.5% | Net: -11.1% | Value: -553,305"
2025-10-28T03:40:27.541677,UNI/USDT,213752.49563999998,243094.31335999997,-29341.817719999992,46.78865900538664,53.211340994613366,-6.422681989226719,⚪,"⚪ Buy: 46.8% | Sell: 53.2% | Net: -6.4% | Value: -29,342"
2025-10-28T03:40:28.772625,ICP/USDT,90591.74667999998,120119.42591999998,-29527.679239999998,42.99332852746888,57.00667147253111,-14.013342945062233,⚪,"⚪ Buy: 43.0% | Sell: 57.0% | Net: -14.0% | Value: -29,528"
2025-10-28T03:40:30.194142,APT/USDT,53462.64764,66213.48135999999,-12750.833719999988,44.67277483548955,55.327225164510466,-10.65445032902091,⚪,"⚪ Buy: 44.7% | Sell: 55.3% | Net: -10.7% | Value: -12,751"
2025-10-28T03:40:31.390213,NEAR/USDT,547499.5009199999,661896.0367800001,-114396.53586000018,45.27050777458809,54.72949222541191,-9.458984450823824,⚪,"⚪ Buy: 45.3% | Sell: 54.7% | Net: -9.5% | Value: -114,397"
2025-10-28T03:40:31.842869,AAPL,44701700.0,0,44701700.0,100.0,0.0,100.0,🟢,"🟢 Buy: 100.0% | Sell: 0.0% | Net: 100.0% | Value: 44,701,700"
2025-10-28T03:40:32.085457,MSFT,18688800.0,0,18688800.0,100.0,0.0,100.0,🟢,"🟢 Buy: 100.0% | Sell: 0.0% | Net: 100.0% | Value: 18,688,800"
2025-10-28T03:40:32.233353,GOOG,22944800.0,0,22944800.0,100.0,0.0,100.0,🟢,"🟢 Buy: 100.0% | Sell: 0.0% | Net: 100.0% | Value: 22,944,800"
2025-10-28T03:40:32.397288,GC=F,0,0,0,0,0,0,⚪,⚪ Buy: 0.0% | Sell: 0.0% | Net: 0.0% | Value: 0
2025-10-28T03:40:32.480482,CL=F,0,0,0,0,0,0,⚪,⚪ Buy: 0.0% | Sell: 0.0% | Net: 0.0% | Value: 0
2025-10-28T03:40:32.618180,TSLA,105362500.0,0,105362500.0,100.0,0.0,100.0,🟢,"🟢 Buy: 100.0% | Sell: 0.0% | Net: 100.0% | Value: 105,362,500"
2025-10-28T03:40:32.814211,NVDA,153082200.0,0,153082200.0,100.0,0.0,100.0,🟢,"🟢 Buy: 100.0% | Sell: 0.0% | Net: 100.0% | Value: 153,082,200"
2025-10-28T04:20:31.274040,BTC/USDT,429.01328184799996,555.461854102,-126.448572254,43.57786867151401,56.42213132848599,-12.844262656971983,⚪,⚪ Buy: 43.6% | Sell: 56.4% | Net: -12.8% | Value: -126
2025-10-28T04:20:32.877018,ETH/USDT,42699.047611008,51582.915045232,-8883.867434224005,45.28867071498324,54.71132928501675,-9.422658570033523,⚪,"⚪ Buy: 45.3% | Sell: 54.7% | Net: -9.4% | Value: -8,884"
2025-10-28T04:20:35.199828,BNB/USDT,1964.46526,2160.6611399999997,-196.19587999999976,47.62194099070516,52.378059009294844,-4.75611801858968,⚪,⚪ Buy: 47.6% | Sell: 52.4% | Net: -4.8% | Value: -196
2025-10-28T04:20:37.006026,XRP/USDT,6870600.517584408,6828760.447442872,41840.07014153525,50.152708108970735,49.84729189102927,0.30541621794146173,⚪,"⚪ Buy: 50.2% | Sell: 49.8% | Net: 0.3% | Value: 41,840"
2025-10-28T04:20:38.976545,SOL/USDT,69586.497672612,80902.29200891801,-11315.794336306019,46.240319840350594,53.759680159649406,-7.5193603192988165,⚪,"⚪ Buy: 46.2% | Sell: 53.8% | Net: -7.5% | Value: -11,316"
2025-10-28T04:20:40.866007,DOGE/USDT,13193684.049139997,14083697.397460002,-890013.3483200055,48.368587266958976,51.631412733041024,-3.262825466082052,⚪,"⚪ Buy: 48.4% | Sell: 51.6% | Net: -3.3% | Value: -890,013"
2025-10-28T04:20:42.843828,ADA/USDT,6908564.898,8942084.652,-2033519.7540000007,43.585374064370754,56.414625935629246,-12.82925187125849,⚪,"⚪ Buy: 43.6% | Sell: 56.4% | Net: -12.8% | Value: -2,033,520"
2025-10-28T04:20:45.193137,TRX/USDT,2482291.081,2666274.279,-183983.19800000032,48.213257624838626,51.78674237516139,-3.573484750322765,⚪,"⚪ Buy: 48.2% | Sell: 51.8% | Net: -3.6% | Value: -183,983"
2025-10-28T04:20:46.661495,AVAX/USDT,123919.38075999999,145225.93254,-21306.551780000023,46.041812595813084,53.958187404186916,-7.916374808373833,⚪,"⚪ Buy: 46.0% | Sell: 54.0% | Net: -7.9% | Value: -21,307"
2025-10-28T04:20:48.450458,DOT/USDT,256329.77284000002,263196.96216,-6867.189319999976,49.33909182556313,50.660908174436884,-1.3218163488737449,⚪,"⚪ Buy: 49.3% | Sell: 50.7% | Net: -1.3% | Value: -6,867"
2025-10-28T04:20:50.458063,LINK/USDT,273946.244382148,295795.021273222,-21848.77689107397,48.08257026407053,51.917429735929474,-3.8348594718589415,⚪,"⚪ Buy: 48.1% | Sell: 51.9% | Net: -3.8% | Value: -21,849"
2025-10-28T04:20:51.755654,SUI/USDT,1379956.6199999999,1535513.48,-155556.8600000001,47.33221650944045,52.66778349055956,-5.335566981119104,⚪,"⚪ Buy: 47.3% | Sell: 52.7% | Net: -5.3% | Value: -155,557"
2025-10-28T04:20:53.220708,SHIB/USDT,122528216501.10463,125810214302.91557,-3281997801.8109436,49.33920863734518,50.66079136265481,-1.3215827253096315,⚪,"⚪ Buy: 49.3% | Sell: 50.7% | Net: -1.3% | Value: -3,281,997,802"
2025-10-28T04:20:55.204197,LTC/USDT,37267.846000000005,34008.595,3259.251000000004,52.286345217489185,47.71365478251081,4.572690434978374,⚪,"⚪ Buy: 52.3% | Sell: 47.7% | Net: 4.6% | Value: 3,259"
2025-10-28T04:20:56.817788,ATOM/USDT,24323.94438,32551.735319999996,-8227.790939999995,42.76686363714789,57.23313636285212,-14.466272725704227,⚪,"⚪ Buy: 42.8% | Sell: 57.2% | Net: -14.5% | Value: -8,228"
2025-10-28T04:20:58.492514,XLM/USDT,2100192.567164888,2625212.950747332,-525020.3835824439,44.44470552217909,55.55529447782091,-11.110588955641813,⚪,"⚪ Buy: 44.4% | Sell: 55.6% | Net: -11.1% | Value: -525,020"
2025-10-28T04:21:00.483725,UNI/USDT,209227.34977999996,246088.92562000002,-36861.57584000006,45.95209112527146,54.047908874728535,-8.095817749457076,⚪,"⚪ Buy: 46.0% | Sell: 54.0% | Net: -8.1% | Value: -36,862"
2025-10-28T04:21:02.517961,ICP/USDT,93742.89164,125150.39215999999,-31407.500519999987,42.82584189547437,57.17415810452564,-14.348316209051267,⚪,"⚪ Buy: 42.8% | Sell: 57.2% | Net: -14.3% | Value: -31,408"
2025-10-28T04:21:04.843106,APT/USDT,53132.32794,66594.04475999999,-13461.716819999987,44.378132187412376,55.621867812587624,-11.243735625175244,⚪,"⚪ Buy: 44.4% | Sell: 55.6% | Net: -11.2% | Value: -13,462"
2025-10-28T04:21:07.607588,NEAR/USDT,494781.5489,635904.6312999999,-141123.0823999999,43.75940535617772,56.240594643822284,-12.481189287644565,⚪,"⚪ Buy: 43.8% | Sell: 56.2% | Net: -12.5% | Value: -141,123"
2025-10-28T04:21:08.133202,AAPL,44701700.0,0,44701700.0,100.0,0.0,100.0,🟢,"🟢 Buy: 100.0% | Sell: 0.0% | Net: 100.0% | Value: 44,701,700"
2025-10-28T04:21:08.282684,MSFT,18688800.0,0,18688800.0,100.0,0.0,100.0,🟢,"🟢 Buy: 100.0% | Sell: 0.0% | Net: 100.0% | Value: 18,688,800"
2025-10-28T04:21:08.388211,GOOG,22944800.0,0,22944800.0,100.0,0.0,100.0,🟢,"🟢 Buy: 100.0% | Sell: 0.0% | Net: 100.0% | Value: 22,944,800"
2025-10-28T04:21:08.484155,GC=F,49669.0,0,49669.0,100.0,0.0,100.0,🟢,"🟢 Buy: 100.0% | Sell: 0.0% | Net: 100.0% | Value: 49,669"
2025-10-28T04:21:08.611765,CL=F,0,7288.0,-7288.0,0.0,100.0,-100.0,🔴,"🔴 Buy: 0.0% | Sell: 100.0% | Net: -100.0% | Value: -7,288"
2025-10-28T04:21:08.718181,TSLA,105362500.0,0,105362500.0,100.0,0.0,100.0,🟢,"🟢 Buy: 100.0% | Sell: 0.0% | Net: 100.0% | Value: 105,362,500"
2025-10-28T04:21:08.839376,NVDA,153082200.0,0,153082200.0,100.0,0.0,100.0,🟢,"🟢 Buy: 100.0% | Sell: 0.0% | Net: 100.0% | Value: 153,082,200"
2025-10-28T04:43:45.516485,BTC/USDT,442.04066407999994,575.0029274499999,-132.96226336999996,43.46329574871138,56.53670425128862,-13.07340850257724,⚪,⚪ Buy: 43.5% | Sell: 56.5% | Net: -13.1% | Value: -133
2025-10-28T04:43:46.731738,ETH/USDT,44128.889877707996,52536.143223032,-8407.253345324003,45.65134719575261,54.3486528042474,-8.697305608494789,⚪,"⚪ Buy: 45.7% | Sell: 54.3% | Net: -8.7% | Value: -8,407"
2025-10-28T04:43:47.854696,BNB/USDT,2088.70254,2205.36766,-116.66511999999966,48.641555510666784,51.35844448933322,-2.7168889786664328,⚪,⚪ Buy: 48.6% | Sell: 51.4% | Net: -2.7% | Value: -117
2025-10-28T04:43:48.999393,XRP/USDT,6996642.502704407,7017823.425122872,-21180.922418464907,49.924431931521525,50.07556806847847,-0.15113613695694125,⚪,"⚪ Buy: 49.9% | Sell: 50.1% | Net: -0.2% | Value: -21,181"
2025-10-28T04:43:50.120304,SOL/USDT,72613.539472612,81712.68020891801,-9099.140736306013,47.05197834979592,52.94802165020407,-5.896043300408149,⚪,"⚪ Buy: 47.1% | Sell: 52.9% | Net: -5.9% | Value: -9,099"
2025-10-28T04:43:51.226926,DOGE/USDT,13356084.937219998,14327298.729580002,-971213.792360004,48.24585425674543,51.75414574325457,-3.5082914865091324,⚪,"⚪ Buy: 48.2% | Sell: 51.8% | Net: -3.5% | Value: -971,214"
2025-10-28T04:43:52.419090,ADA/USDT,7063395.634,9195567.326000001,-2132171.6920000017,43.443088291530245,56.55691170846976,-13.113823416939512,⚪,"⚪ Buy: 43.4% | Sell: 56.6% | Net: -13.1% | Value: -2,132,172"
2025-10-28T04:43:53.757337,TRX/USDT,2560618.543,2718492.5870000003,-157874.04400000023,48.50472892015061,51.49527107984938,-2.990542159698771,⚪,"⚪ Buy: 48.5% | Sell: 51.5% | Net: -3.0% | Value: -157,874"
2025-10-28T04:43:54.858048,AVAX/USDT,127875.68595999999,147863.46934,-19987.783380000023,46.37559936704426,53.62440063295574,-7.248801265911481,⚪,"⚪ Buy: 46.4% | Sell: 53.6% | Net: -7.2% | Value: -19,988"
2025-10-28T04:43:56.054037,DOT/USDT,262942.54996000003,267605.48024,-4662.930279999971,49.560555311246546,50.439444688753454,-0.8788893775069134,⚪,"⚪ Buy: 49.6% | Sell: 50.4% | Net: -0.9% | Value: -4,663"
2025-10-28T04:43:57.200259,LINK/USDT,277200.668462148,300676.657393222,-23475.98893107398,47.96877400438537,52.03122599561465,-4.0624519912292785,⚪,"⚪ Buy: 48.0% | Sell: 52.0% | Net: -4.1% | Value: -23,476"
2025-10-28T04:43:58.238005,SUI/USDT,1414494.7199999997,1558538.8800000001,-144044.16000000038,47.577488528888466,52.422511471111534,-4.845022942223068,⚪,"⚪ Buy: 47.6% | Sell: 52.4% | Net: -4.8% | Value: -144,044"
2025-10-28T04:43:59.412931,SHIB/USDT,126071193502.61983,128172198970.59238,-2101005467.9725494,49.58681217876804,50.41318782123195,-0.8263756424639107,⚪,"⚪ Buy: 49.6% | Sell: 50.4% | Net: -0.8% | Value: -2,101,005,468"
2025-10-28T04:44:00.744375,LTC/USDT,37621.11720000001,34538.5018,3082.6154000000097,52.13596984208024,47.86403015791976,4.271939684160484,⚪,"⚪ Buy: 52.1% | Sell: 47.9% | Net: 4.3% | Value: 3,083"
2025-10-28T04:44:01.805158,ATOM/USDT,24329.97246,32555.754039999996,-8225.781579999995,42.76990724553725,57.230092754462746,-14.460185508925505,⚪,"⚪ Buy: 42.8% | Sell: 57.2% | Net: -14.5% | Value: -8,226"
2025-10-28T04:44:03.022406,XLM/USDT,2131933.7131648883,2646373.714747332,-514440.0015824437,44.61692231670391,55.38307768329609,-10.76615536659217,⚪,"⚪ Buy: 44.6% | Sell: 55.4% | Net: -10.8% | Value: -514,440"
2025-10-28T04:44:04.367754,UNI/USDT,211154.34459999995,253918.30920000002,-42763.964600000065,45.40244258068221,54.59755741931779,-9.195114838635577,⚪,"⚪ Buy: 45.4% | Sell: 54.6% | Net: -9.2% | Value: -42,764"
2025-10-28T04:44:05.416466,ICP/USDT,96210.57806,126795.51643999999,-30584.938379999992,43.142577908336044,56.857422091663956,-13.714844183327909,⚪,"⚪ Buy: 43.1% | Sell: 56.9% | Net: -13.7% | Value: -30,585"
2025-10-28T04:44:06.558398,APT/USDT,54753.80298000001,67675.02811999999,-12921.22513999998,44.72296475270359,55.27703524729641,-10.554070494592823,⚪,"⚪ Buy: 44.7% | Sell: 55.3% | Net: -10.6% | Value: -12,921"
2025-10-28T04:44:07.968132,NEAR/USDT,514439.58248000004,649009.9870199999,-134570.40453999984,44.21674956664291,55.78325043335709,-11.566500866714176,⚪,"⚪ Buy: 44.2% | Sell: 55.8% | Net: -11.6% | Value: -134,570"
2025-10-28T04:44:08.559675,AAPL,44701700.0,0,44701700.0,100.0,0.0,100.0,🟢,"🟢 Buy: 100.0% | Sell: 0.0% | Net: 100.0% | Value: 44,701,700"
2025-10-28T04:44:08.767721,MSFT,18688800.0,0,18688800.0,100.0,0.0,100.0,🟢,"🟢 Buy: 100.0% | Sell: 0.0% | Net: 100.0% | Value: 18,688,800"
2025-10-28T04:44:08.887659,GOOG,22944800.0,0,22944800.0,100.0,0.0,100.0,🟢,"🟢 Buy: 100.0% | Sell: 0.0% | Net: 100.0% | Value: 22,944,800"
2025-10-28T04:44:08.995233,GC=F,0,56715.0,-56715.0,0.0,100.0,-100.0,🔴,"🔴 Buy: 0.0% | Sell: 100.0% | Net: -100.0% | Value: -56,715"
2025-10-28T04:44:09.162991,CL=F,0,7916.0,-7916.0,0.0,100.0,-100.0,🔴,"🔴 Buy: 0.0% | Sell: 100.0% | Net: -100.0% | Value: -7,916"
2025-10-28T04:44:09.288613,TSLA,105362500.0,0,105362500.0,100.0,0.0,100.0,🟢,"🟢 Buy: 100.0% | Sell: 0.0% | Net: 100.0% | Value: 105,362,500"
2025-10-28T04:44:09.445895,NVDA,153082200.0,0,153082200.0,100.0,0.0,100.0,🟢,"🟢 Buy: 100.0% | Sell: 0.0% | Net: 100.0% | Value: 153,082,200"
2025-10-28T05:18:26.173170,BTC/USDT,420.216714462,546.736369108,-126.51965464599994,43.45781833701341,56.54218166298659,-13.084363325973186,⚪,⚪ Buy: 43.5% | Sell: 56.5% | Net: -13.1% | Value: -127
2025-10-28T05:18:28.373308,ETH/USDT,40919.676177068,51095.931714271996,-10176.255537203993,44.47036444663768,55.52963555336231,-11.05927110672463,⚪,"⚪ Buy: 44.5% | Sell: 55.5% | Net: -11.1% | Value: -10,176"
2025-10-28T05:18:31.067149,BNB/USDT,2004.1992,2183.4518000000003,-179.25260000000026,47.85974762462297,52.14025237537704,-4.280504750754069,⚪,⚪ Buy: 47.9% | Sell: 52.1% | Net: -4.3% | Value: -179
2025-10-28T05:18:33.748604,XRP/USDT,6663293.229104409,6645444.877022873,17848.352081536315,50.0670550128014,49.93294498719861,0.13411002560279564,⚪,"⚪ Buy: 50.1% | Sell: 49.9% | Net: 0.1% | Value: 17,848"
2025-10-28T05:18:35.090143,SOL/USDT,67623.75207261201,77958.173608918,-10334.421536305992,46.45065090054062,53.54934909945936,-7.09869819891874,⚪,"⚪ Buy: 46.5% | Sell: 53.5% | Net: -7.1% | Value: -10,334"
2025-10-28T05:18:36.592550,DOGE/USDT,13224596.284079997,14055599.65292,-831003.3688400034,48.476910923295605,51.52308907670439,-3.0461781534087793,⚪,"⚪ Buy: 48.5% | Sell: 51.5% | Net: -3.0% | Value: -831,003"
2025-10-28T05:18:38.821743,ADA/USDT,6808737.05,8466486.94,-1657749.8899999997,44.57372968447058,55.426270315529436,-10.852540631058856,⚪,"⚪ Buy: 44.6% | Sell: 55.4% | Net: -10.9% | Value: -1,657,750"
2025-10-28T05:18:40.001431,TRX/USDT,2373741.3370000003,2593907.7830000003,-220166.446,47.78399761454971,52.21600238545028,-4.432004770900566,⚪,"⚪ Buy: 47.8% | Sell: 52.2% | Net: -4.4% | Value: -220,166"
2025-10-28T05:18:41.282590,AVAX/USDT,107101.61291999999,114844.45087999997,-7742.83795999999,48.25569378716777,51.744306212832235,-3.4886124256644697,⚪,"⚪ Buy: 48.3% | Sell: 51.7% | Net: -3.5% | Value: -7,743"
2025-10-28T05:18:42.856151,DOT/USDT,252351.32194000002,260544.66156,-8193.339619999984,49.201266934857955,50.798733065142045,-1.5974661302840916,⚪,"⚪ Buy: 49.2% | Sell: 50.8% | Net: -1.6% | Value: -8,193"
2025-10-28T05:18:44.235186,LINK/USDT,263409.04426525196,269663.488290118,-6254.444024866039,49.41335900436623,50.58664099563378,-1.173281991267557,⚪,"⚪ Buy: 49.4% | Sell: 50.6% | Net: -1.2% | Value: -6,254"
2025-10-28T05:18:46.854210,SUI/USDT,1314024.92,1507090.9800000002,-193066.0600000003,46.57819694681809,53.421803053181904,-6.843606106363807,⚪,"⚪ Buy: 46.6% | Sell: 53.4% | Net: -6.8% | Value: -193,066"
2025-10-28T05:18:49.105652,SHIB/USDT,116471164998.3515,121772179967.7468,-5301014969.395294,48.88747889890699,51.11252110109301,-2.2250422021860135,⚪,"⚪ Buy: 48.9% | Sell: 51.1% | Net: -2.2% | Value: -5,301,014,969"
2025-10-28T05:18:50.429704,LTC/USDT,34150.9394,28697.5226,5453.416800000003,54.338544354514205,45.6614556454858,8.677088709028396,⚪,"⚪ Buy: 54.3% | Sell: 45.7% | Net: 8.7% | Value: 5,453"
2025-10-28T05:18:51.657425,ATOM/USDT,20934.495720000003,26640.591779999995,-5706.096059999993,44.00306298963718,55.99693701036282,-11.993874020725643,⚪,"⚪ Buy: 44.0% | Sell: 56.0% | Net: -12.0% | Value: -5,706"
2025-10-28T05:18:53.502514,XLM/USDT,2147778.7911648885,2578017.526747332,-430238.7355824434,45.447976312989766,54.552023687010234,-9.104047374020466,⚪,"⚪ Buy: 45.4% | Sell: 54.6% | Net: -9.1% | Value: -430,239"
2025-10-28T05:18:56.059429,UNI/USDT,215168.38833999998,241998.92885999999,-26830.54052000001,47.065566641516696,52.93443335848331,-5.86886671696662,⚪,"⚪ Buy: 47.1% | Sell: 52.9% | Net: -5.9% | Value: -26,831"
2025-10-28T05:18:57.923705,ICP/USDT,95906.17465999999,126796.69583999997,-30890.52117999998,43.06463335864367,56.93536664135633,-13.870733282712667,⚪,"⚪ Buy: 43.1% | Sell: 56.9% | Net: -13.9% | Value: -30,891"
2025-10-28T05:18:59.213974,APT/USDT,52386.66996000001,66096.93944,-13710.269479999995,44.21427590304317,55.78572409695681,-11.57144819391364,⚪,"⚪ Buy: 44.2% | Sell: 55.8% | Net: -11.6% | Value: -13,710"
2025-10-28T05:19:00.539955,NEAR/USDT,497635.22462000005,609129.45228,-111494.22765999992,44.96305628526696,55.036943714733034,-10.073887429466074,⚪,"⚪ Buy: 45.0% | Sell: 55.0% | Net: -10.1% | Value: -111,494"
2025-10-28T05:19:00.837422,AAPL,44701700.0,0,44701700.0,100.0,0.0,100.0,🟢,"🟢 Buy: 100.0% | Sell: 0.0% | Net: 100.0% | Value: 44,701,700"
2025-10-28T05:19:01.002870,MSFT,18688800.0,0,18688800.0,100.0,0.0,100.0,🟢,"🟢 Buy: 100.0% | Sell: 0.0% | Net: 100.0% | Value: 18,688,800"
2025-10-28T05:19:01.097012,GOOG,22944800.0,0,22944800.0,100.0,0.0,100.0,🟢,"🟢 Buy: 100.0% | Sell: 0.0% | Net: 100.0% | Value: 22,944,800"
2025-10-28T05:19:01.210986,GC=F,0,62057.0,-62057.0,0.0,100.0,-100.0,🔴,"🔴 Buy: 0.0% | Sell: 100.0% | Net: -100.0% | Value: -62,057"
2025-10-28T05:19:01.294898,CL=F,0,8468.0,-8468.0,0.0,100.0,-100.0,🔴,"🔴 Buy: 0.0% | Sell: 100.0% | Net: -100.0% | Value: -8,468"
2025-10-28T05:19:01.379127,TSLA,105362500.0,0,105362500.0,100.0,0.0,100.0,🟢,"🟢 Buy: 100.0% | Sell: 0.0% | Net: 100.0% | Value: 105,362,500"
2025-10-28T05:19:01.534266,NVDA,153082200.0,0,153082200.0,100.0,0.0,100.0,🟢,"🟢 Buy: 100.0% | Sell: 0.0% | Net: 100.0% | Value: 153,082,200"
2025-10-28T05:42:41.301471,BTC/USDT,433.55807305800005,566.748407002,-133.19033394399997,43.342523686540005,56.65747631346001,-13.314952626920002,⚪,⚪ Buy: 43.3% | Sell: 56.7% | Net: -13.3% | Value: -133
2025-10-28T05:42:42.509715,ETH/USDT,41810.174675908005,52431.679462531996,-10621.504786623991,44.364762406403244,55.63523759359676,-11.27047518719352,⚪,"⚪ Buy: 44.4% | Sell: 55.6% | Net: -11.3% | Value: -10,622"
2025-10-28T05:42:44.195213,BNB/USDT,2226.86496,2517.45044,-290.5854800000002,46.937540451041684,53.06245954895833,-6.1249190979166395,⚪,⚪ Buy: 46.9% | Sell: 53.1% | Net: -6.1% | Value: -291
2025-10-28T05:42:45.393301,XRP/USDT,6936998.648724409,6744043.883302872,192954.76542153675,50.70519028418276,49.29480971581723,1.4103805683655335,⚪,"⚪ Buy: 50.7% | Sell: 49.3% | Net: 1.4% | Value: 192,955"
2025-10-28T05:42:46.718672,SOL/USDT,68817.096872612,79748.190808918,-10931.093936306002,46.321114404685744,53.67888559531426,-7.357771190628524,⚪,"⚪ Buy: 46.3% | Sell: 53.7% | Net: -7.4% | Value: -10,931"
2025-10-28T05:42:48.153085,DOGE/USDT,13534695.598679997,14520748.624820001,-986053.0261400044,48.24267080163703,51.75732919836297,-3.5146583967259364,⚪,"⚪ Buy: 48.2% | Sell: 51.8% | Net: -3.5% | Value: -986,053"
2025-10-28T05:42:49.450145,ADA/USDT,6994296.118,8744825.542,-1750529.4239999996,44.438922762606055,55.56107723739394,-11.122154474787887,⚪,"⚪ Buy: 44.4% | Sell: 55.6% | Net: -11.1% | Value: -1,750,529"
2025-10-28T05:42:50.837231,TRX/USDT,2386638.5190000003,2658638.211,-271999.6919999998,47.30441255696989,52.6955874430301,-5.39117488606021,⚪,"⚪ Buy: 47.3% | Sell: 52.7% | Net: -5.4% | Value: -272,000"
2025-10-28T05:42:52.048410,AVAX/USDT,110157.87267999999,119428.84051999998,-9270.967839999998,47.98094416902868,52.01905583097132,-4.038111661942638,⚪,"⚪ Buy: 48.0% | Sell: 52.0% | Net: -4.0% | Value: -9,271"
2025-10-28T05:42:53.448559,DOT/USDT,253966.82296000002,268035.43074,-14068.607779999962,48.65243802298933,51.34756197701067,-2.695123954021343,⚪,"⚪ Buy: 48.7% | Sell: 51.3% | Net: -2.7% | Value: -14,069"
2025-10-28T05:42:54.720179,LINK/USDT,266222.67130525195,273883.928850118,-7661.257544866065,49.290764309984155,50.709235690015845,-1.4184713800316802,⚪,"⚪ Buy: 49.3% | Sell: 50.7% | Net: -1.4% | Value: -7,661"
2025-10-28T05:42:56.228778,SUI/USDT,1335768.4,1539706.2000000002,-203937.80000000028,46.453841045926815,53.546158954073185,-7.092317908146373,⚪,"⚪ Buy: 46.5% | Sell: 53.5% | Net: -7.1% | Value: -203,938"
2025-10-28T05:42:57.470345,SHIB/USDT,117641464043.54224,125666892097.38318,-8025428053.840942,48.3507701541511,51.6492298458489,-3.2984596916977957,⚪,"⚪ Buy: 48.4% | Sell: 51.6% | Net: -3.3% | Value: -8,025,428,054"
2025-10-28T05:42:58.728525,LTC/USDT,34543.0192,29921.3548,4621.6644000000015,53.58466553944975,46.415334460550255,7.1693310788994875,⚪,"⚪ Buy: 53.6% | Sell: 46.4% | Net: 7.2% | Value: 4,622"
2025-10-28T05:42:59.955425,ATOM/USDT,21214.12296,27060.032639999998,-5845.909679999997,43.945093800874275,56.05490619912572,-12.109812398251451,⚪,"⚪ Buy: 43.9% | Sell: 56.1% | Net: -12.1% | Value: -5,846"
2025-10-28T05:43:01.222676,XLM/USDT,2159066.3691648883,2651034.4687473318,-491968.0995824435,44.88609369989863,55.11390630010137,-10.227812600202736,⚪,"⚪ Buy: 44.9% | Sell: 55.1% | Net: -10.2% | Value: -491,968"
2025-10-28T05:43:02.422546,UNI/USDT,220422.07032,253875.26177999997,-33453.19145999997,46.473394514799125,53.52660548520086,-7.053210970401739,⚪,"⚪ Buy: 46.5% | Sell: 53.5% | Net: -7.1% | Value: -33,453"
2025-10-28T05:43:03.637934,ICP/USDT,99053.25375999999,129943.77493999997,-30890.52117999998,43.25525720674995,56.74474279325005,-13.489485586500095,⚪,"⚪ Buy: 43.3% | Sell: 56.7% | Net: -13.5% | Value: -30,891"
2025-10-28T05:43:04.838612,APT/USDT,52956.50776,68387.49144,-15430.983679999998,43.641637088882106,56.3583629111179,-12.716725822235798,⚪,"⚪ Buy: 43.6% | Sell: 56.4% | Net: -12.7% | Value: -15,431"
2025-10-28T05:43:06.037468,NEAR/USDT,516242.38594000007,637040.19426,-120797.80831999995,44.762870332306086,55.23712966769389,-10.474259335387812,⚪,"⚪ Buy: 44.8% | Sell: 55.2% | Net: -10.5% | Value: -120,798"
2025-10-28T05:43:06.398127,AAPL,44701700.0,0,44701700.0,100.0,0.0,100.0,🟢,"🟢 Buy: 100.0% | Sell: 0.0% | Net: 100.0% | Value: 44,701,700"
2025-10-28T05:43:06.657499,MSFT,18688800.0,0,18688800.0,100.0,0.0,100.0,🟢,"🟢 Buy: 100.0% | Sell: 0.0% | Net: 100.0% | Value: 18,688,800"
2025-10-28T05:43:06.754532,GOOG,22944800.0,0,22944800.0,100.0,0.0,100.0,🟢,"🟢 Buy: 100.0% | Sell: 0.0% | Net: 100.0% | Value: 22,944,800"
2025-10-28T05:43:06.862458,GC=F,0,65691.0,-65691.0,0.0,100.0,-100.0,🔴,"🔴 Buy: 0.0% | Sell: 100.0% | Net: -100.0% | Value: -65,691"
2025-10-28T05:43:07.101233,CL=F,0,9487.0,-9487.0,0.0,100.0,-100.0,🔴,"🔴 Buy: 0.0% | Sell: 100.0% | Net: -100.0% | Value: -9,487"
2025-10-28T05:43:07.330650,TSLA,105362500.0,0,105362500.0,100.0,0.0,100.0,🟢,"🟢 Buy: 100.0% | Sell: 0.0% | Net: 100.0% | Value: 105,362,500"
2025-10-28T05:43:07.562891,NVDA,153082200.0,0,153082200.0,100.0,0.0,100.0,🟢,"🟢 Buy: 100.0% | Sell: 0.0% | Net: 100.0% | Value: 153,082,200"
2025-10-28T06:27:59.225780,BTC/USDT,452.57262999000005,576.44754856,-123.87491856999992,43.98092859828303,56.01907140171697,-12.03814280343394,⚪,⚪ Buy: 44.0% | Sell: 56.0% | Net: -12.0% | Value: -124
2025-10-28T06:28:02.726541,ETH/USDT,42319.98378160801,51465.65029393199,-9145.66651232398,45.12416448293266,54.87583551706734,-9.751671034134683,⚪,"⚪ Buy: 45.1% | Sell: 54.9% | Net: -9.8% | Value: -9,146"
2025-10-28T06:28:04.781841,BNB/USDT,2292.9143799999997,2514.25392,-221.3395400000004,47.697817860880804,52.3021821391192,-4.604364278238406,⚪,⚪ Buy: 47.7% | Sell: 52.3% | Net: -4.6% | Value: -221
2025-10-28T06:28:07.462958,XRP/USDT,6744243.651498004,6766870.510613265,-22626.859115261585,49.91626575409039,50.08373424590962,-0.1674684918192259,⚪,"⚪ Buy: 49.9% | Sell: 50.1% | Net: -0.2% | Value: -22,627"
2025-10-28T06:28:10.139187,SOL/USDT,68268.530686924,76196.369030386,-7927.838343462005,47.25613683359236,52.743863166407635,-5.487726332815277,⚪,"⚪ Buy: 47.3% | Sell: 52.7% | Net: -5.5% | Value: -7,928"
2025-10-28T06:28:12.940156,DOGE/USDT,13647456.956921114,14420327.55034741,-772870.5934262965,48.62320698445908,51.37679301554091,-2.753586031081831,⚪,"⚪ Buy: 48.6% | Sell: 51.4% | Net: -2.8% | Value: -772,871"
2025-10-28T06:28:16.493062,ADA/USDT,7322715.114,9237454.036,-1914738.9220000003,44.218842498960825,55.78115750103917,-11.562315002078346,⚪,"⚪ Buy: 44.2% | Sell: 55.8% | Net: -11.6% | Value: -1,914,739"
2025-10-28T06:28:19.535360,TRX/USDT,2854982.0910000005,3550148.239,-695166.1479999996,44.57336453604997,55.426635463950035,-10.853270927900066,⚪,"⚪ Buy: 44.6% | Sell: 55.4% | Net: -10.9% | Value: -695,166"
2025-10-28T06:28:22.258162,AVAX/USDT,109128.48941999998,119785.25718,-10656.767760000017,47.672318085243376,52.32768191475663,-4.6553638295132505,⚪,"⚪ Buy: 47.7% | Sell: 52.3% | Net: -4.7% | Value: -10,657"
2025-10-28T06:28:25.437996,DOT/USDT,268299.22061,279689.25889,-11390.038279999979,48.96074108251395,51.03925891748605,-2.0785178349721085,⚪,"⚪ Buy: 49.0% | Sell: 51.0% | Net: -2.1% | Value: -11,390"
2025-10-28T06:28:27.975730,LINK/USDT,256622.50988095198,251309.443113668,5313.066767283977,50.52300970001588,49.47699029998412,1.0460194000317704,⚪,"⚪ Buy: 50.5% | Sell: 49.5% | Net: 1.0% | Value: 5,313"
2025-10-28T06:28:30.275150,SUI/USDT,1418806.02,1613278.68,-194472.65999999992,46.793086617929895,53.2069133820701,-6.413826764140194,⚪,"⚪ Buy: 46.8% | Sell: 53.2% | Net: -6.4% | Value: -194,473"
2025-10-28T06:28:32.236868,SHIB/USDT,104442657308.27579,118858595961.71342,-14415938653.437637,46.77208738367277,53.227912616327245,-6.455825232654474,⚪,"⚪ Buy: 46.8% | Sell: 53.2% | Net: -6.5% | Value: -14,415,938,653"
2025-10-28T06:28:36.320263,LTC/USDT,29268.937599999997,26801.573399999997,2467.3642,52.20023338114397,47.79976661885603,4.400466762287934,⚪,"⚪ Buy: 52.2% | Sell: 47.8% | Net: 4.4% | Value: 2,467"
2025-10-28T06:28:38.629501,ATOM/USDT,21613.856700000004,26880.769399999997,-5266.9126999999935,44.569591392313065,55.43040860768694,-10.860817215373878,⚪,"⚪ Buy: 44.6% | Sell: 55.4% | Net: -10.9% | Value: -5,267"
2025-10-28T06:28:41.670401,XLM/USDT,2182722.859,2662048.991,-479326.13199999975,45.05316094502985,54.946839054970155,-9.893678109940302,⚪,"⚪ Buy: 45.1% | Sell: 54.9% | Net: -9.9% | Value: -479,326"
2025-10-28T06:28:43.953900,UNI/USDT,236182.75072,263152.92518,-26970.17446000001,47.29939439922963,52.70060560077038,-5.4012112015407485,⚪,"⚪ Buy: 47.3% | Sell: 52.7% | Net: -5.4% | Value: -26,970"
2025-10-28T06:28:47.653381,ICP/USDT,97960.81577999999,129855.32291999999,-31894.50714,42.999945631156464,57.000054368843536,-14.000108737687075,⚪,"⚪ Buy: 43.0% | Sell: 57.0% | Net: -14.0% | Value: -31,895"
2025-10-28T06:28:49.344748,APT/USDT,54300.88414,67901.34386,-13600.459719999992,44.43526523919024,55.564734760809756,-11.129469521619518,⚪,"⚪ Buy: 44.4% | Sell: 55.6% | Net: -11.1% | Value: -13,600"
2025-10-28T06:28:51.985435,NEAR/USDT,513728.81998000003,612660.9602200001,-98932.1402400001,45.60844114625961,54.3915588537404,-8.783117707480784,⚪,"⚪ Buy: 45.6% | Sell: 54.4% | Net: -8.8% | Value: -98,932"
2025-10-28T06:28:52.416873,AAPL,44701700.0,0,44701700.0,100.0,0.0,100.0,🟢,"🟢 Buy: 100.0% | Sell: 0.0% | Net: 100.0% | Value: 44,701,700"
2025-10-28T06:28:52.575975,MSFT,18688800.0,0,18688800.0,100.0,0.0,100.0,🟢,"🟢 Buy: 100.0% | Sell: 0.0% | Net: 100.0% | Value: 18,688,800"
2025-10-28T06:28:52.684053,GOOG,22944800.0,0,22944800.0,100.0,0.0,100.0,🟢,"🟢 Buy: 100.0% | Sell: 0.0% | Net: 100.0% | Value: 22,944,800"
2025-10-28T06:28:52.793958,GC=F,0,74919.0,-74919.0,0.0,100.0,-100.0,🔴,"🔴 Buy: 0.0% | Sell: 100.0% | Net: -100.0% | Value: -74,919"
2025-10-28T06:28:52.899669,CL=F,0,10700.0,-10700.0,0.0,100.0,-100.0,🔴,"🔴 Buy: 0.0% | Sell: 100.0% | Net: -100.0% | Value: -10,700"
2025-10-28T06:28:53.008603,TSLA,105362500.0,0,105362500.0,100.0,0.0,100.0,🟢,"🟢 Buy: 100.0% | Sell: 0.0% | Net: 100.0% | Value: 105,362,500"
2025-10-28T06:28:53.159832,NVDA,153082200.0,0,153082200.0,100.0,0.0,100.0,🟢,"🟢 Buy: 100.0% | Sell: 0.0% | Net: 100.0% | Value: 153,082,200"
2025-10-28T06:52:38.662922,BTC/USDT,475.646638008,591.830220572,-116.183582564,44.558028043879474,55.441971956120526,-10.88394391224106,⚪,⚪ Buy: 44.6% | Sell: 55.4% | Net: -10.9% | Value: -116
2025-10-28T06:52:40.263843,ETH/USDT,44173.89880012801,52701.593639611994,-8527.694839483986,45.59863148835681,54.40136851164319,-8.802737023286374,⚪,"⚪ Buy: 45.6% | Sell: 54.4% | Net: -8.8% | Value: -8,528"
2025-10-28T06:52:41.499256,BNB/USDT,2331.1843599999997,2539.76724,-208.5828800000004,47.85891036158109,52.141089638418904,-4.282179276837823,⚪,⚪ Buy: 47.9% | Sell: 52.1% | Net: -4.3% | Value: -209
2025-10-28T06:52:42.687970,XRP/USDT,7243838.505998004,6891485.650413265,352352.8555847388,51.24635576689243,48.75364423310758,2.492711533784843,⚪,"⚪ Buy: 51.2% | Sell: 48.8% | Net: 2.5% | Value: 352,353"
2025-10-28T06:52:43.946220,SOL/USDT,71313.55732909,78226.38679183001,-6912.829462740003,47.688634463728896,52.31136553627109,-4.6227310725421935,⚪,"⚪ Buy: 47.7% | Sell: 52.3% | Net: -4.6% | Value: -6,913"
2025-10-28T06:52:45.134566,DOGE/USDT,14116095.786701113,14732753.43686741,-616657.6501662973,48.93122660563093,51.068773394369074,-2.137546788738142,⚪,"⚪ Buy: 48.9% | Sell: 51.1% | Net: -2.1% | Value: -616,658"
2025-10-28T06:52:46.284072,ADA/USDT,7935017.036,9307004.204,-1371987.1679999996,46.02138534426257,53.978614655737424,-7.95722931147485,⚪,"⚪ Buy: 46.0% | Sell: 54.0% | Net: -8.0% | Value: -1,371,987"
2025-10-28T06:52:47.389245,TRX/USDT,3310286.887,3362407.693,-52120.805999999866,49.609447087865966,50.390552912134034,-0.7811058242680705,⚪,"⚪ Buy: 49.6% | Sell: 50.4% | Net: -0.8% | Value: -52,121"
2025-10-28T06:52:48.539217,AVAX/USDT,112204.45049999999,121835.8979,-9631.447400000005,47.94235321690369,52.05764678309631,-4.1152935661926255,⚪,"⚪ Buy: 47.9% | Sell: 52.1% | Net: -4.1% | Value: -9,631"
2025-10-28T06:52:50.592133,DOT/USDT,279211.28698000003,280400.79092,-1189.503939999966,49.89372066946235,50.10627933053765,-0.2125586610753109,⚪,"⚪ Buy: 49.9% | Sell: 50.1% | Net: -0.2% | Value: -1,190"
2025-10-28T06:52:51.813517,LINK/USDT,267140.67470095196,258321.552993668,8819.12170728395,50.83917751290863,49.16082248709138,1.678355025817253,⚪,"⚪ Buy: 50.8% | Sell: 49.2% | Net: 1.7% | Value: 8,819"
2025-10-28T06:52:52.942978,SUI/USDT,1475866.02,1651318.68,-175452.65999999992,47.194718623431484,52.805281376568516,-5.610562753137028,⚪,"⚪ Buy: 47.2% | Sell: 52.8% | Net: -5.6% | Value: -175,453"
2025-10-28T06:52:54.156047,SHIB/USDT,106941708674.55449,120524630205.89923,-13582921531.344742,47.01430075364176,52.98569924635823,-5.971398492716466,⚪,"⚪ Buy: 47.0% | Sell: 53.0% | Net: -6.0% | Value: -13,582,921,531"
2025-10-28T06:52:55.324203,LTC/USDT,32252.945799999998,28790.9122,3462.033599999999,52.83569364177474,47.16430635822527,5.671387283549476,⚪,"⚪ Buy: 52.8% | Sell: 47.2% | Net: 5.7% | Value: 3,462"
2025-10-28T06:52:56.501248,ATOM/USDT,32324.728020000002,34021.35028,-1696.6222599999965,48.7213846669819,51.27861533301811,-2.557230666036212,⚪,"⚪ Buy: 48.7% | Sell: 51.3% | Net: -2.6% | Value: -1,697"
2025-10-28T06:52:57.721894,XLM/USDT,2395173.7660000003,2787369.454,-392195.6879999996,46.21618507216231,53.78381492783768,-7.567629855675367,⚪,"⚪ Buy: 46.2% | Sell: 53.8% | Net: -7.6% | Value: -392,196"
2025-10-28T06:52:59.637782,UNI/USDT,251380.70260000002,273284.8931,-21904.190499999968,47.91255700016163,52.08744299983839,-4.174885999676759,⚪,"⚪ Buy: 47.9% | Sell: 52.1% | Net: -4.2% | Value: -21,904"
2025-10-28T06:53:01.375554,ICP/USDT,102164.8902,132658.0392,-30493.149000000005,43.5072036879206,56.4927963120794,-12.98559262415879,⚪,"⚪ Buy: 43.5% | Sell: 56.5% | Net: -13.0% | Value: -30,493"
2025-10-28T06:53:02.605511,APT/USDT,58327.86538,70585.99801999998,-12258.132639999982,45.24561117140487,54.75438882859513,-9.508777657190267,⚪,"⚪ Buy: 45.2% | Sell: 54.8% | Net: -9.5% | Value: -12,258"
2025-10-28T06:53:03.773743,NEAR/USDT,559704.84016,643311.64034,-83606.80018000002,46.52511825335713,53.47488174664288,-6.949763493285745,⚪,"⚪ Buy: 46.5% | Sell: 53.5% | Net: -6.9% | Value: -83,607"
2025-10-28T06:53:04.091159,AAPL,44701700.0,0,44701700.0,100.0,0.0,100.0,🟢,"🟢 Buy: 100.0% | Sell: 0.0% | Net: 100.0% | Value: 44,701,700"
2025-10-28T06:53:04.336865,MSFT,18688800.0,0,18688800.0,100.0,0.0,100.0,🟢,"🟢 Buy: 100.0% | Sell: 0.0% | Net: 100.0% | Value: 18,688,800"
2025-10-28T06:53:04.422364,GOOG,22944800.0,0,22944800.0,100.0,0.0,100.0,🟢,"🟢 Buy: 100.0% | Sell: 0.0% | Net: 100.0% | Value: 22,944,800"
2025-10-28T06:53:04.620599,GC=F,0,81056.0,-81056.0,0.0,100.0,-100.0,🔴,"🔴 Buy: 0.0% | Sell: 100.0% | Net: -100.0% | Value: -81,056"
2025-10-28T06:53:04.845912,CL=F,0,11607.0,-11607.0,0.0,100.0,-100.0,🔴,"🔴 Buy: 0.0% | Sell: 100.0% | Net: -100.0% | Value: -11,607"
2025-10-28T06:53:05.082740,TSLA,105362500.0,0,105362500.0,100.0,0.0,100.0,🟢,"🟢 Buy: 100.0% | Sell: 0.0% | Net: 100.0% | Value: 105,362,500"
2025-10-28T06:53:05.287853,NVDA,153082200.0,0,153082200.0,100.0,0.0,100.0,🟢,"🟢 Buy: 100.0% | Sell: 0.0% | Net: 100.0% | Value: 153,082,200"
2025-10-28T07:17:45.073740,BTC/USDT,446.2987513720001,532.130833168,-85.8320817959999,45.61378339574876,54.386216604251246,-8.77243320850249,⚪,⚪ Buy: 45.6% | Sell: 54.4% | Net: -8.8% | Value: -86
2025-10-28T07:17:46.261956,ETH/USDT,42669.171906244,48619.72332218599,-5950.551415941991,46.74081310708599,53.25918689291401,-6.518373785828024,⚪,"⚪ Buy: 46.7% | Sell: 53.3% | Net: -6.5% | Value: -5,951"
2025-10-28T07:17:47.480129,BNB/USDT,2236.42456,2359.65104,-123.22648000000027,48.65943806494392,51.34056193505607,-2.6811238701121507,⚪,⚪ Buy: 48.7% | Sell: 51.3% | Net: -2.7% | Value: -123
2025-10-28T07:17:48.667918,XRP/USDT,7031014.4813180035,6215031.580193266,815982.9011247372,53.08009989296247,46.91990010703752,6.160199785924948,⚪,"⚪ Buy: 53.1% | Sell: 46.9% | Net: 6.2% | Value: 815,983"
2025-10-28T07:17:50.688174,SOL/USDT,70975.605033166,72574.612347944,-1599.0073147780058,49.44304949725961,50.55695050274037,-1.1139010054807634,⚪,"⚪ Buy: 49.4% | Sell: 50.6% | Net: -1.1% | Value: -1,599"
2025-10-28T07:17:52.035465,DOGE/USDT,13717440.563934807,13997241.284867954,-279800.7209331468,49.49521210010709,50.50478789989291,-1.009575799785823,⚪,"⚪ Buy: 49.5% | Sell: 50.5% | Net: -1.0% | Value: -279,801"
2025-10-28T07:17:53.238288,ADA/USDT,7893701.428,9070514.821999999,-1176813.3939999985,46.53148316238895,53.46851683761105,-6.937033675222093,⚪,"⚪ Buy: 46.5% | Sell: 53.5% | Net: -6.9% | Value: -1,176,813"
2025-10-28T07:17:54.381566,TRX/USDT,3364321.3670000006,3329509.623,34811.74400000041,50.26002855503826,49.739971444961746,0.5200571100765186,⚪,"⚪ Buy: 50.3% | Sell: 49.7% | Net: 0.5% | Value: 34,812"
2025-10-28T07:17:55.522258,AVAX/USDT,117005.85224,120986.27246,-3980.42022,49.16374959360157,50.836250406398435,-1.672500812796853,⚪,"⚪ Buy: 49.2% | Sell: 50.8% | Net: -1.7% | Value: -3,980"
2025-10-28T07:17:57.061587,DOT/USDT,268069.86498,262270.15251999995,5799.712460000068,50.546791894692355,49.453208105307645,1.0935837893847165,⚪,"⚪ Buy: 50.5% | Sell: 49.5% | Net: 1.1% | Value: 5,800"
2025-10-28T07:17:58.260042,LINK/USDT,252981.81907226,233743.54110063,19238.277971629985,51.976297060502084,48.02370293949792,3.9525941210041626,⚪,"⚪ Buy: 52.0% | Sell: 48.0% | Net: 4.0% | Value: 19,238"
2025-10-28T07:17:59.482075,SUI/USDT,1389935.8199999998,1504950.6800000002,-115014.86000000034,48.013482393869324,51.986517606130676,-3.9730352122613564,⚪,"⚪ Buy: 48.0% | Sell: 52.0% | Net: -4.0% | Value: -115,015"
2025-10-28T07:18:00.602375,SHIB/USDT,98209049116.1115,105437977770.3746,-7228928654.263107,48.225132778812295,51.774867221187705,-3.5497344423754096,⚪,"⚪ Buy: 48.2% | Sell: 51.8% | Net: -3.5% | Value: -7,228,928,654"
2025-10-28T07:18:01.827538,LTC/USDT,31587.8748,30330.312199999997,1257.5626000000047,51.015503409361784,48.98449659063822,2.0310068187235597,⚪,"⚪ Buy: 51.0% | Sell: 49.0% | Net: 2.0% | Value: 1,258"
2025-10-28T07:18:03.021186,ATOM/USDT,33383.35916,34848.96463999999,-1465.605479999991,48.92601819901671,51.073981800983304,-2.147963601966597,⚪,"⚪ Buy: 48.9% | Sell: 51.1% | Net: -2.1% | Value: -1,466"
2025-10-28T07:18:04.710655,XLM/USDT,2767853.4620000008,3193268.468,-425415.0059999991,46.431753862816905,53.568246137183095,-7.136492274366196,⚪,"⚪ Buy: 46.4% | Sell: 53.6% | Net: -7.1% | Value: -425,415"
2025-10-28T07:18:05.889627,UNI/USDT,251567.23031999997,269769.09348,-18201.863160000008,48.25430702513424,51.745692974865754,-3.491385949731517,⚪,"⚪ Buy: 48.3% | Sell: 51.7% | Net: -3.5% | Value: -18,202"
2025-10-28T07:18:07.177200,ICP/USDT,101776.84323999999,131582.04966,-29805.206420000002,43.61386959596773,56.38613040403227,-12.772260808064539,⚪,"⚪ Buy: 43.6% | Sell: 56.4% | Net: -12.8% | Value: -29,805"
2025-10-28T07:18:08.433459,APT/USDT,56573.85374,67117.07156,-10543.217819999998,45.738079493532574,54.26192050646742,-8.523841012934842,⚪,"⚪ Buy: 45.7% | Sell: 54.3% | Net: -8.5% | Value: -10,543"
2025-10-28T07:18:09.939121,NEAR/USDT,550993.2502400001,622753.9960599999,-71760.74581999984,46.9430920478744,53.0569079521256,-6.113815904251195,⚪,"⚪ Buy: 46.9% | Sell: 53.1% | Net: -6.1% | Value: -71,761"
2025-10-28T07:18:10.328797,AAPL,44701700.0,0,44701700.0,100.0,0.0,100.0,🟢,"🟢 Buy: 100.0% | Sell: 0.0% | Net: 100.0% | Value: 44,701,700"
2025-10-28T07:18:10.476886,MSFT,18688800.0,0,18688800.0,100.0,0.0,100.0,🟢,"🟢 Buy: 100.0% | Sell: 0.0% | Net: 100.0% | Value: 18,688,800"
2025-10-28T07:18:10.667239,GOOG,22944800.0,0,22944800.0,100.0,0.0,100.0,🟢,"🟢 Buy: 100.0% | Sell: 0.0% | Net: 100.0% | Value: 22,944,800"
2025-10-28T07:18:10.856983,GC=F,0,88053.0,-88053.0,0.0,100.0,-100.0,🔴,"🔴 Buy: 0.0% | Sell: 100.0% | Net: -100.0% | Value: -88,053"
2025-10-28T07:18:10.992560,CL=F,13147.0,0,13147.0,100.0,0.0,100.0,🟢,"🟢 Buy: 100.0% | Sell: 0.0% | Net: 100.0% | Value: 13,147"
2025-10-28T07:18:11.093554,TSLA,105362500.0,0,105362500.0,100.0,0.0,100.0,🟢,"🟢 Buy: 100.0% | Sell: 0.0% | Net: 100.0% | Value: 105,362,500"
2025-10-28T07:18:11.212071,NVDA,153082200.0,0,153082200.0,100.0,0.0,100.0,🟢,"🟢 Buy: 100.0% | Sell: 0.0% | Net: 100.0% | Value: 153,082,200"
2025-10-28T07:39:20.910255,BTC/USDT,464.3653096240001,544.175205336,-79.8098957119999,46.043297491367255,53.956702508632745,-7.913405017265494,⚪,⚪ Buy: 46.0% | Sell: 54.0% | Net: -7.9% | Value: -80
2025-10-28T07:39:22.166277,ETH/USDT,44207.202752584,49645.077219745996,-5437.874467161993,47.102960914340485,52.897039085659515,-5.794078171319029,⚪,"⚪ Buy: 47.1% | Sell: 52.9% | Net: -5.8% | Value: -5,438"
2025-10-28T07:39:23.873412,BNB/USDT,2262.2299599999997,2376.8546400000005,-114.62468000000081,48.764576528740164,51.235423471259836,-2.470846942519669,⚪,⚪ Buy: 48.8% | Sell: 51.2% | Net: -2.5% | Value: -115
2025-10-28T07:39:25.849366,XRP/USDT,7075576.733778004,6526936.127833267,548640.6059447369,52.01668842928684,47.98331157071317,4.033376858573676,⚪,"⚪ Buy: 52.0% | Sell: 48.0% | Net: 4.0% | Value: 548,641"
2025-10-28T07:39:27.137733,SOL/USDT,73404.736833166,74194.033547944,-789.296714778,49.73262083663028,50.26737916336972,-0.5347583267394319,⚪,⚪ Buy: 49.7% | Sell: 50.3% | Net: -0.5% | Value: -789
2025-10-28T07:39:28.467019,DOGE/USDT,13966053.536134807,14370160.743167954,-404107.2070331462,49.28694213868874,50.71305786131126,-1.4261157226225267,⚪,"⚪ Buy: 49.3% | Sell: 50.7% | Net: -1.4% | Value: -404,107"
2025-10-28T07:39:29.775670,ADA/USDT,8178777.552,9498129.007999998,-1319351.4559999974,46.268149487802695,53.7318505121973,-7.463701024394608,⚪,"⚪ Buy: 46.3% | Sell: 53.7% | Net: -7.5% | Value: -1,319,351"
2025-10-28T07:39:31.008225,TRX/USDT,3651567.7370000007,3499892.563,151675.17400000058,51.060448968723215,48.939551031276785,2.120897937446434,⚪,"⚪ Buy: 51.1% | Sell: 48.9% | Net: 2.1% | Value: 151,675"
2025-10-28T07:39:32.266389,AVAX/USDT,118684.5459,127482.84229999999,-8798.296399999992,48.21294435783432,51.78705564216568,-3.574111284331363,⚪,"⚪ Buy: 48.2% | Sell: 51.8% | Net: -3.6% | Value: -8,798"
2025-10-28T07:39:33.536118,DOT/USDT,272837.74734,269421.97605999996,3415.7712800000445,50.314957125949064,49.68504287405092,0.6299142518981421,⚪,"⚪ Buy: 50.3% | Sell: 49.7% | Net: 0.6% | Value: 3,416"
2025-10-28T07:39:34.783458,LINK/USDT,256505.59191226,239029.20036063,17476.39155162999,51.76338693308197,48.23661306691804,3.5267738661639276,⚪,"⚪ Buy: 51.8% | Sell: 48.2% | Net: 3.5% | Value: 17,476"
2025-10-28T07:39:36.198627,SUI/USDT,1442893.18,1584386.7200000002,-141493.54000000027,47.66302514676624,52.336974853233755,-4.67394970646752,⚪,"⚪ Buy: 47.7% | Sell: 52.3% | Net: -4.7% | Value: -141,494"
2025-10-28T07:39:37.497266,SHIB/USDT,99788265006.6939,107806801606.24821,-8018536599.554321,48.068707332408636,51.931292667591364,-3.8625853351827297,⚪,"⚪ Buy: 48.1% | Sell: 51.9% | Net: -3.9% | Value: -8,018,536,600"
2025-10-28T07:39:38.836426,LTC/USDT,33809.8824,33663.323599999996,146.55880000000616,50.10860518470102,49.891394815298966,0.21721036940205,⚪,⚪ Buy: 50.1% | Sell: 49.9% | Net: 0.2% | Value: 147
2025-10-28T07:39:40.090371,ATOM/USDT,34831.8684,37021.7285,-2189.860099999998,48.4761652899244,51.52383471007559,-3.0476694201511823,⚪,"⚪ Buy: 48.5% | Sell: 51.5% | Net: -3.0% | Value: -2,190"
2025-10-28T07:39:41.367623,XLM/USDT,2848869.5300000007,3314792.57,-465923.0399999991,46.22040410034808,53.77959589965192,-7.559191799303844,⚪,"⚪ Buy: 46.2% | Sell: 53.8% | Net: -7.6% | Value: -465,923"
2025-10-28T07:39:42.586285,UNI/USDT,260290.35903999995,282853.78656,-22563.427520000027,47.92288771748845,52.07711228251155,-4.1542245650231,⚪,"⚪ Buy: 47.9% | Sell: 52.1% | Net: -4.2% | Value: -22,563"
2025-10-28T07:39:43.848535,ICP/USDT,102121.97892,132099.75318,-29977.774260000006,43.6005566197416,56.3994433802584,-12.798886760516792,⚪,"⚪ Buy: 43.6% | Sell: 56.4% | Net: -12.8% | Value: -29,978"
2025-10-28T07:39:45.501971,APT/USDT,57711.2083,68823.10339999999,-11111.895099999994,45.60913757276162,54.39086242723838,-8.78172485447676,⚪,"⚪ Buy: 45.6% | Sell: 54.4% | Net: -8.8% | Value: -11,112"
2025-10-28T07:39:46.764025,NEAR/USDT,562683.0611200001,640288.7123799999,-77605.65125999984,46.774419276929116,53.22558072307088,-6.451161446141765,⚪,"⚪ Buy: 46.8% | Sell: 53.2% | Net: -6.5% | Value: -77,606"
2025-10-28T07:39:47.488662,AAPL,44701700.0,0,44701700.0,100.0,0.0,100.0,🟢,"🟢 Buy: 100.0% | Sell: 0.0% | Net: 100.0% | Value: 44,701,700"
2025-10-28T07:39:47.787436,MSFT,18688800.0,0,18688800.0,100.0,0.0,100.0,🟢,"🟢 Buy: 100.0% | Sell: 0.0% | Net: 100.0% | Value: 18,688,800"
2025-10-28T07:39:48.023689,GOOG,22944800.0,0,22944800.0,100.0,0.0,100.0,🟢,"🟢 Buy: 100.0% | Sell: 0.0% | Net: 100.0% | Value: 22,944,800"
2025-10-28T07:39:48.244276,GC=F,0,93866.0,-93866.0,0.0,100.0,-100.0,🔴,"🔴 Buy: 0.0% | Sell: 100.0% | Net: -100.0% | Value: -93,866"
2025-10-28T07:39:48.494437,CL=F,0,14997.0,-14997.0,0.0,100.0,-100.0,🔴,"🔴 Buy: 0.0% | Sell: 100.0% | Net: -100.0% | Value: -14,997"
2025-10-28T07:39:48.761852,TSLA,105362500.0,0,105362500.0,100.0,0.0,100.0,🟢,"🟢 Buy: 100.0% | Sell: 0.0% | Net: 100.0% | Value: 105,362,500"
2025-10-28T07:39:49.040283,NVDA,153082200.0,0,153082200.0,100.0,0.0,100.0,🟢,"🟢 Buy: 100.0% | Sell: 0.0% | Net: 100.0% | Value: 153,082,200"
2025-10-28T08:24:22.467338,BTC/USDT,453.2347130940001,507.763955766,-54.529242671999896,47.16288666993233,52.83711333006767,-5.674226660135344,⚪,⚪ Buy: 47.2% | Sell: 52.8% | Net: -5.7% | Value: -55
2025-10-28T08:24:23.477820,ETH/USDT,42290.82105230801,44658.135676282,-2367.314623973987,48.63867565923561,51.36132434076439,-2.7226486815287823,⚪,"⚪ Buy: 48.6% | Sell: 51.4% | Net: -2.7% | Value: -2,367"
2025-10-28T08:24:24.558182,BNB/USDT,2235.92128,2245.6607200000008,-9.73944000000074,49.891339263679654,50.10866073632035,-0.2173214726407046,⚪,⚪ Buy: 49.9% | Sell: 50.1% | Net: -0.2% | Value: -10
2025-10-28T08:24:26.073792,XRP/USDT,6848165.733140487,5995918.226026992,852247.5071134949,53.317665587607756,46.68233441239224,6.635331175215514,⚪,"⚪ Buy: 53.3% | Sell: 46.7% | Net: 6.6% | Value: 852,248"
2025-10-28T08:24:27.133109,SOL/USDT,72947.55784190999,68562.54756106001,4385.01028084998,51.549362947742516,48.45063705225749,3.0987258954850216,⚪,"⚪ Buy: 51.5% | Sell: 48.5% | Net: 3.1% | Value: 4,385"
2025-10-28T08:24:28.311133,DOGE/USDT,13705665.85513481,13684881.028267952,20784.826866857708,50.03794160619599,49.96205839380401,0.07588321239198122,⚪,"⚪ Buy: 50.0% | Sell: 50.0% | Net: 0.1% | Value: 20,785"
2025-10-28T08:24:29.393832,ADA/USDT,7951657.108,8949650.942,-997993.8339999998,47.047584035958685,52.95241596404131,-5.90483192808263,⚪,"⚪ Buy: 47.0% | Sell: 53.0% | Net: -5.9% | Value: -997,994"
2025-10-28T08:24:30.470187,TRX/USDT,3922884.5230000005,3819104.3670000006,103780.15599999996,50.670242217307035,49.32975778269297,1.3404844346140616,⚪,"⚪ Buy: 50.7% | Sell: 49.3% | Net: 1.3% | Value: 103,780"
2025-10-28T08:24:31.522932,AVAX/USDT,118156.05081999999,123647.61338000001,-5491.56256000002,48.86445836580503,51.13554163419497,-2.2710832683899502,⚪,"⚪ Buy: 48.9% | Sell: 51.1% | Net: -2.3% | Value: -5,492"
2025-10-28T08:24:32.710485,DOT/USDT,258359.80542,243997.34537999998,14362.460040000005,51.42950687744048,48.57049312255953,2.859013754880944,⚪,"⚪ Buy: 51.4% | Sell: 48.6% | Net: 2.9% | Value: 14,362"
2025-10-28T08:24:33.776509,LINK/USDT,233556.22123225997,201917.77474062997,31638.44649162999,53.63264474850521,46.367355251494786,7.2652894970104285,⚪,"⚪ Buy: 53.6% | Sell: 46.4% | Net: 7.3% | Value: 31,638"
2025-10-28T08:24:34.913149,SUI/USDT,1368024.08,1447661.82,-79637.73999999999,48.58581988850389,51.4141801114961,-2.8283602229922016,⚪,"⚪ Buy: 48.6% | Sell: 51.4% | Net: -2.8% | Value: -79,638"
2025-10-28T08:24:35.969326,SHIB/USDT,91022093851.90103,93519260244.85457,-2497166392.953537,49.32341279135616,50.67658720864383,-1.3531744172876636,⚪,"⚪ Buy: 49.3% | Sell: 50.7% | Net: -1.4% | Value: -2,497,166,393"
2025-10-28T08:24:37.050197,LTC/USDT,34351.9088,34476.3632,-124.45440000000235,49.90959064031129,50.09040935968871,-0.18081871937741276,⚪,⚪ Buy: 49.9% | Sell: 50.1% | Net: -0.2% | Value: -124
2025-10-28T08:24:38.118515,ATOM/USDT,30902.59279596,30962.78483064,-60.19203467999978,49.95135240663744,50.04864759336256,-0.09729518672511789,⚪,⚪ Buy: 50.0% | Sell: 50.0% | Net: -0.1% | Value: -60
2025-10-28T08:24:39.242474,XLM/USDT,2874325.4520000005,3270525.298,-396199.84599999944,46.77616379860813,53.22383620139187,-6.447672402783736,⚪,"⚪ Buy: 46.8% | Sell: 53.2% | Net: -6.4% | Value: -396,200"
2025-10-28T08:24:40.400052,UNI/USDT,267178.43958,281673.02381999994,-14494.584239999938,48.679553102563524,51.32044689743647,-2.6408937948729423,⚪,"⚪ Buy: 48.7% | Sell: 51.3% | Net: -2.6% | Value: -14,495"
2025-10-28T08:24:41.448532,ICP/USDT,100749.25017999999,127408.40582,-26659.15564000001,44.1577337119908,55.8422662880092,-11.684532576018405,⚪,"⚪ Buy: 44.2% | Sell: 55.8% | Net: -11.7% | Value: -26,659"
2025-10-28T08:24:42.550713,APT/USDT,51724.97132,57261.29438,-5536.323060000002,47.46008222942535,52.539917770574654,-5.079835541149294,⚪,"⚪ Buy: 47.5% | Sell: 52.5% | Net: -5.1% | Value: -5,536"
2025-10-28T08:24:43.563996,NEAR/USDT,543311.6799800001,595624.64722,-52312.96723999991,47.70342880498825,52.296571195011744,-4.593142390023496,⚪,"⚪ Buy: 47.7% | Sell: 52.3% | Net: -4.6% | Value: -52,313"
2025-10-28T08:24:44.014005,AAPL,44701700.0,0,44701700.0,100.0,0.0,100.0,🟢,"🟢 Buy: 100.0% | Sell: 0.0% | Net: 100.0% | Value: 44,701,700"
2025-10-28T08:24:44.190841,MSFT,18688800.0,0,18688800.0,100.0,0.0,100.0,🟢,"🟢 Buy: 100.0% | Sell: 0.0% | Net: 100.0% | Value: 18,688,800"
2025-10-28T08:24:44.329117,GOOG,22944800.0,0,22944800.0,100.0,0.0,100.0,🟢,"🟢 Buy: 100.0% | Sell: 0.0% | Net: 100.0% | Value: 22,944,800"
2025-10-28T08:24:44.508920,GC=F,0,107046.0,-107046.0,0.0,100.0,-100.0,🔴,"🔴 Buy: 0.0% | Sell: 100.0% | Net: -100.0% | Value: -107,046"
2025-10-28T08:24:44.613685,CL=F,0,32795.0,-32795.0,0.0,100.0,-100.0,🔴,"🔴 Buy: 0.0% | Sell: 100.0% | Net: -100.0% | Value: -32,795"
2025-10-28T08:24:44.719071,TSLA,105362500.0,0,105362500.0,100.0,0.0,100.0,🟢,"🟢 Buy: 100.0% | Sell: 0.0% | Net: 100.0% | Value: 105,362,500"
2025-10-28T08:24:44.866348,NVDA,153082200.0,0,153082200.0,100.0,0.0,100.0,🟢,"🟢 Buy: 100.0% | Sell: 0.0% | Net: 100.0% | Value: 153,082,200"
2025-10-28T08:48:27.433895,BTC/USDT,469.4386783920001,518.566599298,-49.12792090599993,47.51378246577472,52.486217534225275,-4.9724350684505625,⚪,⚪ Buy: 47.5% | Sell: 52.5% | Net: -5.0% | Value: -49
2025-10-28T08:48:30.096533,ETH/USDT,43725.13893386802,45614.347597322,-1889.208663453981,48.94267991858537,51.05732008141462,-2.1146401628292595,⚪,"⚪ Buy: 48.9% | Sell: 51.1% | Net: -2.1% | Value: -1,889"
2025-10-28T08:48:32.003700,BNB/USDT,2329.44418,2308.0093200000006,21.43485999999939,50.23110592914839,49.7688940708516,0.462211858296787,⚪,⚪ Buy: 50.2% | Sell: 49.8% | Net: 0.5% | Value: 21
2025-10-28T08:48:34.352437,XRP/USDT,7131040.292480487,6184501.265586993,946539.0268934947,53.55426410095959,46.445735899040415,7.1085282019191744,⚪,"⚪ Buy: 53.6% | Sell: 46.4% | Net: 7.1% | Value: 946,539"
2025-10-28T08:48:35.512928,SOL/USDT,77493.84124190999,71593.40316106,5900.4380808499845,51.978854094620466,48.021145905379534,3.95770818924093,⚪,"⚪ Buy: 52.0% | Sell: 48.0% | Net: 4.0% | Value: 5,900"
2025-10-28T08:48:36.753102,DOGE/USDT,14118077.96887481,13959822.437427953,158255.53144685738,50.281815109315176,49.71818489068482,0.5636302186303542,⚪,"⚪ Buy: 50.3% | Sell: 49.7% | Net: 0.6% | Value: 158,256"
2025-10-28T08:48:38.532802,ADA/USDT,8197743.448,9113708.502,-915965.0540000005,47.35445340851378,52.64554659148622,-5.291093182972446,⚪,"⚪ Buy: 47.4% | Sell: 52.6% | Net: -5.3% | Value: -915,965"
2025-10-28T08:48:40.776837,TRX/USDT,4227015.819,3784401.6010000007,442614.2179999994,52.76239643246549,47.2376035675345,5.524792864931002,⚪,"⚪ Buy: 52.8% | Sell: 47.2% | Net: 5.5% | Value: 442,614"
2025-10-28T08:48:42.813735,AVAX/USDT,120613.41915999999,125285.85894,-4672.439780000015,49.04992812176946,50.95007187823054,-1.9001437564610788,⚪,"⚪ Buy: 49.0% | Sell: 51.0% | Net: -1.9% | Value: -4,672"
2025-10-28T08:48:44.200410,DOT/USDT,264491.09796,248084.87373999998,16406.224220000004,51.60037000618537,48.39962999381463,3.200740012370737,⚪,"⚪ Buy: 51.6% | Sell: 48.4% | Net: 3.2% | Value: 16,406"
2025-10-28T08:48:45.654075,LINK/USDT,243399.15541225998,208479.73086063,34919.424551629985,53.86380351156107,46.13619648843893,7.727607023122148,⚪,"⚪ Buy: 53.9% | Sell: 46.1% | Net: 7.7% | Value: 34,919"
2025-10-28T08:48:47.875706,SUI/USDT,1422151.1,1483746.5,-61595.39999999991,48.94016568236954,51.05983431763046,-2.1196686352609224,⚪,"⚪ Buy: 48.9% | Sell: 51.1% | Net: -2.1% | Value: -61,595"
2025-10-28T08:48:50.473184,SHIB/USDT,92736646167.98422,94662295122.24336,-1925648954.25914,49.48621669338119,50.51378330661881,-1.027566613237616,⚪,"⚪ Buy: 49.5% | Sell: 50.5% | Net: -1.0% | Value: -1,925,648,954"
2025-10-28T08:48:52.827368,LTC/USDT,35470.2268,36153.8402,-683.613400000002,49.522776750446184,50.477223249553816,-0.9544464991076282,⚪,⚪ Buy: 49.5% | Sell: 50.5% | Net: -1.0% | Value: -684
2025-10-28T08:48:54.595222,ATOM/USDT,31296.251415960003,31225.22391064,71.02750532000209,50.056802486624775,49.94319751337523,0.11360497324954064,⚪,⚪ Buy: 50.1% | Sell: 49.9% | Net: 0.1% | Value: 71
2025-10-28T08:48:56.024613,XLM/USDT,3138138.0360000003,3446400.354,-308262.3179999995,47.65919568129362,52.34080431870638,-4.681608637412766,⚪,"⚪ Buy: 47.7% | Sell: 52.3% | Net: -4.7% | Value: -308,262"
2025-10-28T08:48:57.851990,UNI/USDT,279696.1185,290018.1431,-10322.024600000004,49.09410512464517,50.90589487535483,-1.8117897507096574,⚪,"⚪ Buy: 49.1% | Sell: 50.9% | Net: -1.8% | Value: -10,322"
2025-10-28T08:48:59.110620,ICP/USDT,101044.05513999998,127604.94245999999,-26560.88732000001,44.191777003443114,55.808222996556886,-11.616445993113775,⚪,"⚪ Buy: 44.2% | Sell: 55.8% | Net: -11.6% | Value: -26,561"
2025-10-28T08:49:01.241346,APT/USDT,55819.96663999999,59991.29126,-4171.324620000007,48.19908500449851,51.80091499550149,-3.601829991002979,⚪,"⚪ Buy: 48.2% | Sell: 51.8% | Net: -3.6% | Value: -4,171"
2025-10-28T08:49:04.203092,NEAR/USDT,564656.1970400001,609854.3252600001,-45198.128219999955,48.07587384864419,51.9241261513558,-3.8482523027116136,⚪,"⚪ Buy: 48.1% | Sell: 51.9% | Net: -3.8% | Value: -45,198"
2025-10-28T08:49:04.644720,AAPL,44701700.0,0,44701700.0,100.0,0.0,100.0,🟢,"🟢 Buy: 100.0% | Sell: 0.0% | Net: 100.0% | Value: 44,701,700"
2025-10-28T08:49:04.811771,MSFT,18688800.0,0,18688800.0,100.0,0.0,100.0,🟢,"🟢 Buy: 100.0% | Sell: 0.0% | Net: 100.0% | Value: 18,688,800"
2025-10-28T08:49:04.919527,GOOG,22944800.0,0,22944800.0,100.0,0.0,100.0,🟢,"🟢 Buy: 100.0% | Sell: 0.0% | Net: 100.0% | Value: 22,944,800"
2025-10-28T08:49:05.013580,GC=F,0,116179.0,-116179.0,0.0,100.0,-100.0,🔴,"🔴 Buy: 0.0% | Sell: 100.0% | Net: -100.0% | Value: -116,179"
2025-10-28T08:49:05.127790,CL=F,0,43600.0,-43600.0,0.0,100.0,-100.0,🔴,"🔴 Buy: 0.0% | Sell: 100.0% | Net: -100.0% | Value: -43,600"
2025-10-28T08:49:05.242981,TSLA,105362500.0,0,105362500.0,100.0,0.0,100.0,🟢,"🟢 Buy: 100.0% | Sell: 0.0% | Net: 100.0% | Value: 105,362,500"
2025-10-28T08:49:05.377409,NVDA,153082200.0,0,153082200.0,100.0,0.0,100.0,🟢,"🟢 Buy: 100.0% | Sell: 0.0% | Net: 100.0% | Value: 153,082,200"
2025-10-28T09:19:25.713320,BTC/USDT,450.39102591000005,487.12746910999994,-36.73644319999988,48.04076168122869,51.959238318771305,-3.9184766375426214,⚪,⚪ Buy: 48.0% | Sell: 52.0% | Net: -3.9% | Value: -37
2025-10-28T09:19:26.962008,ETH/USDT,41584.100599608006,41894.090825381994,-309.99022577398864,49.81432861656296,50.18567138343704,-0.37134276687406775,⚪,⚪ Buy: 49.8% | Sell: 50.2% | Net: -0.4% | Value: -310
2025-10-28T09:19:28.191634,BNB/USDT,2307.74328,2133.9775200000004,173.76575999999977,51.95606351484315,48.04393648515683,3.912127029686326,⚪,⚪ Buy: 52.0% | Sell: 48.0% | Net: 3.9% | Value: 174
2025-10-28T09:19:29.833193,XRP/USDT,6452417.357000488,5802024.067666993,650393.2893334953,52.65370434601895,47.346295653981045,5.307408692037903,⚪,"⚪ Buy: 52.7% | Sell: 47.3% | Net: 5.3% | Value: 650,393"
2025-10-28T09:19:31.460033,SOL/USDT,75360.45284190998,67380.42556106001,7980.027280849972,52.795284493879066,47.20471550612094,5.5905689877581235,⚪,"⚪ Buy: 52.8% | Sell: 47.2% | Net: 5.6% | Value: 7,980"
2025-10-28T09:19:32.676858,DOGE/USDT,11917112.79889481,12631207.397607952,-714094.5987131428,48.54553266171167,51.45446733828833,-2.9089346765766697,⚪,"⚪ Buy: 48.5% | Sell: 51.5% | Net: -2.9% | Value: -714,095"
2025-10-28T09:19:33.867271,ADA/USDT,7714602.82,8336821.970000001,-622219.1500000004,48.06179464396319,51.9382053560368,-3.876410712073618,⚪,"⚪ Buy: 48.1% | Sell: 51.9% | Net: -3.9% | Value: -622,219"
2025-10-28T09:19:35.080379,TRX/USDT,3715613.903,3508198.437,207415.46600000001,51.435637141703495,48.56436285829651,2.87127428340698,⚪,"⚪ Buy: 51.4% | Sell: 48.6% | Net: 2.9% | Value: 207,415"
2025-10-28T09:19:36.342429,AVAX/USDT,106751.66230000001,116732.51960000001,-9980.857300000003,47.76698797759521,52.23301202240479,-4.466024044809591,⚪,"⚪ Buy: 47.8% | Sell: 52.2% | Net: -4.5% | Value: -9,981"
2025-10-28T09:19:37.572927,DOT/USDT,239510.76602,235089.44647999998,4421.319540000026,50.46579409612043,49.53420590387957,0.931588192240859,⚪,"⚪ Buy: 50.5% | Sell: 49.5% | Net: 0.9% | Value: 4,421"
2025-10-28T09:19:38.962989,LINK/USDT,213807.55385225997,195511.48632063,18296.06753162996,52.23493970912054,47.76506029087946,4.469879418241083,⚪,"⚪ Buy: 52.2% | Sell: 47.8% | Net: 4.5% | Value: 18,296"
2025-10-28T09:19:40.178129,SUI/USDT,1326736.9799999997,1440853.7200000002,-114116.74000000046,47.93833784742807,52.06166215257192,-4.123324305143837,⚪,"⚪ Buy: 47.9% | Sell: 52.1% | Net: -4.1% | Value: -114,117"
2025-10-28T09:19:41.380063,SHIB/USDT,78756539473.06824,86068324279.63445,-7311784806.566208,47.781953329099494,52.2180466709005,-4.436093341800996,⚪,"⚪ Buy: 47.8% | Sell: 52.2% | Net: -4.4% | Value: -7,311,784,807"
2025-10-28T09:19:42.630244,LTC/USDT,31465.252800000002,35185.4992,-3720.2463999999964,47.209148968041646,52.79085103195834,-5.581702063916692,⚪,"⚪ Buy: 47.2% | Sell: 52.8% | Net: -5.6% | Value: -3,720"
2025-10-28T09:19:43.784515,ATOM/USDT,31600.276615960003,31544.225110640004,56.051505319999706,50.04438352016989,49.95561647983011,0.08876704033977303,⚪,⚪ Buy: 50.0% | Sell: 50.0% | Net: 0.1% | Value: 56
2025-10-28T09:19:45.074550,XLM/USDT,3051895.59881292,3276856.0682193805,-224960.4694064604,48.22271056566871,51.77728943433129,-3.5545788686625723,⚪,"⚪ Buy: 48.2% | Sell: 51.8% | Net: -3.6% | Value: -224,960"
2025-10-28T09:19:46.233404,UNI/USDT,260854.79301999998,282551.35537999996,-21696.56235999998,48.003651373481595,51.996348626518405,-3.9926972530368197,⚪,"⚪ Buy: 48.0% | Sell: 52.0% | Net: -4.0% | Value: -21,697"
2025-10-28T09:19:47.487901,ICP/USDT,99852.50556,124893.55114,-25041.04557999999,44.42903560852554,55.570964391474455,-11.141928782948915,⚪,"⚪ Buy: 44.4% | Sell: 55.6% | Net: -11.1% | Value: -25,041"
2025-10-28T09:19:48.717564,APT/USDT,54108.6038,56640.35280000001,-2531.7490000000107,48.856987425559176,51.14301257444082,-2.2860251488816377,⚪,"⚪ Buy: 48.9% | Sell: 51.1% | Net: -2.3% | Value: -2,532"
2025-10-28T09:19:49.925789,NEAR/USDT,545078.329,614326.7728,-69248.44380000001,47.01362174047318,52.98637825952682,-5.972756519053641,⚪,"⚪ Buy: 47.0% | Sell: 53.0% | Net: -6.0% | Value: -69,248"
2025-10-28T09:19:50.861292,AAPL,44701700.0,0,44701700.0,100.0,0.0,100.0,🟢,"🟢 Buy: 100.0% | Sell: 0.0% | Net: 100.0% | Value: 44,701,700"
2025-10-28T09:19:51.157792,MSFT,18688800.0,0,18688800.0,100.0,0.0,100.0,🟢,"🟢 Buy: 100.0% | Sell: 0.0% | Net: 100.0% | Value: 18,688,800"
2025-10-28T09:19:51.363308,GOOG,22944800.0,0,22944800.0,100.0,0.0,100.0,🟢,"🟢 Buy: 100.0% | Sell: 0.0% | Net: 100.0% | Value: 22,944,800"
2025-10-28T09:19:51.568465,GC=F,0,131306.0,-131306.0,0.0,100.0,-100.0,🔴,"🔴 Buy: 0.0% | Sell: 100.0% | Net: -100.0% | Value: -131,306"
2025-10-28T09:19:51.804092,CL=F,0,51519.0,-51519.0,0.0,100.0,-100.0,🔴,"🔴 Buy: 0.0% | Sell: 100.0% | Net: -100.0% | Value: -51,519"
2025-10-28T09:19:52.009410,TSLA,105362500.0,0,105362500.0,100.0,0.0,100.0,🟢,"🟢 Buy: 100.0% | Sell: 0.0% | Net: 100.0% | Value: 105,362,500"
2025-10-28T09:19:52.346114,NVDA,153082200.0,0,153082200.0,100.0,0.0,100.0,🟢,"🟢 Buy: 100.0% | Sell: 0.0% | Net: 100.0% | Value: 153,082,200"
2025-10-28T09:42:02.863785,BTC/USDT,461.1757752820001,503.30459316799994,-42.128817885999865,47.815983649635896,52.184016350364104,-4.368032700728204,⚪,⚪ Buy: 47.8% | Sell: 52.2% | Net: -4.4% | Value: -42
2025-10-28T09:42:04.517819,ETH/USDT,42427.22224148801,43158.773288202,-731.5510467139902,49.572622225057714,50.42737777494229,-0.8547555498845758,⚪,⚪ Buy: 49.6% | Sell: 50.4% | Net: -0.9% | Value: -732
2025-10-28T09:42:05.828911,BNB/USDT,2322.20406,2262.4324400000005,59.77161999999953,50.65186869231617,49.34813130768383,1.3037373846323372,⚪,⚪ Buy: 50.7% | Sell: 49.3% | Net: 1.3% | Value: 60
2025-10-28T09:42:07.081051,XRP/USDT,6524945.707560488,5910816.593506992,614129.1140534962,52.46920574382795,47.53079425617206,4.938411487655885,⚪,"⚪ Buy: 52.5% | Sell: 47.5% | Net: 4.9% | Value: 614,129"
2025-10-28T09:42:08.475233,SOL/USDT,77175.75124190998,70103.37316106001,7072.378080849972,52.40101172162704,47.59898827837296,4.802023443254089,⚪,"⚪ Buy: 52.4% | Sell: 47.6% | Net: 4.8% | Value: 7,072"
2025-10-28T09:42:09.756669,DOGE/USDT,12037871.90097481,12812346.050727952,-774474.1497531421,48.44171557919862,51.55828442080138,-3.116568841602753,⚪,"⚪ Buy: 48.4% | Sell: 51.6% | Net: -3.1% | Value: -774,474"
2025-10-28T09:42:11.012933,ADA/USDT,7854307.896000001,8546379.584,-692071.6880000001,47.890113786864255,52.109886213135745,-4.219772426271487,⚪,"⚪ Buy: 47.9% | Sell: 52.1% | Net: -4.2% | Value: -692,072"
2025-10-28T09:42:12.306649,TRX/USDT,3770235.983,3590131.557,180104.42599999998,51.223474405464266,48.77652559453573,2.4469488109285367,⚪,"⚪ Buy: 51.2% | Sell: 48.8% | Net: 2.4% | Value: 180,104"
2025-10-28T09:42:13.557243,AVAX/USDT,107826.81490000001,118345.2485,-10518.43359999999,47.67468328274534,52.32531671725466,-4.650633434509308,⚪,"⚪ Buy: 47.7% | Sell: 52.3% | Net: -4.7% | Value: -10,518"
2025-10-28T09:42:14.884447,DOT/USDT,242780.34066000002,239993.80844,2786.532220000023,50.288595839813986,49.711404160186,0.5771916796279891,⚪,"⚪ Buy: 50.3% | Sell: 49.7% | Net: 0.6% | Value: 2,787"
2025-10-28T09:42:16.644596,LINK/USDT,218403.65137225998,202405.63260063,15998.018771629984,51.90086333416786,48.099136665832134,3.801726668335728,⚪,"⚪ Buy: 51.9% | Sell: 48.1% | Net: 3.8% | Value: 15,998"
2025-10-28T09:42:17.867475,SUI/USDT,1351716.6999999997,1478323.3000000003,-126606.60000000056,47.763165891648164,52.236834108351836,-4.47366821670367,⚪,"⚪ Buy: 47.8% | Sell: 52.2% | Net: -4.5% | Value: -126,607"
2025-10-28T09:42:19.206294,SHIB/USDT,79731568363.8298,87530867615.77678,-7799299251.946976,47.66854428303977,52.33145571696024,-4.662911433920467,⚪,"⚪ Buy: 47.7% | Sell: 52.3% | Net: -4.7% | Value: -7,799,299,252"
2025-10-28T09:42:20.474005,LTC/USDT,32310.636,36453.574,-4142.938000000002,46.98757682230335,53.01242317769667,-6.0248463553933105,⚪,"⚪ Buy: 47.0% | Sell: 53.0% | Net: -6.0% | Value: -4,143"
2025-10-28T09:42:21.695469,ATOM/USDT,31810.052735960006,31858.889290640003,-48.83655467999779,49.961648055452535,50.038351944547465,-0.0767038890949288,⚪,⚪ Buy: 50.0% | Sell: 50.0% | Net: -0.1% | Value: -49
2025-10-28T09:42:22.980972,XLM/USDT,3116452.5548129203,3373691.5022193803,-257238.94740646007,48.018233916335554,51.981766083664446,-3.963532167328899,⚪,"⚪ Buy: 48.0% | Sell: 52.0% | Net: -4.0% | Value: -257,239"
2025-10-28T09:42:24.219514,UNI/USDT,267373.70138,292329.7179199999,-24956.016539999924,47.770603530418704,52.22939646958128,-4.45879293916258,⚪,"⚪ Buy: 47.8% | Sell: 52.2% | Net: -4.5% | Value: -24,956"
2025-10-28T09:42:25.527209,ICP/USDT,100459.89540000001,125804.6359,-25344.740499999985,44.39931208961871,55.60068791038128,-11.201375820762582,⚪,"⚪ Buy: 44.4% | Sell: 55.6% | Net: -11.2% | Value: -25,345"
2025-10-28T09:42:26.801543,APT/USDT,55515.66739999999,58750.948200000006,-3235.280800000015,48.58432807210927,51.41567192789073,-2.8313438557814563,⚪,"⚪ Buy: 48.6% | Sell: 51.4% | Net: -2.8% | Value: -3,235"
2025-10-28T09:42:28.387365,NEAR/USDT,563909.20608,642573.08842,-78663.88234000001,46.73994874609409,53.26005125390591,-6.5201025078118136,⚪,"⚪ Buy: 46.7% | Sell: 53.3% | Net: -6.5% | Value: -78,664"
2025-10-28T09:42:29.405006,AAPL,44701700.0,0,44701700.0,100.0,0.0,100.0,🟢,"🟢 Buy: 100.0% | Sell: 0.0% | Net: 100.0% | Value: 44,701,700"
2025-10-28T09:42:29.833438,MSFT,18688800.0,0,18688800.0,100.0,0.0,100.0,🟢,"🟢 Buy: 100.0% | Sell: 0.0% | Net: 100.0% | Value: 18,688,800"
2025-10-28T09:42:30.063414,GOOG,22944800.0,0,22944800.0,100.0,0.0,100.0,🟢,"🟢 Buy: 100.0% | Sell: 0.0% | Net: 100.0% | Value: 22,944,800"
2025-10-28T09:42:30.376124,GC=F,0,140752.0,-140752.0,0.0,100.0,-100.0,🔴,"🔴 Buy: 0.0% | Sell: 100.0% | Net: -100.0% | Value: -140,752"
2025-10-28T09:42:30.674434,CL=F,0,56486.0,-56486.0,0.0,100.0,-100.0,🔴,"🔴 Buy: 0.0% | Sell: 100.0% | Net: -100.0% | Value: -56,486"
2025-10-28T09:42:30.889668,TSLA,105362500.0,0,105362500.0,100.0,0.0,100.0,🟢,"🟢 Buy: 100.0% | Sell: 0.0% | Net: 100.0% | Value: 105,362,500"
2025-10-28T09:42:31.239126,NVDA,153082200.0,0,153082200.0,100.0,0.0,100.0,🟢,"🟢 Buy: 100.0% | Sell: 0.0% | Net: 100.0% | Value: 153,082,200"
2025-10-28T10:20:09.321286,BTC/USDT,457.197456836,465.87829516399995,-8.680838327999936,49.529787327356864,50.47021267264314,-0.9404253452862811,⚪,⚪ Buy: 49.5% | Sell: 50.5% | Net: -0.9% | Value: -9
2025-10-28T10:20:10.521154,ETH/USDT,39305.877307932,42263.693479998,-2957.816172065999,48.186936535588785,51.813063464411215,-3.6261269288224236,⚪,"⚪ Buy: 48.2% | Sell: 51.8% | Net: -3.6% | Value: -2,958"
2025-10-28T10:20:12.104656,BNB/USDT,2464.17524,2216.86136,247.31388000000015,52.64165719191344,47.358342808086576,5.283314383826868,⚪,⚪ Buy: 52.6% | Sell: 47.4% | Net: 5.3% | Value: 247
2025-10-28T10:20:13.440202,XRP/USDT,6250935.23886,5671591.659739999,579343.5791200008,52.42961741268133,47.570382587318676,4.859234825362652,⚪,"⚪ Buy: 52.4% | Sell: 47.6% | Net: 4.9% | Value: 579,344"
2025-10-28T10:20:14.607349,SOL/USDT,75238.52004191,67197.52636106001,8040.9936808499915,52.822668096986135,47.17733190301387,5.645336193972261,⚪,"⚪ Buy: 52.8% | Sell: 47.2% | Net: 5.6% | Value: 8,041"
2025-10-28T10:20:15.780389,DOGE/USDT,10885960.094774809,11084478.341427952,-198518.24665314332,49.548215099963535,50.451784900036465,-0.9035698000729293,⚪,"⚪ Buy: 49.5% | Sell: 50.5% | Net: -0.9% | Value: -198,518"
2025-10-28T10:20:16.978685,ADA/USDT,7874000.864,8101276.796,-227275.93200000003,49.28866359371934,50.71133640628065,-1.4226728125613062,⚪,"⚪ Buy: 49.3% | Sell: 50.7% | Net: -1.4% | Value: -227,276"
2025-10-28T10:20:18.155992,TRX/USDT,3723423.265,3312618.225,410805.04000000004,52.91929091509664,47.08070908490337,5.838581830193273,⚪,"⚪ Buy: 52.9% | Sell: 47.1% | Net: 5.8% | Value: 410,805"
2025-10-28T10:20:19.321234,AVAX/USDT,97685.03017999999,103132.57141999998,-5447.541239999991,48.64365942113712,51.35634057886288,-2.712681157725764,⚪,"⚪ Buy: 48.6% | Sell: 51.4% | Net: -2.7% | Value: -5,448"
2025-10-28T10:20:20.578262,DOT/USDT,233796.60457999998,226518.20432,7278.400259999995,50.790589409603506,49.2094105903965,1.5811788192070038,⚪,"⚪ Buy: 50.8% | Sell: 49.2% | Net: 1.6% | Value: 7,278"
2025-10-28T10:20:22.011182,LINK/USDT,214304.02345226,175528.95212062995,38775.07133163005,54.97329289225047,45.02670710774954,9.946585784500929,⚪,"⚪ Buy: 55.0% | Sell: 45.0% | Net: 9.9% | Value: 38,775"
2025-10-28T10:20:23.175827,SUI/USDT,1271108.7,1357411.3000000003,-86302.60000000033,48.35834233713268,51.641657662867324,-3.283315325734646,⚪,"⚪ Buy: 48.4% | Sell: 51.6% | Net: -3.3% | Value: -86,303"
2025-10-28T10:20:24.457753,SHIB/USDT,72890860249.43257,77269805444.18092,-4378945194.748352,48.54191336508753,51.45808663491247,-2.9161732698249443,⚪,"⚪ Buy: 48.5% | Sell: 51.5% | Net: -2.9% | Value: -4,378,945,195"
2025-10-28T10:20:25.677213,LTC/USDT,30854.557038894,33871.28169259601,-3016.7246537020073,47.669613316084906,52.330386683915094,-4.660773367830195,⚪,"⚪ Buy: 47.7% | Sell: 52.3% | Net: -4.7% | Value: -3,017"
2025-10-28T10:20:26.799625,ATOM/USDT,31184.33477596,30920.312350640004,264.0224253199958,50.212562535603645,49.787437464396355,0.4251250712072922,⚪,⚪ Buy: 50.2% | Sell: 49.8% | Net: 0.4% | Value: 264
2025-10-28T10:20:28.144177,XLM/USDT,2830098.74221938,2651585.96481292,178512.77740646014,51.62826564228923,48.371734357710764,3.256531284578463,⚪,"⚪ Buy: 51.6% | Sell: 48.4% | Net: 3.3% | Value: 178,513"
2025-10-28T10:20:29.323356,UNI/USDT,255671.48777999997,274776.39752000006,-19104.90974000009,48.19917184426185,51.80082815573817,-3.6016563114763143,⚪,"⚪ Buy: 48.2% | Sell: 51.8% | Net: -3.6% | Value: -19,105"
2025-10-28T10:20:30.581081,ICP/USDT,104833.92492,132365.68018,-27531.75525999999,44.19650061213361,55.803499387866395,-11.606998775732782,⚪,"⚪ Buy: 44.2% | Sell: 55.8% | Net: -11.6% | Value: -27,532"
2025-10-28T10:20:31.884261,APT/USDT,56845.100679999996,60745.09812000001,-3899.9974400000137,48.34169961450902,51.658300385490975,-3.316600770981955,⚪,"⚪ Buy: 48.3% | Sell: 51.7% | Net: -3.3% | Value: -3,900"
2025-10-28T10:20:33.542497,NEAR/USDT,561992.68428,639698.30572,-77705.6214399999,46.76682183329011,53.23317816670989,-6.466356333419784,⚪,"⚪ Buy: 46.8% | Sell: 53.2% | Net: -6.5% | Value: -77,706"
2025-10-28T10:20:33.905694,AAPL,44701700.0,0,44701700.0,100.0,0.0,100.0,🟢,"🟢 Buy: 100.0% | Sell: 0.0% | Net: 100.0% | Value: 44,701,700"
2025-10-28T10:20:34.048498,MSFT,18688800.0,0,18688800.0,100.0,0.0,100.0,🟢,"🟢 Buy: 100.0% | Sell: 0.0% | Net: 100.0% | Value: 18,688,800"
2025-10-28T10:20:34.307993,GOOG,22944800.0,0,22944800.0,100.0,0.0,100.0,🟢,"🟢 Buy: 100.0% | Sell: 0.0% | Net: 100.0% | Value: 22,944,800"
2025-10-28T10:20:34.564184,GC=F,0,147774.0,-147774.0,0.0,100.0,-100.0,🔴,"🔴 Buy: 0.0% | Sell: 100.0% | Net: -100.0% | Value: -147,774"
2025-10-28T10:20:34.698762,CL=F,0,62933.0,-62933.0,0.0,100.0,-100.0,🔴,"🔴 Buy: 0.0% | Sell: 100.0% | Net: -100.0% | Value: -62,933"
2025-10-28T10:20:34.797492,TSLA,105362500.0,0,105362500.0,100.0,0.0,100.0,🟢,"🟢 Buy: 100.0% | Sell: 0.0% | Net: 100.0% | Value: 105,362,500"
2025-10-28T10:20:34.905863,NVDA,153082200.0,0,153082200.0,100.0,0.0,100.0,🟢,"🟢 Buy: 100.0% | Sell: 0.0% | Net: 100.0% | Value: 153,082,200"
2025-10-28T10:45:30.272097,BTC/USDT,469.339918712,469.172113578,0.16780513399999109,50.00893995645376,49.99106004354624,0.017879912907513937,⚪,⚪ Buy: 50.0% | Sell: 50.0% | Net: 0.0% | Value: 0
2025-10-28T10:45:31.337565,ETH/USDT,40094.616292012004,43446.801956118,-3352.185664105993,47.99369837476931,52.00630162523068,-4.01260325046137,⚪,"⚪ Buy: 48.0% | Sell: 52.0% | Net: -4.0% | Value: -3,352"
2025-10-28T10:45:32.393731,BNB/USDT,2498.36304,2268.14306,230.2199800000003,52.41497624433964,47.58502375566035,4.829952488679292,⚪,⚪ Buy: 52.4% | Sell: 47.6% | Net: 4.8% | Value: 230
2025-10-28T10:45:33.519349,XRP/USDT,6361219.99386,5837018.792239999,524201.2016200004,52.14867576710061,47.85132423289937,4.297351534201251,⚪,"⚪ Buy: 52.1% | Sell: 47.9% | Net: 4.3% | Value: 524,201"
2025-10-28T10:45:34.554992,SOL/USDT,76886.60404191,69669.65236106,7216.951680850005,52.46217795745489,47.53782204254511,4.9243559149097855,⚪,"⚪ Buy: 52.5% | Sell: 47.5% | Net: 4.9% | Value: 7,217"
2025-10-28T10:45:35.747137,DOGE/USDT,11063381.25749481,11350610.085507952,-287228.82801314257,49.359264435285844,50.64073556471417,-1.2814711294283168,⚪,"⚪ Buy: 49.4% | Sell: 50.6% | Net: -1.3% | Value: -287,229"
2025-10-28T10:45:36.817543,ADA/USDT,8002974.688,8294737.532,-291762.8439999996,49.10489631900005,50.895103680999966,-1.790207361999914,⚪,"⚪ Buy: 49.1% | Sell: 50.9% | Net: -1.8% | Value: -291,763"
2025-10-28T10:45:37.969831,TRX/USDT,3803585.557,3432861.663,370723.89399999985,52.56150485679905,47.438495143200946,5.123009713598102,⚪,"⚪ Buy: 52.6% | Sell: 47.4% | Net: 5.1% | Value: 370,724"
2025-10-28T10:45:39.008582,AVAX/USDT,98533.44665999999,104405.19613999997,-5871.749479999984,48.55331902318211,51.44668097681788,-2.8933619536357638,⚪,"⚪ Buy: 48.6% | Sell: 51.4% | Net: -2.9% | Value: -5,872"
2025-10-28T10:45:40.069750,DOT/USDT,237010.34878,231338.82061999998,5671.528160000016,50.6054807535226,49.39451924647739,1.2109615070452213,⚪,"⚪ Buy: 50.6% | Sell: 49.4% | Net: 1.2% | Value: 5,672"
2025-10-28T10:45:41.244100,LINK/USDT,223970.732538412,190029.01574985796,33941.71678855404,54.09924365037539,45.90075634962461,8.198487300750788,⚪,"⚪ Buy: 54.1% | Sell: 45.9% | Net: 8.2% | Value: 33,942"
2025-10-28T10:45:42.335677,SUI/USDT,1294080.42,1391868.8800000001,-97788.4600000002,48.17962945168027,51.82037054831974,-3.6407410966394718,⚪,"⚪ Buy: 48.2% | Sell: 51.8% | Net: -3.6% | Value: -97,788"
2025-10-28T10:45:43.492730,SHIB/USDT,74946321496.61865,80352997314.96005,-5406675818.3414,48.25927252620431,51.74072747379569,-3.481454947591369,⚪,"⚪ Buy: 48.3% | Sell: 51.7% | Net: -3.5% | Value: -5,406,675,818"
2025-10-28T10:45:44.840704,LTC/USDT,31314.116292596,34958.794438894,-3644.678146298,47.25025043711698,52.74974956288302,-5.499499125766039,⚪,"⚪ Buy: 47.3% | Sell: 52.7% | Net: -5.5% | Value: -3,645"
2025-10-28T10:45:46.192339,ATOM/USDT,31298.44245596,31091.473870640002,206.96858531999897,50.165867016263135,49.834132983736865,0.3317340325262749,⚪,⚪ Buy: 50.2% | Sell: 49.8% | Net: 0.3% | Value: 207
2025-10-28T10:45:47.283633,XLM/USDT,2854288.83021938,2687871.09681292,166417.7334064599,51.50137974722405,48.49862025277595,3.0027594944480933,⚪,"⚪ Buy: 51.5% | Sell: 48.5% | Net: 3.0% | Value: 166,418"
2025-10-28T10:45:48.310105,UNI/USDT,265238.63029999996,289127.11130000005,-23888.481000000087,47.84542232614757,52.15457767385242,-4.309155347704856,⚪,"⚪ Buy: 47.8% | Sell: 52.2% | Net: -4.3% | Value: -23,888"
2025-10-28T10:45:49.432922,ICP/USDT,108211.42248000001,137431.92652,-29220.50404,44.052250109975496,55.947749890024504,-11.895499780049,⚪,"⚪ Buy: 44.1% | Sell: 55.9% | Net: -11.9% | Value: -29,221"
2025-10-28T10:45:50.628034,APT/USDT,58699.06032,63526.03758000001,-4826.977260000014,48.02537394408583,51.97462605591417,-3.949252111828346,⚪,"⚪ Buy: 48.0% | Sell: 52.0% | Net: -3.9% | Value: -4,827"
2025-10-28T10:45:51.649439,NEAR/USDT,583648.5964400001,672182.1739599999,-88533.57751999982,46.47509920895629,53.524900791043706,-7.049801582087419,⚪,"⚪ Buy: 46.5% | Sell: 53.5% | Net: -7.0% | Value: -88,534"
2025-10-28T10:45:52.250447,AAPL,44701700.0,0,44701700.0,100.0,0.0,100.0,🟢,"🟢 Buy: 100.0% | Sell: 0.0% | Net: 100.0% | Value: 44,701,700"
2025-10-28T10:45:52.426490,MSFT,18688800.0,0,18688800.0,100.0,0.0,100.0,🟢,"🟢 Buy: 100.0% | Sell: 0.0% | Net: 100.0% | Value: 18,688,800"
2025-10-28T10:45:52.540791,GOOG,22944800.0,0,22944800.0,100.0,0.0,100.0,🟢,"🟢 Buy: 100.0% | Sell: 0.0% | Net: 100.0% | Value: 22,944,800"
2025-10-28T10:45:52.645380,GC=F,0,152729.0,-152729.0,0.0,100.0,-100.0,🔴,"🔴 Buy: 0.0% | Sell: 100.0% | Net: -100.0% | Value: -152,729"
2025-10-28T10:45:52.760876,CL=F,0,65590.0,-65590.0,0.0,100.0,-100.0,🔴,"🔴 Buy: 0.0% | Sell: 100.0% | Net: -100.0% | Value: -65,590"
2025-10-28T10:45:52.869867,TSLA,105362500.0,0,105362500.0,100.0,0.0,100.0,🟢,"🟢 Buy: 100.0% | Sell: 0.0% | Net: 100.0% | Value: 105,362,500"
2025-10-28T10:45:53.024679,NVDA,153082200.0,0,153082200.0,100.0,0.0,100.0,🟢,"🟢 Buy: 100.0% | Sell: 0.0% | Net: 100.0% | Value: 153,082,200"
2025-10-28T11:14:53.452231,BTC/USDT,446.856241156,430.483474004,16.372767151999994,50.93309164449566,49.06690835550434,1.8661832889913232,⚪,⚪ Buy: 50.9% | Sell: 49.1% | Net: 1.9% | Value: 16
2025-10-28T11:14:54.690738,ETH/USDT,37922.635909052005,40188.831381678,-2266.1954726259937,48.54938362366742,51.45061637633258,-2.9012327526651616,⚪,"⚪ Buy: 48.5% | Sell: 51.5% | Net: -2.9% | Value: -2,266"
2025-10-28T11:14:55.998822,BNB/USDT,2397.5522,2128.2312,269.3209999999999,52.97540752834083,47.02459247165916,5.950815056681677,⚪,⚪ Buy: 53.0% | Sell: 47.0% | Net: 6.0% | Value: 269
2025-10-28T11:14:57.473270,XRP/USDT,6177115.127180001,5560861.492219999,616253.6349600013,52.625042010824444,47.374957989175556,5.250084021648885,⚪,"⚪ Buy: 52.6% | Sell: 47.4% | Net: 5.3% | Value: 616,254"
2025-10-28T11:14:58.721030,SOL/USDT,71101.73844191,66751.00996105999,4350.728480850012,51.57803472591348,48.421965274086524,3.1560694518269594,⚪,"⚪ Buy: 51.6% | Sell: 48.4% | Net: 3.2% | Value: 4,351"
2025-10-28T11:14:59.967822,DOGE/USDT,9671628.355214808,9262980.732087951,408647.623126857,51.079102349677996,48.920897650322,2.1582046993560033,⚪,"⚪ Buy: 51.1% | Sell: 48.9% | Net: 2.2% | Value: 408,648"
2025-10-28T11:15:01.285189,ADA/USDT,7453501.382,8115844.068,-662342.6859999998,47.87292700220741,52.1270729977926,-4.254145995585189,⚪,"⚪ Buy: 47.9% | Sell: 52.1% | Net: -4.3% | Value: -662,343"
2025-10-28T11:15:02.565735,TRX/USDT,3763270.182,3470578.5780000007,292691.60399999935,52.02306969436834,47.97693030563167,4.046139388736672,⚪,"⚪ Buy: 52.0% | Sell: 48.0% | Net: 4.0% | Value: 292,692"
2025-10-28T11:15:03.842901,AVAX/USDT,85016.21954,97946.03326000001,-12929.813720000006,46.46653516719269,53.53346483280731,-7.066929665614614,⚪,"⚪ Buy: 46.5% | Sell: 53.5% | Net: -7.1% | Value: -12,930"
2025-10-28T11:15:05.097984,DOT/USDT,195282.31032,206955.26148,-11672.951159999997,48.548997908404736,51.451002091595264,-2.9020041831905266,⚪,"⚪ Buy: 48.5% | Sell: 51.5% | Net: -2.9% | Value: -11,673"
2025-10-28T11:15:06.870588,LINK/USDT,211121.29328107196,185485.152863848,25636.14041722397,53.23193693224246,46.76806306775754,6.463873864484928,⚪,"⚪ Buy: 53.2% | Sell: 46.8% | Net: 6.5% | Value: 25,636"
2025-10-28T11:15:08.258099,SUI/USDT,1151176.7600000002,1325463.44,-174286.6799999997,46.48138877823271,53.51861122176729,-7.03722244353458,⚪,"⚪ Buy: 46.5% | Sell: 53.5% | Net: -7.0% | Value: -174,287"
2025-10-28T11:15:09.670459,SHIB/USDT,70792577108.34859,80731881621.93353,-9939304513.584946,46.720230978921634,53.27976902107837,-6.559538042156741,⚪,"⚪ Buy: 46.7% | Sell: 53.3% | Net: -6.6% | Value: -9,939,304,514"
2025-10-28T11:15:10.952412,LTC/USDT,29976.491292596,34655.094438894,-4678.603146297995,46.38055983514383,53.61944016485617,-7.238880329712338,⚪,"⚪ Buy: 46.4% | Sell: 53.6% | Net: -7.2% | Value: -4,679"
2025-10-28T11:15:12.205777,ATOM/USDT,31215.294215960006,32204.719710639998,-989.425494679992,49.21994222846977,50.78005777153023,-1.5601155430604552,⚪,⚪ Buy: 49.2% | Sell: 50.8% | Net: -1.6% | Value: -989
2025-10-28T11:15:13.526529,XLM/USDT,2680743.2038434674,2427552.657249052,253190.54659441533,52.47822907559886,47.52177092440115,4.956458151197708,⚪,"⚪ Buy: 52.5% | Sell: 47.5% | Net: 5.0% | Value: 253,191"
2025-10-28T11:15:14.696545,UNI/USDT,253607.06016000005,290117.96554,-36510.90537999995,46.64252115920218,53.35747884079781,-6.714957681595626,⚪,"⚪ Buy: 46.6% | Sell: 53.4% | Net: -6.7% | Value: -36,511"
2025-10-28T11:15:16.046060,ICP/USDT,103364.17944,134793.92006,-31429.740619999997,43.40149659281271,56.598503407187295,-13.197006814374582,⚪,"⚪ Buy: 43.4% | Sell: 56.6% | Net: -13.2% | Value: -31,430"
2025-10-28T11:15:17.462664,APT/USDT,58670.94887999999,61302.97612000001,-2632.0272400000176,48.90308363254765,51.09691636745235,-2.1938327349047033,⚪,"⚪ Buy: 48.9% | Sell: 51.1% | Net: -2.2% | Value: -2,632"
2025-10-28T11:15:18.699695,NEAR/USDT,571206.24628,653518.6487199998,-82312.40243999986,46.63955543093619,53.360444569063816,-6.720889138127618,⚪,"⚪ Buy: 46.6% | Sell: 53.4% | Net: -6.7% | Value: -82,312"
2025-10-28T11:15:19.564958,AAPL,44701700.0,0,44701700.0,100.0,0.0,100.0,🟢,"🟢 Buy: 100.0% | Sell: 0.0% | Net: 100.0% | Value: 44,701,700"
2025-10-28T11:15:19.863729,MSFT,18688800.0,0,18688800.0,100.0,0.0,100.0,🟢,"🟢 Buy: 100.0% | Sell: 0.0% | Net: 100.0% | Value: 18,688,800"
2025-10-28T11:15:20.181412,GOOG,22944800.0,0,22944800.0,100.0,0.0,100.0,🟢,"🟢 Buy: 100.0% | Sell: 0.0% | Net: 100.0% | Value: 22,944,800"
2025-10-28T11:15:20.461654,GC=F,0,164233.0,-164233.0,0.0,100.0,-100.0,🔴,"🔴 Buy: 0.0% | Sell: 100.0% | Net: -100.0% | Value: -164,233"
2025-10-28T11:15:20.699827,CL=F,0,69976.0,-69976.0,0.0,100.0,-100.0,🔴,"🔴 Buy: 0.0% | Sell: 100.0% | Net: -100.0% | Value: -69,976"
2025-10-28T11:15:21.006281,TSLA,105362500.0,0,105362500.0,100.0,0.0,100.0,🟢,"🟢 Buy: 100.0% | Sell: 0.0% | Net: 100.0% | Value: 105,362,500"
2025-10-28T11:15:21.342809,NVDA,153082200.0,0,153082200.0,100.0,0.0,100.0,🟢,"🟢 Buy: 100.0% | Sell: 0.0% | Net: 100.0% | Value: 153,082,200"
2025-10-28T11:37:08.935029,BTC/USDT,452.83162001200003,439.44654228800005,13.385077723999984,50.75005072910771,49.249949270892294,1.5001014582154124,⚪,⚪ Buy: 50.8% | Sell: 49.2% | Net: 1.5% | Value: 13
2025-10-28T11:37:10.307556,ETH/USDT,39590.678770832004,40903.745953198,-1313.067182365994,49.1843738328041,50.8156261671959,-1.6312523343918057,⚪,"⚪ Buy: 49.2% | Sell: 50.8% | Net: -1.6% | Value: -1,313"
2025-10-28T11:37:12.008690,BNB/USDT,2483.20926,2162.83044,320.3788199999999,53.447870021429225,46.55212997857078,6.895740042858435,⚪,⚪ Buy: 53.4% | Sell: 46.6% | Net: 6.9% | Value: 320
2025-10-28T11:37:13.251444,XRP/USDT,6299653.728700001,5744669.3944999995,554984.3342000013,52.30392496333389,47.696075036666116,4.607849926667777,⚪,"⚪ Buy: 52.3% | Sell: 47.7% | Net: 4.6% | Value: 554,984"
2025-10-28T11:37:14.627069,SOL/USDT,72290.62724191,68534.34316106,3756.284080850004,51.333671177100705,48.66632882289931,2.6673423542014,⚪,"⚪ Buy: 51.3% | Sell: 48.7% | Net: 2.7% | Value: 3,756"
2025-10-28T11:37:16.520276,DOGE/USDT,9944501.994694808,9386455.84910795,558046.1455868576,51.44340014109999,48.556599858900015,2.886800282199982,⚪,"⚪ Buy: 51.4% | Sell: 48.6% | Net: 2.9% | Value: 558,046"
2025-10-28T11:37:17.746342,ADA/USDT,7824642.642,8237686.248,-413043.6059999997,48.714247451821414,51.28575254817858,-2.5715050963571677,⚪,"⚪ Buy: 48.7% | Sell: 51.3% | Net: -2.6% | Value: -413,044"
2025-10-28T11:37:18.895442,TRX/USDT,3860005.8770000003,3543087.843000001,316918.0339999995,52.14044321189547,47.859556788104534,4.280886423790937,⚪,"⚪ Buy: 52.1% | Sell: 47.9% | Net: 4.3% | Value: 316,918"
2025-10-28T11:37:20.151554,AVAX/USDT,91262.49278,100359.73212,-9097.23934,47.6262567286369,52.3737432713631,-4.7474865427261825,⚪,"⚪ Buy: 47.6% | Sell: 52.4% | Net: -4.7% | Value: -9,097"
2025-10-28T11:37:21.426086,DOT/USDT,201822.3061,209264.2887,-7441.982600000018,49.094840029553794,50.90515997044621,-1.810319940892419,⚪,"⚪ Buy: 49.1% | Sell: 50.9% | Net: -1.8% | Value: -7,442"
2025-10-28T11:37:23.101480,LINK/USDT,217812.31438689597,187604.51871551402,30207.79567138196,53.725523116568695,46.27447688343131,7.451046233137376,⚪,"⚪ Buy: 53.7% | Sell: 46.3% | Net: 7.5% | Value: 30,208"
2025-10-28T11:37:24.314665,SUI/USDT,1203510.4000000001,1341289.4000000001,-137779.0,47.29293046942239,52.70706953057761,-5.414139061155223,⚪,"⚪ Buy: 47.3% | Sell: 52.7% | Net: -5.4% | Value: -137,779"
2025-10-28T11:37:25.738448,SHIB/USDT,74500160867.28783,81815864573.6652,-7315703706.37738,47.65996362633311,52.34003637366689,-4.680072747333779,⚪,"⚪ Buy: 47.7% | Sell: 52.3% | Net: -4.7% | Value: -7,315,703,706"
2025-10-28T11:37:26.964266,LTC/USDT,30865.474492596,34848.169238894,-3982.694746297999,46.969659175671694,53.030340824328306,-6.06068164865661,⚪,"⚪ Buy: 47.0% | Sell: 53.0% | Net: -6.1% | Value: -3,983"
2025-10-28T11:37:28.201901,ATOM/USDT,33560.89663596001,32606.00239064,954.8942453200107,50.72158001913928,49.278419980860726,1.4431600382785508,⚪,⚪ Buy: 50.7% | Sell: 49.3% | Net: 1.4% | Value: 955
2025-10-28T11:37:30.154646,XLM/USDT,2722200.9661235157,2489739.300669124,232461.66545439186,52.2300875830782,47.76991241692179,4.460175166156417,⚪,"⚪ Buy: 52.2% | Sell: 47.8% | Net: 4.5% | Value: 232,462"
2025-10-28T11:37:31.328742,UNI/USDT,269307.56248,295830.22332,-26522.660839999968,47.65343412647105,52.34656587352896,-4.693131747057917,⚪,"⚪ Buy: 47.7% | Sell: 52.3% | Net: -4.7% | Value: -26,523"
2025-10-28T11:37:32.601098,ICP/USDT,105237.05722,135545.92398,-30308.86675999999,43.70618583403436,56.29381416596565,-12.587628331931292,⚪,"⚪ Buy: 43.7% | Sell: 56.3% | Net: -12.6% | Value: -30,309"
2025-10-28T11:37:33.790338,APT/USDT,59885.08479999999,63124.18000000001,-3239.095200000018,48.6833938056347,51.31660619436529,-2.6332123887305907,⚪,"⚪ Buy: 48.7% | Sell: 51.3% | Net: -2.6% | Value: -3,239"
2025-10-28T11:37:34.970139,NEAR/USDT,607073.32812,666231.4819799999,-59158.15385999996,47.676983806597185,52.323016193402815,-4.646032386805634,⚪,"⚪ Buy: 47.7% | Sell: 52.3% | Net: -4.6% | Value: -59,158"
2025-10-28T11:37:35.288858,AAPL,44701700.0,0,44701700.0,100.0,0.0,100.0,🟢,"🟢 Buy: 100.0% | Sell: 0.0% | Net: 100.0% | Value: 44,701,700"
2025-10-28T11:37:35.534915,MSFT,18688800.0,0,18688800.0,100.0,0.0,100.0,🟢,"🟢 Buy: 100.0% | Sell: 0.0% | Net: 100.0% | Value: 18,688,800"
2025-10-28T11:37:35.629348,GOOG,22944800.0,0,22944800.0,100.0,0.0,100.0,🟢,"🟢 Buy: 100.0% | Sell: 0.0% | Net: 100.0% | Value: 22,944,800"
2025-10-28T11:37:35.721864,GC=F,0,169054.0,-169054.0,0.0,100.0,-100.0,🔴,"🔴 Buy: 0.0% | Sell: 100.0% | Net: -100.0% | Value: -169,054"
2025-10-28T11:37:35.886725,CL=F,0,73155.0,-73155.0,0.0,100.0,-100.0,🔴,"🔴 Buy: 0.0% | Sell: 100.0% | Net: -100.0% | Value: -73,155"
2025-10-28T11:37:35.985334,TSLA,105362500.0,0,105362500.0,100.0,0.0,100.0,🟢,"🟢 Buy: 100.0% | Sell: 0.0% | Net: 100.0% | Value: 105,362,500"
2025-10-28T11:37:36.119913,NVDA,153082200.0,0,153082200.0,100.0,0.0,100.0,🟢,"🟢 Buy: 100.0% | Sell: 0.0% | Net: 100.0% | Value: 153,082,200"
2025-10-28T12:36:29.863992,BTC/USDT,447.896059052,432.043200848,15.852858203999972,50.90079275504775,49.099207244952254,1.8015855100954987,⚪,⚪ Buy: 50.9% | Sell: 49.1% | Net: 1.8% | Value: 16
2025-10-28T12:36:31.095057,ETH/USDT,38479.278973860004,41023.79597889,-2544.517005029993,48.399736735628,51.600263264372,-3.2005265287440037,⚪,"⚪ Buy: 48.4% | Sell: 51.6% | Net: -3.2% | Value: -2,545"
2025-10-28T12:36:32.328560,BNB/USDT,2397.0994200000005,2209.36968,187.72974000000067,52.03767501664128,47.96232498335872,4.0753500332825565,⚪,⚪ Buy: 52.0% | Sell: 48.0% | Net: 4.1% | Value: 188
2025-10-28T12:36:33.682357,XRP/USDT,6148020.91196,5735026.573239999,412994.3387200013,51.73774589066641,48.2622541093336,3.475491781332811,⚪,"⚪ Buy: 51.7% | Sell: 48.3% | Net: 3.5% | Value: 412,994"
2025-10-28T12:36:35.050668,SOL/USDT,71007.28964191,71770.22876105999,-762.939119149989,49.732822391198624,50.267177608801376,-0.5343552176027446,⚪,⚪ Buy: 49.7% | Sell: 50.3% | Net: -0.5% | Value: -763
2025-10-28T12:36:36.342460,DOGE/USDT,9487639.945674807,9809455.307327952,-321815.3616531454,49.16615594877403,50.833844051225974,-1.6676881024519414,⚪,"⚪ Buy: 49.2% | Sell: 50.8% | Net: -1.7% | Value: -321,815"
2025-10-28T12:36:37.690615,ADA/USDT,7516487.302,8210322.948,-693835.6459999997,47.79409926434383,52.20590073565617,-4.411801471312339,⚪,"⚪ Buy: 47.8% | Sell: 52.2% | Net: -4.4% | Value: -693,836"
2025-10-28T12:36:38.966111,TRX/USDT,3860154.6580000003,3815911.4720000005,44243.185999999754,50.28818919255455,49.71181080744545,0.5763783851090891,⚪,"⚪ Buy: 50.3% | Sell: 49.7% | Net: 0.6% | Value: 44,243"
2025-10-28T12:36:40.159665,AVAX/USDT,87559.77285999998,101761.36324,-14201.590380000023,46.24933838013239,53.7506616198676,-7.501323239735208,⚪,"⚪ Buy: 46.2% | Sell: 53.8% | Net: -7.5% | Value: -14,202"
2025-10-28T12:36:41.653589,DOT/USDT,189258.62095999997,210819.68323999998,-21561.062280000013,47.30539471227843,52.69460528772157,-5.38921057544315,⚪,"⚪ Buy: 47.3% | Sell: 52.7% | Net: -5.4% | Value: -21,561"
2025-10-28T12:36:42.965003,LINK/USDT,204270.80291506002,192693.66531483,11577.137600230024,51.45820829403874,48.541791705961266,2.9164165880774684,⚪,"⚪ Buy: 51.5% | Sell: 48.5% | Net: 2.9% | Value: 11,577"
2025-10-28T12:36:44.842653,SUI/USDT,1170789.48,1354882.52,-184093.04000000004,46.35556319268694,53.64443680731307,-7.288873614626129,⚪,"⚪ Buy: 46.4% | Sell: 53.6% | Net: -7.3% | Value: -184,093"
2025-10-28T12:36:46.007901,SHIB/USDT,72366511768.58469,83092783612.28766,-10726271843.702972,46.55013493486388,53.44986506513612,-6.899730130272241,⚪,"⚪ Buy: 46.6% | Sell: 53.4% | Net: -6.9% | Value: -10,726,271,844"
2025-10-28T12:36:47.355676,LTC/USDT,31429.243585188004,36018.104877782,-4588.861292594,46.59818999770363,53.401810002296365,-6.803620004592738,⚪,"⚪ Buy: 46.6% | Sell: 53.4% | Net: -6.8% | Value: -4,589"
2025-10-28T12:36:48.658292,ATOM/USDT,36573.33913596001,40241.78709064,-3668.447954679992,47.61215782952808,52.387842170471934,-4.7756843409438545,⚪,"⚪ Buy: 47.6% | Sell: 52.4% | Net: -4.8% | Value: -3,668"
2025-10-28T12:36:49.955876,XLM/USDT,2662740.9441235154,2592045.382669124,70695.56145439157,50.6726777937091,49.327322206290916,1.345355587418185,⚪,"⚪ Buy: 50.7% | Sell: 49.3% | Net: 1.3% | Value: 70,696"
2025-10-28T12:36:51.317426,UNI/USDT,269662.84136,297433.92094,-27771.07957999996,47.55146904142358,52.4485309585764,-4.897061917152821,⚪,"⚪ Buy: 47.6% | Sell: 52.4% | Net: -4.9% | Value: -27,771"
2025-10-28T12:36:52.674745,ICP/USDT,60914.37712,69873.08507999999,-8958.707959999992,46.575089152544166,53.424910847455834,-6.849821694911666,⚪,"⚪ Buy: 46.6% | Sell: 53.4% | Net: -6.8% | Value: -8,959"
2025-10-28T12:36:54.121601,APT/USDT,60626.68908,64236.58642,-3609.897340000003,48.554459938062415,51.44554006193759,-2.891080123875177,⚪,"⚪ Buy: 48.6% | Sell: 51.4% | Net: -2.9% | Value: -3,610"
2025-10-28T12:36:55.346784,NEAR/USDT,613770.5807800001,679936.93612,-66166.3553399999,47.442762197959986,52.55723780204,-5.114475604080019,⚪,"⚪ Buy: 47.4% | Sell: 52.6% | Net: -5.1% | Value: -66,166"
2025-10-28T12:36:55.767207,AAPL,44701700.0,0,44701700.0,100.0,0.0,100.0,🟢,"🟢 Buy: 100.0% | Sell: 0.0% | Net: 100.0% | Value: 44,701,700"
2025-10-28T12:36:55.968802,MSFT,18688800.0,0,18688800.0,100.0,0.0,100.0,🟢,"🟢 Buy: 100.0% | Sell: 0.0% | Net: 100.0% | Value: 18,688,800"
2025-10-28T12:36:56.076033,GOOG,22944800.0,0,22944800.0,100.0,0.0,100.0,🟢,"🟢 Buy: 100.0% | Sell: 0.0% | Net: 100.0% | Value: 22,944,800"
2025-10-28T12:36:56.182811,GC=F,0,181646.0,-181646.0,0.0,100.0,-100.0,🔴,"🔴 Buy: 0.0% | Sell: 100.0% | Net: -100.0% | Value: -181,646"
2025-10-28T12:36:56.318806,CL=F,0,86875.0,-86875.0,0.0,100.0,-100.0,🔴,"🔴 Buy: 0.0% | Sell: 100.0% | Net: -100.0% | Value: -86,875"
2025-10-28T12:36:56.403226,TSLA,105362500.0,0,105362500.0,100.0,0.0,100.0,🟢,"🟢 Buy: 100.0% | Sell: 0.0% | Net: 100.0% | Value: 105,362,500"
2025-10-28T12:36:56.685502,NVDA,153082200.0,0,153082200.0,100.0,0.0,100.0,🟢,"🟢 Buy: 100.0% | Sell: 0.0% | Net: 100.0% | Value: 153,082,200"
2025-10-28T13:29:07.131725,BTC/USDT,467.52906158599995,433.57433055399997,33.954731031999984,51.884064100089674,48.11593589991033,3.768128200179343,⚪,⚪ Buy: 51.9% | Sell: 48.1% | Net: 3.8% | Value: 34
2025-10-28T13:29:08.455235,ETH/USDT,39696.81298133,40444.64633802,-747.8333566900037,49.533429161983435,50.46657083801658,-0.9331416760331451,⚪,⚪ Buy: 49.5% | Sell: 50.5% | Net: -0.9% | Value: -748
2025-10-28T13:29:09.826257,BNB/USDT,2504.1596400000003,2280.74316,223.41648000000032,52.33459789402619,47.66540210597381,4.669195788052378,⚪,⚪ Buy: 52.3% | Sell: 47.7% | Net: 4.7% | Value: 223
2025-10-28T13:29:12.144292,XRP/USDT,6470859.032654295,5950251.987036195,520607.0456181001,52.09565410369817,47.90434589630183,4.191308207396351,⚪,"⚪ Buy: 52.1% | Sell: 47.9% | Net: 4.2% | Value: 520,607"
2025-10-28T13:29:13.423269,SOL/USDT,76695.15004191,72971.14336106,3724.006680849998,51.24410333020785,48.75589666979215,2.4882066604156963,⚪,"⚪ Buy: 51.2% | Sell: 48.8% | Net: 2.5% | Value: 3,724"
2025-10-28T13:29:14.725567,DOGE/USDT,10364859.682394808,10075331.871007953,289527.8113868553,50.70823164898046,49.29176835101955,1.4164632979609062,⚪,"⚪ Buy: 50.7% | Sell: 49.3% | Net: 1.4% | Value: 289,528"
2025-10-28T13:29:16.060417,ADA/USDT,7842186.694,8219744.746000001,-377558.0520000011,48.82468041464881,51.17531958535119,-2.3506391707023813,⚪,"⚪ Buy: 48.8% | Sell: 51.2% | Net: -2.4% | Value: -377,558"
2025-10-28T13:29:17.405256,TRX/USDT,3943094.2020000005,3781129.238,161964.96400000062,51.04842231234057,48.95157768765943,2.0968446246811396,⚪,"⚪ Buy: 51.0% | Sell: 49.0% | Net: 2.1% | Value: 161,965"
2025-10-28T13:29:18.742836,AVAX/USDT,85776.62140000002,94563.4997,-8786.878299999982,47.563803815145604,52.43619618485439,-4.872392369708784,⚪,"⚪ Buy: 47.6% | Sell: 52.4% | Net: -4.9% | Value: -8,787"
2025-10-28T13:29:20.046517,DOT/USDT,201305.28337999998,218850.79151999997,-17545.50813999999,47.912024936902796,52.087975063097204,-4.175950126194401,⚪,"⚪ Buy: 47.9% | Sell: 52.1% | Net: -4.2% | Value: -17,546"
2025-10-28T13:29:21.492865,LINK/USDT,205577.904495556,188485.26825933403,17092.636236221966,52.168768539918055,47.83123146008194,4.337537079836105,⚪,"⚪ Buy: 52.2% | Sell: 47.8% | Net: 4.3% | Value: 17,093"
2025-10-28T13:29:22.749153,SUI/USDT,1324379.98,1420548.02,-96168.04000000004,48.248259335035385,51.751740664964615,-3.503481329929238,⚪,"⚪ Buy: 48.2% | Sell: 51.8% | Net: -3.5% | Value: -96,168"
2025-10-28T13:29:24.039449,SHIB/USDT,74811117283.95448,81881625524.20226,-7070508240.247772,47.743830341618185,52.256169658381815,-4.51233931676363,⚪,"⚪ Buy: 47.7% | Sell: 52.3% | Net: -4.5% | Value: -7,070,508,240"
2025-10-28T13:29:25.307450,LTC/USDT,34086.195131484004,36995.316331486,-2909.121200001995,47.95367238250308,52.046327617496935,-4.09265523499385,⚪,"⚪ Buy: 48.0% | Sell: 52.0% | Net: -4.1% | Value: -2,909"
2025-10-28T13:29:26.618187,ATOM/USDT,39767.11595596001,39871.40877064,-104.29281467998953,49.9345211284124,50.06547887158761,-0.13095774317521325,⚪,⚪ Buy: 49.9% | Sell: 50.1% | Net: -0.1% | Value: -104
2025-10-28T13:29:27.992935,XLM/USDT,3072787.714123516,2746771.1726691234,326016.5414543925,52.80104169230317,47.19895830769683,5.602083384606346,⚪,"⚪ Buy: 52.8% | Sell: 47.2% | Net: 5.6% | Value: 326,017"
2025-10-28T13:29:29.261498,UNI/USDT,274103.55218,300394.39482,-26290.842639999988,47.711841898018136,52.28815810198187,-4.576316203963735,⚪,"⚪ Buy: 47.7% | Sell: 52.3% | Net: -4.6% | Value: -26,291"
2025-10-28T13:29:30.547015,ICP/USDT,51360.08122000001,63503.55447999999,-12143.473259999984,44.71396095640042,55.28603904359959,-10.572078087199172,⚪,"⚪ Buy: 44.7% | Sell: 55.3% | Net: -10.6% | Value: -12,143"
2025-10-28T13:29:31.986513,APT/USDT,66941.01658,65187.80022,1753.2163599999985,50.66344965559397,49.336550344406014,1.3268993111879577,⚪,"⚪ Buy: 50.7% | Sell: 49.3% | Net: 1.3% | Value: 1,753"
2025-10-28T13:29:33.194345,NEAR/USDT,653931.47824,706710.8677599999,-52779.38951999997,48.06049732043251,51.9395026795675,-3.8790053591349842,⚪,"⚪ Buy: 48.1% | Sell: 51.9% | Net: -3.9% | Value: -52,779"
2025-10-28T13:29:33.976466,AAPL,44701700.0,0,44701700.0,100.0,0.0,100.0,🟢,"🟢 Buy: 100.0% | Sell: 0.0% | Net: 100.0% | Value: 44,701,700"
2025-10-28T13:29:34.400580,MSFT,18688800.0,0,18688800.0,100.0,0.0,100.0,🟢,"🟢 Buy: 100.0% | Sell: 0.0% | Net: 100.0% | Value: 18,688,800"
2025-10-28T13:29:34.636312,GOOG,22944800.0,0,22944800.0,100.0,0.0,100.0,🟢,"🟢 Buy: 100.0% | Sell: 0.0% | Net: 100.0% | Value: 22,944,800"
2025-10-28T13:29:34.872401,GC=F,0,201084.0,-201084.0,0.0,100.0,-100.0,🔴,"🔴 Buy: 0.0% | Sell: 100.0% | Net: -100.0% | Value: -201,084"
2025-10-28T13:29:35.188725,CL=F,0,109762.0,-109762.0,0.0,100.0,-100.0,🔴,"🔴 Buy: 0.0% | Sell: 100.0% | Net: -100.0% | Value: -109,762"
2025-10-28T13:29:35.401558,TSLA,105362500.0,0,105362500.0,100.0,0.0,100.0,🟢,"🟢 Buy: 100.0% | Sell: 0.0% | Net: 100.0% | Value: 105,362,500"
2025-10-28T13:29:35.919655,NVDA,153082200.0,0,153082200.0,100.0,0.0,100.0,🟢,"🟢 Buy: 100.0% | Sell: 0.0% | Net: 100.0% | Value: 153,082,200"
2025-10-28T13:49:02.811053,BTC/USDT,516.063115004,465.930366166,50.132748838,52.55260089803596,47.44739910196404,5.105201796071919,⚪,⚪ Buy: 52.6% | Sell: 47.4% | Net: 5.1% | Value: 50
2025-10-28T13:49:04.388953,ETH/USDT,42562.43434619,42355.06058126,207.37376493000193,50.12210308671209,49.877896913287906,0.24420617342418488,⚪,⚪ Buy: 50.1% | Sell: 49.9% | Net: 0.2% | Value: 207
2025-10-28T13:49:05.901986,BNB/USDT,2555.07558,2314.68712,240.38846000000012,52.46817427058612,47.53182572941388,4.9363485411722445,⚪,⚪ Buy: 52.5% | Sell: 47.5% | Net: 4.9% | Value: 240
2025-10-28T13:49:07.322986,XRP/USDT,6833613.311714295,6192088.173076195,641525.1386381006,52.46253585416179,47.537464145838214,4.9250717083235775,⚪,"⚪ Buy: 52.5% | Sell: 47.5% | Net: 4.9% | Value: 641,525"
2025-10-28T13:49:08.694531,SOL/USDT,80349.52204191001,75407.39136106,4942.1306808500085,51.586488385290444,48.41351161470956,3.172976770580876,⚪,"⚪ Buy: 51.6% | Sell: 48.4% | Net: 3.2% | Value: 4,942"
2025-10-28T13:49:10.082033,DOGE/USDT,10948745.242934808,10464588.911367953,484156.3315668553,51.13050197619404,48.86949802380595,2.261003952388095,⚪,"⚪ Buy: 51.1% | Sell: 48.9% | Net: 2.3% | Value: 484,156"
2025-10-28T13:49:11.434009,ADA/USDT,8352800.890000001,8560154.21,-207353.3200000003,49.38699855000502,50.613001449994975,-1.2260028999899626,⚪,"⚪ Buy: 49.4% | Sell: 50.6% | Net: -1.2% | Value: -207,353"
2025-10-28T13:49:12.732035,TRX/USDT,4121997.4380000005,3900398.062,221599.37600000063,51.381129713687145,48.61887028631286,2.7622594273742878,⚪,"⚪ Buy: 51.4% | Sell: 48.6% | Net: 2.8% | Value: 221,599"
2025-10-28T13:49:14.114565,AVAX/USDT,88586.94706000002,96437.05013999999,-7850.103079999972,47.87862569212726,52.12137430787275,-4.242748615745488,⚪,"⚪ Buy: 47.9% | Sell: 52.1% | Net: -4.2% | Value: -7,850"
2025-10-28T13:49:15.565019,DOT/USDT,208647.81265999997,223745.81103999997,-15097.998380000005,48.25413725452214,51.74586274547786,-3.491725490955709,⚪,"⚪ Buy: 48.3% | Sell: 51.7% | Net: -3.5% | Value: -15,098"
2025-10-28T13:49:16.970039,LINK/USDT,214796.48986981,194630.99184217,20165.498027639987,52.46264588094086,47.53735411905913,4.9252917618817325,⚪,"⚪ Buy: 52.5% | Sell: 47.5% | Net: 4.9% | Value: 20,165"
2025-10-28T13:49:18.261106,SUI/USDT,1408705.42,1476764.98,-68059.56000000006,48.820650525474115,51.17934947452589,-2.3586989490517754,⚪,"⚪ Buy: 48.8% | Sell: 51.2% | Net: -2.4% | Value: -68,060"
2025-10-28T13:49:19.632288,SHIB/USDT,78037135388.2396,84032304260.39233,-5995168872.1527405,48.15043203544409,51.84956796455591,-3.6991359291118195,⚪,"⚪ Buy: 48.2% | Sell: 51.8% | Net: -3.7% | Value: -5,995,168,872"
2025-10-28T13:49:21.026623,LTC/USDT,35462.360531484,37912.759931486,-2450.3994000019957,48.330224615277714,51.66977538472229,-3.339550769444571,⚪,"⚪ Buy: 48.3% | Sell: 51.7% | Net: -3.3% | Value: -2,450"
2025-10-28T13:49:22.453484,ATOM/USDT,39933.97217596001,39982.646250640006,-48.67407467999874,49.96954696304831,50.030453036951705,-0.06090607390339444,⚪,⚪ Buy: 50.0% | Sell: 50.0% | Net: -0.1% | Value: -49
2025-10-28T13:49:23.779404,XLM/USDT,3567649.78955482,3076679.2229566593,490970.56659816066,53.69465875089605,46.305341249103954,7.389317501792096,⚪,"⚪ Buy: 53.7% | Sell: 46.3% | Net: 7.4% | Value: 490,971"
2025-10-28T13:49:25.104417,UNI/USDT,284315.36618,307202.27082,-22886.904639999964,48.06540809534645,51.93459190465355,-3.8691838093071036,⚪,"⚪ Buy: 48.1% | Sell: 51.9% | Net: -3.9% | Value: -22,887"
2025-10-28T13:49:26.473583,ICP/USDT,52663.98118,64372.82111999999,-11708.83993999999,44.997795689091554,55.00220431090844,-10.004408621816893,⚪,"⚪ Buy: 45.0% | Sell: 55.0% | Net: -10.0% | Value: -11,709"
2025-10-28T13:49:27.935473,APT/USDT,68212.11694,66035.20046,2176.9164800000144,50.81078583995602,49.18921416004399,1.6215716799120297,⚪,"⚪ Buy: 50.8% | Sell: 49.2% | Net: 1.6% | Value: 2,177"
2025-10-28T13:49:29.248529,NEAR/USDT,679756.0135,723927.2246,-44171.21109999996,48.42659618990003,51.57340381009997,-3.1468076201999327,⚪,"⚪ Buy: 48.4% | Sell: 51.6% | Net: -3.1% | Value: -44,171"
2025-10-28T13:49:30.163983,AAPL,6817169.0,0,6817169.0,100.0,0.0,100.0,🟢,"🟢 Buy: 100.0% | Sell: 0.0% | Net: 100.0% | Value: 6,817,169"
2025-10-28T13:49:30.635704,MSFT,7488106.0,0,7488106.0,100.0,0.0,100.0,🟢,"🟢 Buy: 100.0% | Sell: 0.0% | Net: 100.0% | Value: 7,488,106"
2025-10-28T13:49:30.958839,GOOG,0,3098187.0,-3098187.0,0.0,100.0,-100.0,🔴,"🔴 Buy: 0.0% | Sell: 100.0% | Net: -100.0% | Value: -3,098,187"
2025-10-28T13:49:31.237057,GC=F,0,209432.0,-209432.0,0.0,100.0,-100.0,🔴,"🔴 Buy: 0.0% | Sell: 100.0% | Net: -100.0% | Value: -209,432"
2025-10-28T13:49:31.483233,CL=F,0,119395.0,-119395.0,0.0,100.0,-100.0,🔴,"🔴 Buy: 0.0% | Sell: 100.0% | Net: -100.0% | Value: -119,395"
2025-10-28T13:49:31.799107,TSLA,0,0,0,0,0,0,⚪,⚪ Buy: 0.0% | Sell: 0.0% | Net: 0.0% | Value: 0
2025-10-28T13:49:32.102002,NVDA,27822529.0,0,27822529.0,100.0,0.0,100.0,🟢,"🟢 Buy: 100.0% | Sell: 0.0% | Net: 100.0% | Value: 27,822,529"
2025-10-28T14:18:56.180814,BTC/USDT,543.464769778,453.952226132,89.51254364599998,54.48721768393031,45.51278231606969,8.974435367860622,⚪,⚪ Buy: 54.5% | Sell: 45.5% | Net: 9.0% | Value: 90
2025-10-28T14:18:58.273904,ETH/USDT,42542.36332352999,39358.23480712,3184.12851640999,51.943898206537256,48.05610179346274,3.887796413074522,⚪,"⚪ Buy: 51.9% | Sell: 48.1% | Net: 3.9% | Value: 3,184"
2025-10-28T14:18:59.737087,BNB/USDT,2415.2493,1998.6136000000001,416.6356999999998,54.719626656278784,45.280373343721216,9.439253312557575,⚪,⚪ Buy: 54.7% | Sell: 45.3% | Net: 9.4% | Value: 417
2025-10-28T14:19:01.087766,XRP/USDT,6739854.922614294,5875214.242976195,864640.6796380989,53.42701521604233,46.57298478395768,6.854030432084647,⚪,"⚪ Buy: 53.4% | Sell: 46.6% | Net: 6.9% | Value: 864,641"
2025-10-28T14:19:02.555593,SOL/USDT,80697.89684191001,73453.66156106,7244.2352808500145,52.34971198342112,47.65028801657887,4.699423966842258,⚪,"⚪ Buy: 52.3% | Sell: 47.7% | Net: 4.7% | Value: 7,244"
2025-10-28T14:19:03.967555,DOGE/USDT,11005953.207614807,9812777.957987951,1193175.2496268563,52.865629130170646,47.134370869829354,5.731258260341298,⚪,"⚪ Buy: 52.9% | Sell: 47.1% | Net: 5.7% | Value: 1,193,175"
2025-10-28T14:19:05.492851,ADA/USDT,8338010.398000001,7968218.082,369792.3160000006,51.13389897747833,48.866101022521676,2.2677979549566607,⚪,"⚪ Buy: 51.1% | Sell: 48.9% | Net: 2.3% | Value: 369,792"
2025-10-28T14:19:07.212355,TRX/USDT,4234162.983,3872631.687,361531.2960000001,52.22980419954315,47.770195800456854,4.459608399086295,⚪,"⚪ Buy: 52.2% | Sell: 47.8% | Net: 4.5% | Value: 361,531"
2025-10-28T14:19:09.109806,AVAX/USDT,89552.92109999999,93005.30109999998,-3452.37999999999,49.05444412242968,50.94555587757033,-1.8911117551406516,⚪,"⚪ Buy: 49.1% | Sell: 50.9% | Net: -1.9% | Value: -3,452"
2025-10-28T14:19:10.411404,DOT/USDT,205063.35192,208168.35608,-3105.0041600000113,49.62430228611595,50.37569771388405,-0.7513954277680965,⚪,"⚪ Buy: 49.6% | Sell: 50.4% | Net: -0.8% | Value: -3,105"
2025-10-28T14:19:11.729780,LINK/USDT,215523.75574981002,182546.52076217,32977.234987640026,54.14213732266037,45.85786267733965,8.284274645320716,⚪,"⚪ Buy: 54.1% | Sell: 45.9% | Net: 8.3% | Value: 32,977"
2025-10-28T14:19:13.107202,SUI/USDT,1401922.76,1393794.1400000001,8128.619999999879,50.14537630759395,49.854623692406044,0.2907526151878925,⚪,"⚪ Buy: 50.1% | Sell: 49.9% | Net: 0.3% | Value: 8,129"
2025-10-28T14:19:14.565293,SHIB/USDT,77514379889.31796,78164333579.56183,-649953690.243866,49.7912515861156,50.20874841388441,-0.41749682776880853,⚪,"⚪ Buy: 49.8% | Sell: 50.2% | Net: -0.4% | Value: -649,953,690"
2025-10-28T14:19:15.904998,LTC/USDT,35000.40553148401,41252.36593148599,-6251.960400001983,45.9005028407144,54.09949715928559,-8.198994318571188,⚪,"⚪ Buy: 45.9% | Sell: 54.1% | Net: -8.2% | Value: -6,252"
2025-10-28T14:19:17.131933,ATOM/USDT,37841.245595960005,36219.97623064,1621.269365320004,51.094546731294756,48.90545326870526,2.189093462589494,⚪,"⚪ Buy: 51.1% | Sell: 48.9% | Net: 2.2% | Value: 1,621"
2025-10-28T14:19:18.692871,XLM/USDT,3671816.75155482,3091951.0709566604,579865.6805981598,54.28655814195916,45.71344185804083,8.573116283918326,⚪,"⚪ Buy: 54.3% | Sell: 45.7% | Net: 8.6% | Value: 579,866"
2025-10-28T14:19:19.915092,UNI/USDT,286592.53928,295049.06562,-8456.526339999982,49.273046643434846,50.726953356565154,-1.4539067131303114,⚪,"⚪ Buy: 49.3% | Sell: 50.7% | Net: -1.5% | Value: -8,457"
2025-10-28T14:19:21.296642,ICP/USDT,55423.41306,62982.53774,-7559.124680000001,46.807962509938314,53.19203749006169,-6.384074980123382,⚪,"⚪ Buy: 46.8% | Sell: 53.2% | Net: -6.4% | Value: -7,559"
2025-10-28T14:19:22.687446,APT/USDT,68971.12038,63021.45272,5949.667659999992,52.25378880048517,47.74621119951484,4.5075776009703326,⚪,"⚪ Buy: 52.3% | Sell: 47.7% | Net: 4.5% | Value: 5,950"
2025-10-28T14:19:24.097334,NEAR/USDT,681365.5642200001,693276.20618,-11910.64195999992,49.56677287797918,50.43322712202082,-0.8664542440416388,⚪,"⚪ Buy: 49.6% | Sell: 50.4% | Net: -0.9% | Value: -11,911"
2025-10-28T14:19:24.538310,AAPL,0,10979466.0,-10979466.0,0.0,100.0,-100.0,🔴,"🔴 Buy: 0.0% | Sell: 100.0% | Net: -100.0% | Value: -10,979,466"
2025-10-28T14:19:24.716933,MSFT,10251671.0,0,10251671.0,100.0,0.0,100.0,🟢,"🟢 Buy: 100.0% | Sell: 0.0% | Net: 100.0% | Value: 10,251,671"
2025-10-28T14:19:24.884996,GOOG,0,4915304.0,-4915304.0,0.0,100.0,-100.0,🔴,"🔴 Buy: 0.0% | Sell: 100.0% | Net: -100.0% | Value: -4,915,304"
2025-10-28T14:19:25.051128,GC=F,0,224833.0,-224833.0,0.0,100.0,-100.0,🔴,"🔴 Buy: 0.0% | Sell: 100.0% | Net: -100.0% | Value: -224,833"
2025-10-28T14:19:25.247549,CL=F,0,132515.0,-132515.0,0.0,100.0,-100.0,🔴,"🔴 Buy: 0.0% | Sell: 100.0% | Net: -100.0% | Value: -132,515"
2025-10-28T14:19:25.500963,TSLA,21895399.0,0,21895399.0,100.0,0.0,100.0,🟢,"🟢 Buy: 100.0% | Sell: 0.0% | Net: 100.0% | Value: 21,895,399"
2025-10-28T14:19:25.783933,NVDA,41308392.0,0,41308392.0,100.0,0.0,100.0,🟢,"🟢 Buy: 100.0% | Sell: 0.0% | Net: 100.0% | Value: 41,308,392"
2025-10-28T14:44:56.199774,BTC/USDT,591.6369297059999,561.9729003040001,29.66402940199987,51.28570460437836,48.71429539562164,2.5714092087567186,⚪,⚪ Buy: 51.3% | Sell: 48.7% | Net: 2.6% | Value: 30
2025-10-28T14:44:57.941842,ETH/USDT,44990.05216083,44890.98799552,99.06416530999559,50.05510848847413,49.94489151152586,0.11021697694827669,⚪,⚪ Buy: 50.1% | Sell: 49.9% | Net: 0.1% | Value: 99
2025-10-28T14:44:59.683745,BNB/USDT,2478.23454,2163.60946,314.6250799999998,53.38900962634677,46.61099037365323,6.778019252693538,⚪,⚪ Buy: 53.4% | Sell: 46.6% | Net: 6.8% | Value: 315
2025-10-28T14:45:01.400191,XRP/USDT,7094817.638906494,6407658.317414495,687159.3214919986,52.5445678396869,47.4554321603131,5.089135679373788,⚪,"⚪ Buy: 52.5% | Sell: 47.5% | Net: 5.1% | Value: 687,159"
2025-10-28T14:45:03.565101,SOL/USDT,85768.31484191,81059.28856106,4709.026280849997,51.411345060647854,48.588654939352146,2.8226901212956963,⚪,"⚪ Buy: 51.4% | Sell: 48.6% | Net: 2.8% | Value: 4,709"
2025-10-28T14:45:04.847099,DOGE/USDT,11989852.341874808,11632660.250227952,357192.0916468557,50.75604170016671,49.243958299833295,1.5120834003334116,⚪,"⚪ Buy: 50.8% | Sell: 49.2% | Net: 1.5% | Value: 357,192"
2025-10-28T14:45:06.025828,ADA/USDT,8910189.728,9168772.162,-258582.43400000036,49.284852649246886,50.71514735075311,-1.4302947015062288,⚪,"⚪ Buy: 49.3% | Sell: 50.7% | Net: -1.4% | Value: -258,582"
2025-10-28T14:45:07.259625,TRX/USDT,4480123.046,4297020.254,183102.79200000037,51.043065982527594,48.9569340174724,2.0861319650551944,⚪,"⚪ Buy: 51.0% | Sell: 49.0% | Net: 2.1% | Value: 183,103"
2025-10-28T14:45:08.422904,AVAX/USDT,92912.32772,100644.04187999999,-7731.714159999989,48.00272288223369,51.997277117766316,-3.994554235532629,⚪,"⚪ Buy: 48.0% | Sell: 52.0% | Net: -4.0% | Value: -7,732"
2025-10-28T14:45:09.861222,DOT/USDT,213470.61456,226666.17914,-13195.564580000006,48.500970065570776,51.49902993442923,-2.99805986885845,⚪,"⚪ Buy: 48.5% | Sell: 51.5% | Net: -3.0% | Value: -13,196"
2025-10-28T14:45:11.168274,LINK/USDT,227132.92901256602,209943.407156304,17189.52185626203,51.966421015483746,48.03357898451626,3.9328420309674783,⚪,"⚪ Buy: 52.0% | Sell: 48.0% | Net: 3.9% | Value: 17,190"
2025-10-28T14:45:12.604746,SUI/USDT,1513473.4,1601700.8,-88227.40000000014,48.58390904752613,51.41609095247386,-2.8321819049477273,⚪,"⚪ Buy: 48.6% | Sell: 51.4% | Net: -2.8% | Value: -88,227"
2025-10-28T14:45:13.902025,SHIB/USDT,79923991661.3887,85077754905.99078,-5153763244.602081,48.438270093553975,51.56172990644602,-3.1234598128920474,⚪,"⚪ Buy: 48.4% | Sell: 51.6% | Net: -3.1% | Value: -5,153,763,245"
2025-10-28T14:45:15.354790,LTC/USDT,38538.988331484004,46560.240131485996,-8021.251800001992,45.28711837646545,54.71288162353455,-9.425763247069098,⚪,"⚪ Buy: 45.3% | Sell: 54.7% | Net: -9.4% | Value: -8,021"
2025-10-28T14:45:16.705807,ATOM/USDT,43692.80073596001,45338.52609064,-1645.7253546799911,49.07576051411361,50.92423948588638,-1.8484789717727712,⚪,"⚪ Buy: 49.1% | Sell: 50.9% | Net: -1.8% | Value: -1,646"
2025-10-28T14:45:18.198520,XLM/USDT,3926753.73955482,3474356.5529566603,452397.18659815984,53.05627918459681,46.9437208154032,6.112558369193606,⚪,"⚪ Buy: 53.1% | Sell: 46.9% | Net: 6.1% | Value: 452,397"
2025-10-28T14:45:19.407783,UNI/USDT,294008.23158,315835.10232,-21826.870739999984,48.2104526255608,51.789547374439216,-3.579094748878419,⚪,"⚪ Buy: 48.2% | Sell: 51.8% | Net: -3.6% | Value: -21,827"
2025-10-28T14:45:20.726646,ICP/USDT,56504.5518,68789.4403,-12284.888500000001,45.09757479425065,54.90242520574935,-9.804850411498702,⚪,"⚪ Buy: 45.1% | Sell: 54.9% | Net: -9.8% | Value: -12,285"
2025-10-28T14:45:22.135782,APT/USDT,70148.57603999999,67030.95856,3117.6174799999862,51.13632747373382,48.86367252626618,2.2726549474676427,⚪,"⚪ Buy: 51.1% | Sell: 48.9% | Net: 2.3% | Value: 3,118"
2025-10-28T14:45:24.103414,NEAR/USDT,697017.42408,733133.06882,-36115.64474000002,48.737348100102174,51.26265189989784,-2.525303799795657,⚪,"⚪ Buy: 48.7% | Sell: 51.3% | Net: -2.5% | Value: -36,116"
2025-10-28T14:45:24.482637,AAPL,0,12799611.0,-12799611.0,0.0,100.0,-100.0,🔴,"🔴 Buy: 0.0% | Sell: 100.0% | Net: -100.0% | Value: -12,799,611"
2025-10-28T14:45:24.756579,MSFT,11992001.0,0,11992001.0,100.0,0.0,100.0,🟢,"🟢 Buy: 100.0% | Sell: 0.0% | Net: 100.0% | Value: 11,992,001"
2025-10-28T14:45:24.903992,GOOG,0,5975282.0,-5975282.0,0.0,100.0,-100.0,🔴,"🔴 Buy: 0.0% | Sell: 100.0% | Net: -100.0% | Value: -5,975,282"
2025-10-28T14:45:25.200595,GC=F,0,237016.0,-237016.0,0.0,100.0,-100.0,🔴,"🔴 Buy: 0.0% | Sell: 100.0% | Net: -100.0% | Value: -237,016"
2025-10-28T14:45:25.337538,CL=F,0,143291.0,-143291.0,0.0,100.0,-100.0,🔴,"🔴 Buy: 0.0% | Sell: 100.0% | Net: -100.0% | Value: -143,291"
2025-10-28T14:45:25.442259,TSLA,28924732.0,0,28924732.0,100.0,0.0,100.0,🟢,"🟢 Buy: 100.0% | Sell: 0.0% | Net: 100.0% | Value: 28,924,732"
2025-10-28T14:45:25.783942,NVDA,50638202.0,0,50638202.0,100.0,0.0,100.0,🟢,"🟢 Buy: 100.0% | Sell: 0.0% | Net: 100.0% | Value: 50,638,202"
2025-10-28T15:20:13.534309,BTC/USDT,645.276891224,602.635670566,42.64122065799995,51.708501940105315,48.2914980598947,3.4170038802106126,⚪,⚪ Buy: 51.7% | Sell: 48.3% | Net: 3.4% | Value: 43
2025-10-28T15:20:14.698083,ETH/USDT,45379.000142250006,43671.4171759,1707.5829663500044,50.95877314097773,49.04122685902227,1.9175462819554578,⚪,"⚪ Buy: 51.0% | Sell: 49.0% | Net: 1.9% | Value: 1,708"
2025-10-28T15:20:16.320765,BNB/USDT,2388.5367,2153.1393000000003,235.39739999999983,52.59152568347015,47.40847431652985,5.183051366940306,⚪,⚪ Buy: 52.6% | Sell: 47.4% | Net: 5.2% | Value: 235
2025-10-28T15:20:17.511861,XRP/USDT,6792014.168326494,6453505.461094495,338508.7072319994,51.27782343276327,48.72217656723674,2.5556468655265348,⚪,"⚪ Buy: 51.3% | Sell: 48.7% | Net: 2.6% | Value: 338,509"
2025-10-28T15:20:18.804972,SOL/USDT,86310.02984191001,85841.09556106,468.9342808500078,50.13619843604052,49.863801563959484,0.2723968720810451,⚪,⚪ Buy: 50.1% | Sell: 49.9% | Net: 0.3% | Value: 469
2025-10-28T15:20:20.087238,DOGE/USDT,12610163.364814807,13145594.979687952,-535431.6148731448,48.96055940634451,51.039440593655485,-2.078881187310976,⚪,"⚪ Buy: 49.0% | Sell: 51.0% | Net: -2.1% | Value: -535,432"
2025-10-28T15:20:21.387514,ADA/USDT,9397527.035999998,9476851.954,-79324.91800000146,49.78986085305898,50.21013914694101,-0.420278293882036,⚪,"⚪ Buy: 49.8% | Sell: 50.2% | Net: -0.4% | Value: -79,325"
2025-10-28T15:20:23.102720,TRX/USDT,4771748.920000001,4453509.660000001,318239.2599999998,51.72482569046861,48.27517430953139,3.4496513809372233,⚪,"⚪ Buy: 51.7% | Sell: 48.3% | Net: 3.4% | Value: 318,239"
2025-10-28T15:20:24.318686,AVAX/USDT,102663.57102000003,107575.66337999998,-4912.092359999951,48.831785043829115,51.168214956170885,-2.3364299123417807,⚪,"⚪ Buy: 48.8% | Sell: 51.2% | Net: -2.3% | Value: -4,912"
2025-10-28T15:20:25.461958,DOT/USDT,207046.69854,209105.98436,-2059.28581999999,49.75258049453753,50.247419505462474,-0.49483901092494675,⚪,"⚪ Buy: 49.8% | Sell: 50.2% | Net: -0.5% | Value: -2,059"
2025-10-28T15:20:26.859943,LINK/USDT,217651.925339496,212973.216240924,4678.709098571999,50.54324616084895,49.456753839151055,1.0864923216979059,⚪,"⚪ Buy: 50.5% | Sell: 49.5% | Net: 1.1% | Value: 4,679"
2025-10-28T15:20:27.939145,SUI/USDT,1555470.32,1664696.1800000002,-109225.8600000001,48.30403396842989,51.69596603157011,-3.3919320631402163,⚪,"⚪ Buy: 48.3% | Sell: 51.7% | Net: -3.4% | Value: -109,226"
2025-10-28T15:20:29.306892,SHIB/USDT,77366221293.39783,80437552836.88235,-3071331543.4845276,49.02685104953545,50.97314895046454,-1.9462979009290913,⚪,"⚪ Buy: 49.0% | Sell: 51.0% | Net: -1.9% | Value: -3,071,331,543"
2025-10-28T15:20:30.516408,LTC/USDT,41435.429531484,51417.951931486,-9982.522400002003,44.62457788681448,55.375422113185536,-10.750844226371056,⚪,"⚪ Buy: 44.6% | Sell: 55.4% | Net: -10.8% | Value: -9,983"
2025-10-28T15:20:31.687599,ATOM/USDT,61836.47619596001,59599.52053064,2236.955665320005,50.92104307026699,49.078956929733,1.8420861405339872,⚪,"⚪ Buy: 50.9% | Sell: 49.1% | Net: 1.8% | Value: 2,237"
2025-10-28T15:20:32.993680,XLM/USDT,4010125.2563662357,3761350.683173784,248774.57319245161,51.60056194684157,48.399438053158434,3.2011238936831368,⚪,"⚪ Buy: 51.6% | Sell: 48.4% | Net: 3.2% | Value: 248,775"
2025-10-28T15:20:34.336875,UNI/USDT,288959.57618,299977.93581999996,-11018.35963999998,49.064556135795954,50.93544386420405,-1.8708877284081005,⚪,"⚪ Buy: 49.1% | Sell: 50.9% | Net: -1.9% | Value: -11,018"
2025-10-28T15:20:35.460386,ICP/USDT,50651.16132,58883.843279999994,-8232.681959999994,46.241985842761366,53.75801415723864,-7.516028314477284,⚪,"⚪ Buy: 46.2% | Sell: 53.8% | Net: -7.5% | Value: -8,233"
2025-10-28T15:20:36.655657,APT/USDT,74352.20693999999,72283.96546,2068.2414799999824,50.70522895072512,49.294771049274885,1.4104579014502308,⚪,"⚪ Buy: 50.7% | Sell: 49.3% | Net: 1.4% | Value: 2,068"
2025-10-28T15:20:37.784992,NEAR/USDT,702067.3330200001,723844.7134799999,-21777.380459999782,49.236370135400215,50.76362986459978,-1.5272597291995582,⚪,"⚪ Buy: 49.2% | Sell: 50.8% | Net: -1.5% | Value: -21,777"
2025-10-28T15:20:38.818532,AAPL,0,14859367.0,-14859367.0,0.0,100.0,-100.0,🔴,"🔴 Buy: 0.0% | Sell: 100.0% | Net: -100.0% | Value: -14,859,367"
2025-10-28T15:20:39.117612,MSFT,13624515.0,0,13624515.0,100.0,0.0,100.0,🟢,"🟢 Buy: 100.0% | Sell: 0.0% | Net: 100.0% | Value: 13,624,515"
2025-10-28T15:20:39.305504,GOOG,0,7431822.0,-7431822.0,0.0,100.0,-100.0,🔴,"🔴 Buy: 0.0% | Sell: 100.0% | Net: -100.0% | Value: -7,431,822"
2025-10-28T15:20:39.482392,GC=F,0,250481.0,-250481.0,0.0,100.0,-100.0,🔴,"🔴 Buy: 0.0% | Sell: 100.0% | Net: -100.0% | Value: -250,481"
2025-10-28T15:20:39.669935,CL=F,0,168291.0,-168291.0,0.0,100.0,-100.0,🔴,"🔴 Buy: 0.0% | Sell: 100.0% | Net: -100.0% | Value: -168,291"
2025-10-28T15:20:39.854906,TSLA,34495644.0,0,34495644.0,100.0,0.0,100.0,🟢,"🟢 Buy: 100.0% | Sell: 0.0% | Net: 100.0% | Value: 34,495,644"
2025-10-28T15:20:40.167340,NVDA,58805666.0,0,58805666.0,100.0,0.0,100.0,🟢,"🟢 Buy: 100.0% | Sell: 0.0% | Net: 100.0% | Value: 58,805,666"
2025-10-28T15:43:41.275459,BTC/USDT,662.8137788219999,668.7381739780001,-5.924395156000173,49.77753796449541,50.2224620355046,-0.4449240710091934,⚪,⚪ Buy: 49.8% | Sell: 50.2% | Net: -0.4% | Value: -6
2025-10-28T15:43:42.639182,ETH/USDT,46875.268637266,47718.812710174,-843.5440729080001,49.554124285107385,50.445875714892615,-0.8917514297852304,⚪,⚪ Buy: 49.6% | Sell: 50.4% | Net: -0.9% | Value: -844
2025-10-28T15:43:43.942238,BNB/USDT,2458.60376,2311.5074400000003,147.09631999999965,51.54185420247644,48.45814579752355,3.0837084049528998,⚪,⚪ Buy: 51.5% | Sell: 48.5% | Net: 3.1% | Value: 147
2025-10-28T15:43:45.287610,XRP/USDT,7260431.444086494,6765783.644934495,494647.79915199894,51.76329749691057,48.23670250308943,3.5265949938211354,⚪,"⚪ Buy: 51.8% | Sell: 48.2% | Net: 3.5% | Value: 494,648"
2025-10-28T15:43:46.514734,SOL/USDT,88034.03724191002,91543.42916106,-3509.391919149988,49.02287519992209,50.97712480007791,-1.954249600155817,⚪,"⚪ Buy: 49.0% | Sell: 51.0% | Net: -2.0% | Value: -3,509"
2025-10-28T15:43:47.837338,DOGE/USDT,12745993.785834806,13753051.791667953,-1007058.0058331471,48.099822118332966,51.90017788166704,-3.8003557633340663,⚪,"⚪ Buy: 48.1% | Sell: 51.9% | Net: -3.8% | Value: -1,007,058"
2025-10-28T15:43:49.332676,ADA/USDT,9642835.831999999,10267741.318,-624905.4860000014,48.4307198096465,51.5692801903535,-3.138560380707003,⚪,"⚪ Buy: 48.4% | Sell: 51.6% | Net: -3.1% | Value: -624,905"
2025-10-28T15:43:50.485434,TRX/USDT,4797532.130000001,4773133.880000001,24398.25,50.12746369988519,49.87253630011481,0.25492739977037393,⚪,"⚪ Buy: 50.1% | Sell: 49.9% | Net: 0.3% | Value: 24,398"
2025-10-28T15:43:51.816515,AVAX/USDT,106312.86124000003,120744.84215999999,-14431.980919999958,46.82195743551242,53.17804256448759,-6.356085128975174,⚪,"⚪ Buy: 46.8% | Sell: 53.2% | Net: -6.4% | Value: -14,432"
2025-10-28T15:43:53.619054,DOT/USDT,211592.45312000002,223848.93698,-12256.483859999978,48.59263678893901,51.407363211060996,-2.814726422121988,⚪,"⚪ Buy: 48.6% | Sell: 51.4% | Net: -2.8% | Value: -12,256"
2025-10-28T15:43:54.986415,LINK/USDT,222875.900117186,233458.793263234,-10582.89314604798,48.84044613530779,51.15955386469221,-2.3191077293844127,⚪,"⚪ Buy: 48.8% | Sell: 51.2% | Net: -2.3% | Value: -10,583"
2025-10-28T15:43:56.436408,SUI/USDT,1587896.9200000002,1713336.0800000003,-125439.16000000015,48.1001165322169,51.899883467783106,-3.7997669355661996,⚪,"⚪ Buy: 48.1% | Sell: 51.9% | Net: -3.8% | Value: -125,439"
2025-10-28T15:43:57.788369,SHIB/USDT,78136799301.61095,82396966366.32414,-4260167064.713196,48.67312429662761,51.32687570337239,-2.65375140674478,⚪,"⚪ Buy: 48.7% | Sell: 51.3% | Net: -2.7% | Value: -4,260,167,065"
2025-10-28T15:43:59.028993,LTC/USDT,43094.651531484,52524.099931486,-9429.448400002002,45.0692472680666,54.930752731933396,-9.8615054638668,⚪,"⚪ Buy: 45.1% | Sell: 54.9% | Net: -9.9% | Value: -9,429"
2025-10-28T15:44:00.697344,ATOM/USDT,57884.311015960004,66625.79151064,-8741.48049468,46.489650109792294,53.5103498902077,-7.020699780415403,⚪,"⚪ Buy: 46.5% | Sell: 53.5% | Net: -7.0% | Value: -8,741"
2025-10-28T15:44:01.951719,XLM/USDT,4246323.340366235,4115647.809173784,130675.53119245078,50.78136798642051,49.21863201357948,1.5627359728410335,⚪,"⚪ Buy: 50.8% | Sell: 49.2% | Net: 1.6% | Value: 130,676"
2025-10-28T15:44:03.146674,UNI/USDT,295028.09906,317364.90353999997,-22336.80447999999,48.17626880245479,51.8237311975452,-3.6474623950904026,⚪,"⚪ Buy: 48.2% | Sell: 51.8% | Net: -3.6% | Value: -22,337"
2025-10-28T15:44:04.684193,ICP/USDT,51344.08316,61048.73733999999,-9704.65417999999,45.68270725086039,54.317292749139604,-8.634585498279217,⚪,"⚪ Buy: 45.7% | Sell: 54.3% | Net: -8.6% | Value: -9,705"
2025-10-28T15:44:06.122779,APT/USDT,75783.548,75483.4165,300.1314999999886,50.09920589766313,49.90079410233687,0.19841179532626146,⚪,⚪ Buy: 50.1% | Sell: 49.9% | Net: 0.2% | Value: 300
2025-10-28T15:44:07.843282,NEAR/USDT,729832.7338,782356.0334,-52523.29959999991,48.263335215177754,51.73666478482224,-3.473329569644479,⚪,"⚪ Buy: 48.3% | Sell: 51.7% | Net: -3.5% | Value: -52,523"
2025-10-28T15:44:09.019743,AAPL,0,16336006.0,-16336006.0,0.0,100.0,-100.0,🔴,"🔴 Buy: 0.0% | Sell: 100.0% | Net: -100.0% | Value: -16,336,006"
2025-10-28T15:44:09.228989,MSFT,14700285.0,0,14700285.0,100.0,0.0,100.0,🟢,"🟢 Buy: 100.0% | Sell: 0.0% | Net: 100.0% | Value: 14,700,285"
2025-10-28T15:44:09.448661,GOOG,0,8166045.0,-8166045.0,0.0,100.0,-100.0,🔴,"🔴 Buy: 0.0% | Sell: 100.0% | Net: -100.0% | Value: -8,166,045"
2025-10-28T15:44:09.549144,GC=F,0,258405.0,-258405.0,0.0,100.0,-100.0,🔴,"🔴 Buy: 0.0% | Sell: 100.0% | Net: -100.0% | Value: -258,405"
2025-10-28T15:44:09.726719,CL=F,0,177268.0,-177268.0,0.0,100.0,-100.0,🔴,"🔴 Buy: 0.0% | Sell: 100.0% | Net: -100.0% | Value: -177,268"
2025-10-28T15:44:09.824486,TSLA,38779554.0,0,38779554.0,100.0,0.0,100.0,🟢,"🟢 Buy: 100.0% | Sell: 0.0% | Net: 100.0% | Value: 38,779,554"
2025-10-28T15:44:10.297638,NVDA,68440734.0,0,68440734.0,100.0,0.0,100.0,🟢,"🟢 Buy: 100.0% | Sell: 0.0% | Net: 100.0% | Value: 68,440,734"
2025-10-28T16:23:25.411129,BTC/USDT,682.6710476620001,694.730944608,-12.059896945999867,49.562223046950706,50.43777695304931,-0.8755539060985961,⚪,⚪ Buy: 49.6% | Sell: 50.4% | Net: -0.9% | Value: -12
2025-10-28T16:23:26.500835,ETH/USDT,47309.280680585995,48980.720455653995,-1671.439775068,49.13208030151381,50.86791969848618,-1.7358393969723735,⚪,"⚪ Buy: 49.1% | Sell: 50.9% | Net: -1.7% | Value: -1,671"
2025-10-28T16:23:27.653011,BNB/USDT,2400.56978,2397.6905200000006,2.879259999999249,50.03000316593912,49.96999683406089,0.0600063318782278,⚪,⚪ Buy: 50.0% | Sell: 50.0% | Net: 0.1% | Value: 3
2025-10-28T16:23:28.826221,XRP/USDT,7057473.605706494,6792133.474014495,265340.13169199973,50.95793378889615,49.04206621110386,1.9158675777922878,⚪,"⚪ Buy: 51.0% | Sell: 49.0% | Net: 1.9% | Value: 265,340"
2025-10-28T16:23:29.961638,SOL/USDT,87439.23484191,90651.22556106,-3211.990719149995,49.0982137078308,50.90178629216919,-1.8035725843383965,⚪,"⚪ Buy: 49.1% | Sell: 50.9% | Net: -1.8% | Value: -3,212"
2025-10-28T16:23:31.171666,DOGE/USDT,12472021.256834807,13418418.101667952,-946396.8448331449,48.172304394435976,51.82769560556402,-3.65539121112804,⚪,"⚪ Buy: 48.2% | Sell: 51.8% | Net: -3.7% | Value: -946,397"
2025-10-28T16:23:32.341769,ADA/USDT,9480390.338,10596558.862000002,-1116168.524000002,47.220273576226404,52.77972642377359,-5.559452847547186,⚪,"⚪ Buy: 47.2% | Sell: 52.8% | Net: -5.6% | Value: -1,116,169"
2025-10-28T16:23:33.421918,TRX/USDT,4672694.426,4777415.364,-104720.93800000008,49.445927400172565,50.554072599827435,-1.108145199654872,⚪,"⚪ Buy: 49.4% | Sell: 50.6% | Net: -1.1% | Value: -104,721"
2025-10-28T16:23:34.588409,AVAX/USDT,109280.35267999998,132662.48322,-23382.130540000013,45.167839863284,54.832160136716,-9.664320273432,⚪,"⚪ Buy: 45.2% | Sell: 54.8% | Net: -9.7% | Value: -23,382"
2025-10-28T16:23:35.743840,DOT/USDT,199636.42626,224031.96493999998,-24395.53867999997,47.12091588767079,52.879084112329224,-5.75816822465843,⚪,"⚪ Buy: 47.1% | Sell: 52.9% | Net: -5.8% | Value: -24,396"
2025-10-28T16:23:36.960837,LINK/USDT,229081.16590787398,253092.424757026,-24011.258849152015,47.51010224180452,52.48989775819548,-4.979795516390966,⚪,"⚪ Buy: 47.5% | Sell: 52.5% | Net: -5.0% | Value: -24,011"
2025-10-28T16:23:38.074096,SUI/USDT,1551290.7,1730810.8000000003,-179520.10000000033,47.26516532166967,52.734834678330344,-5.469669356660674,⚪,"⚪ Buy: 47.3% | Sell: 52.7% | Net: -5.5% | Value: -179,520"
2025-10-28T16:23:39.317544,SHIB/USDT,70230774517.16318,78841245829.0211,-8610471311.857925,47.11197604625531,52.8880239537447,-5.776047907489384,⚪,"⚪ Buy: 47.1% | Sell: 52.9% | Net: -5.8% | Value: -8,610,471,312"
2025-10-28T16:23:40.506394,LTC/USDT,43019.031531484005,52133.772931486004,-9114.741400002,45.21047148770633,54.789528512293685,-9.579057024587357,⚪,"⚪ Buy: 45.2% | Sell: 54.8% | Net: -9.6% | Value: -9,115"
2025-10-28T16:23:41.603602,ATOM/USDT,59261.25891596001,70085.16681064,-10823.907894679993,45.81592307871014,54.18407692128985,-8.368153842579712,⚪,"⚪ Buy: 45.8% | Sell: 54.2% | Net: -8.4% | Value: -10,824"
2025-10-28T16:23:42.811502,XLM/USDT,4206429.002406235,4178806.757233784,27622.245172450785,50.164707623996705,49.83529237600329,0.32941524799341615,⚪,"⚪ Buy: 50.2% | Sell: 49.8% | Net: 0.3% | Value: 27,622"
2025-10-28T16:23:43.869483,UNI/USDT,293488.00622,328999.40028,-35511.39406000002,47.147621486861354,52.852378513138646,-5.704757026277289,⚪,"⚪ Buy: 47.1% | Sell: 52.9% | Net: -5.7% | Value: -35,511"
2025-10-28T16:23:44.986081,ICP/USDT,49926.544259999995,62053.453839999995,-12126.90958,44.585234066011296,55.414765933988704,-10.829531867977412,⚪,"⚪ Buy: 44.6% | Sell: 55.4% | Net: -10.8% | Value: -12,127"
2025-10-28T16:23:46.127310,APT/USDT,70668.22946,73739.27444,-3071.0449799999915,48.936674031106214,51.06332596889377,-2.1266519377875563,⚪,"⚪ Buy: 48.9% | Sell: 51.1% | Net: -2.1% | Value: -3,071"
2025-10-28T16:23:47.284386,NEAR/USDT,696123.7356,779296.4822999999,-83172.7466999999,47.1813878618804,52.81861213811959,-5.637224276239186,⚪,"⚪ Buy: 47.2% | Sell: 52.8% | Net: -5.6% | Value: -83,173"
2025-10-28T16:23:47.649542,AAPL,0,17893053.0,-17893053.0,0.0,100.0,-100.0,🔴,"🔴 Buy: 0.0% | Sell: 100.0% | Net: -100.0% | Value: -17,893,053"
2025-10-28T16:23:47.851523,MSFT,16532196.0,0,16532196.0,100.0,0.0,100.0,🟢,"🟢 Buy: 100.0% | Sell: 0.0% | Net: 100.0% | Value: 16,532,196"
2025-10-28T16:23:48.041188,GOOG,0,9327821.0,-9327821.0,0.0,100.0,-100.0,🔴,"🔴 Buy: 0.0% | Sell: 100.0% | Net: -100.0% | Value: -9,327,821"
2025-10-28T16:23:48.145539,GC=F,0,272432.0,-272432.0,0.0,100.0,-100.0,🔴,"🔴 Buy: 0.0% | Sell: 100.0% | Net: -100.0% | Value: -272,432"
2025-10-28T16:23:48.273198,CL=F,0,201354.0,-201354.0,0.0,100.0,-100.0,🔴,"🔴 Buy: 0.0% | Sell: 100.0% | Net: -100.0% | Value: -201,354"
2025-10-28T16:23:48.459489,TSLA,45429578.0,0,45429578.0,100.0,0.0,100.0,🟢,"🟢 Buy: 100.0% | Sell: 0.0% | Net: 100.0% | Value: 45,429,578"
2025-10-28T16:23:48.617182,NVDA,80851574.0,0,80851574.0,100.0,0.0,100.0,🟢,"🟢 Buy: 100.0% | Sell: 0.0% | Net: 100.0% | Value: 80,851,574"
2025-10-28T16:50:30.021185,BTC/USDT,757.381744582,744.538075888,12.84366869400003,50.42757504491754,49.572424955082454,0.8551500898350767,⚪,⚪ Buy: 50.4% | Sell: 49.6% | Net: 0.9% | Value: 13
2025-10-28T16:50:31.443896,ETH/USDT,50984.083864866,51430.589245174,-446.5053803080009,49.78201103086653,50.217988969133486,-0.43597793826696185,⚪,⚪ Buy: 49.8% | Sell: 50.2% | Net: -0.4% | Value: -447
2025-10-28T16:50:33.382420,BNB/USDT,2524.6169599999994,2436.4425400000005,88.17441999999892,50.88866521354964,49.111334786450364,1.7773304270992705,⚪,⚪ Buy: 50.9% | Sell: 49.1% | Net: 1.8% | Value: 88
2025-10-28T16:50:36.799925,XRP/USDT,7565043.401386494,6968858.283134495,596185.1182519989,52.0510153818054,47.948984618194594,4.102030763610798,⚪,"⚪ Buy: 52.1% | Sell: 47.9% | Net: 4.1% | Value: 596,185"
2025-10-28T16:50:39.464333,SOL/USDT,94297.70704190999,93323.98836106,973.7186808499973,50.259489895014184,49.740510104985816,0.5189797900283678,⚪,⚪ Buy: 50.3% | Sell: 49.7% | Net: 0.5% | Value: 974
2025-10-28T16:50:40.726780,DOGE/USDT,13710406.478794806,13879090.389007952,-168683.91021314636,49.69429687133947,50.30570312866054,-0.6114062573210688,⚪,"⚪ Buy: 49.7% | Sell: 50.3% | Net: -0.6% | Value: -168,684"
2025-10-28T16:50:42.244012,ADA/USDT,10277156.231999999,10861500.858000001,-584344.626000002,48.61782935521378,51.38217064478622,-2.76434128957244,⚪,"⚪ Buy: 48.6% | Sell: 51.4% | Net: -2.8% | Value: -584,345"
2025-10-28T16:50:43.646857,TRX/USDT,4910952.196,4872722.174000001,38230.02199999988,50.19537660675434,49.80462339324566,0.3907532135086777,⚪,"⚪ Buy: 50.2% | Sell: 49.8% | Net: 0.4% | Value: 38,230"
2025-10-28T16:50:46.505626,AVAX/USDT,124998.39709999999,137173.7249,-12175.327800000014,47.67798961477682,52.322010385223194,-4.644020770446377,⚪,"⚪ Buy: 47.7% | Sell: 52.3% | Net: -4.6% | Value: -12,175"
2025-10-28T16:50:49.251022,DOT/USDT,219666.62072,231393.42487999998,-11726.80415999997,48.700083916277606,51.299916083722394,-2.5998321674447973,⚪,"⚪ Buy: 48.7% | Sell: 51.3% | Net: -2.6% | Value: -11,727"
2025-10-28T16:50:50.694004,LINK/USDT,259882.71404787397,262795.973517026,-2913.2594691520208,49.72131449603153,50.27868550396847,-0.557371007936934,⚪,"⚪ Buy: 49.7% | Sell: 50.3% | Net: -0.6% | Value: -2,913"
2025-10-28T16:50:54.235071,SUI/USDT,1641496.52,1766058.0800000003,-124561.56000000029,48.17227345381347,51.827726546186526,-3.6554530923730546,⚪,"⚪ Buy: 48.2% | Sell: 51.8% | Net: -3.7% | Value: -124,562"
2025-10-28T16:50:55.525989,SHIB/USDT,73718770246.12564,80231846790.99715,-6513076544.871506,47.884686443542805,52.11531355645719,-4.230627112914383,⚪,"⚪ Buy: 47.9% | Sell: 52.1% | Net: -4.2% | Value: -6,513,076,545"
2025-10-28T16:50:57.246248,LTC/USDT,44153.558131484,52475.646331486,-8322.088200002,45.69380279685984,54.30619720314016,-8.612394406280318,⚪,"⚪ Buy: 45.7% | Sell: 54.3% | Net: -8.6% | Value: -8,322"
2025-10-28T16:50:59.803735,ATOM/USDT,73413.25403596001,78757.41849064,-5344.164454679994,48.24402285737884,51.75597714262117,-3.5119542852423247,⚪,"⚪ Buy: 48.2% | Sell: 51.8% | Net: -3.5% | Value: -5,344"
2025-10-28T16:51:02.611032,XLM/USDT,4563520.820406236,4361732.789233784,201788.03117245156,51.13043303864499,48.869566961355,2.26086607728999,⚪,"⚪ Buy: 51.1% | Sell: 48.9% | Net: 2.3% | Value: 201,788"
2025-10-28T16:51:03.858476,UNI/USDT,313620.34176,334573.65294,-20953.31118000002,48.38371603630039,51.616283963699615,-3.2325679273992236,⚪,"⚪ Buy: 48.4% | Sell: 51.6% | Net: -3.2% | Value: -20,953"
2025-10-28T16:51:05.678392,ICP/USDT,53601.62157999999,62820.304319999996,-9218.682740000004,46.04083050991686,53.959169490083134,-7.918338980166283,⚪,"⚪ Buy: 46.0% | Sell: 54.0% | Net: -7.9% | Value: -9,219"
2025-10-28T16:51:06.907705,APT/USDT,73711.78356,74672.48344,-960.6998800000001,49.6762797365842,50.323720263415794,-0.6474405268315947,⚪,⚪ Buy: 49.7% | Sell: 50.3% | Net: -0.6% | Value: -961
2025-10-28T16:51:10.127511,NEAR/USDT,743843.79032,799953.40288,-56109.61255999992,48.18274016797196,51.81725983202804,-3.6345196640560857,⚪,"⚪ Buy: 48.2% | Sell: 51.8% | Net: -3.6% | Value: -56,110"
2025-10-28T16:51:10.693585,AAPL,19308756.0,0,19308756.0,100.0,0.0,100.0,🟢,"🟢 Buy: 100.0% | Sell: 0.0% | Net: 100.0% | Value: 19,308,756"
2025-10-28T16:51:10.855123,MSFT,17564128.0,0,17564128.0,100.0,0.0,100.0,🟢,"🟢 Buy: 100.0% | Sell: 0.0% | Net: 100.0% | Value: 17,564,128"
2025-10-28T16:51:10.961718,GOOG,0,10172251.0,-10172251.0,0.0,100.0,-100.0,🔴,"🔴 Buy: 0.0% | Sell: 100.0% | Net: -100.0% | Value: -10,172,251"
2025-10-28T16:51:11.056203,GC=F,0,282096.0,-282096.0,0.0,100.0,-100.0,🔴,"🔴 Buy: 0.0% | Sell: 100.0% | Net: -100.0% | Value: -282,096"
2025-10-28T16:51:11.183350,CL=F,0,220502.0,-220502.0,0.0,100.0,-100.0,🔴,"🔴 Buy: 0.0% | Sell: 100.0% | Net: -100.0% | Value: -220,502"
2025-10-28T16:51:11.287764,TSLA,49521288.0,0,49521288.0,100.0,0.0,100.0,🟢,"🟢 Buy: 100.0% | Sell: 0.0% | Net: 100.0% | Value: 49,521,288"
2025-10-28T16:51:11.414575,NVDA,94361143.0,0,94361143.0,100.0,0.0,100.0,🟢,"🟢 Buy: 100.0% | Sell: 0.0% | Net: 100.0% | Value: 94,361,143"
2025-10-28T17:17:13.556686,BTC/USDT,748.173716456,700.997966614,47.17574984199996,51.62767981161696,48.37232018838305,3.2553596232339026,⚪,⚪ Buy: 51.6% | Sell: 48.4% | Net: 3.3% | Value: 47
2025-10-28T17:17:15.530466,ETH/USDT,50204.297257906,48294.025235534,1910.2720223720025,50.969697744090624,49.03030225590936,1.93939548818126,⚪,"⚪ Buy: 51.0% | Sell: 49.0% | Net: 1.9% | Value: 1,910"
2025-10-28T17:17:17.474814,BNB/USDT,2262.5326,2015.3718999999999,247.16070000000013,52.88880572252139,47.11119427747861,5.777611445042781,⚪,⚪ Buy: 52.9% | Sell: 47.1% | Net: 5.8% | Value: 247
2025-10-28T17:17:19.139780,XRP/USDT,7569828.586526493,6657188.3921944965,912640.1943319961,53.20741936168702,46.79258063831297,6.41483872337406,⚪,"⚪ Buy: 53.2% | Sell: 46.8% | Net: 6.4% | Value: 912,640"
2025-10-28T17:17:20.387517,SOL/USDT,93390.440442166,88696.746961444,4693.693480721995,51.2888588010089,48.7111411989911,2.5777176020178008,⚪,"⚪ Buy: 51.3% | Sell: 48.7% | Net: 2.6% | Value: 4,694"
2025-10-28T17:17:22.461411,DOGE/USDT,13315319.789114805,12914704.58758795,400615.2015268542,50.763657699614406,49.23634230038559,1.5273153992288189,⚪,"⚪ Buy: 50.8% | Sell: 49.2% | Net: 1.5% | Value: 400,615"
2025-10-28T17:17:24.297707,ADA/USDT,10009842.442000002,10121026.038,-111183.59599999897,49.72384798969189,50.276152010308095,-0.5523040206161982,⚪,"⚪ Buy: 49.7% | Sell: 50.3% | Net: -0.6% | Value: -111,184"
2025-10-28T17:17:26.057220,TRX/USDT,4970428.078,4826578.182,143849.89599999972,50.734152312361594,49.265847687638406,1.4683046247231828,⚪,"⚪ Buy: 50.7% | Sell: 49.3% | Net: 1.5% | Value: 143,850"
2025-10-28T17:17:29.733683,AVAX/USDT,122415.01078,127858.61562000001,-5443.6048400000145,48.9124693403971,51.0875306596029,-2.1750613192057915,⚪,"⚪ Buy: 48.9% | Sell: 51.1% | Net: -2.2% | Value: -5,444"
2025-10-28T17:17:32.088454,DOT/USDT,208150.06754000002,212345.33406,-4195.266519999976,49.50115191461823,50.49884808538177,-0.9976961707635414,⚪,"⚪ Buy: 49.5% | Sell: 50.5% | Net: -1.0% | Value: -4,195"
2025-10-28T17:17:33.908962,LINK/USDT,268958.15796787397,261701.215797026,7256.942170847964,50.683766511025865,49.31623348897413,1.3675330220517379,⚪,"⚪ Buy: 50.7% | Sell: 49.3% | Net: 1.4% | Value: 7,257"
2025-10-28T17:17:35.487894,SUI/USDT,1532529.62,1571370.58,-38840.95999999996,49.37432008928638,50.62567991071363,-1.2513598214272468,⚪,"⚪ Buy: 49.4% | Sell: 50.6% | Net: -1.3% | Value: -38,841"
2025-10-28T17:17:37.337173,SHIB/USDT,70294580041.29205,72843632200.42432,-2549052159.132263,49.109583625779926,50.89041637422008,-1.7808327484401574,⚪,"⚪ Buy: 49.1% | Sell: 50.9% | Net: -1.8% | Value: -2,549,052,159"
2025-10-28T17:17:39.036345,LTC/USDT,43394.72593148401,50611.03953148601,-7216.313600001995,46.1617707358361,53.83822926416391,-7.676458528327804,⚪,"⚪ Buy: 46.2% | Sell: 53.8% | Net: -7.7% | Value: -7,216"
2025-10-28T17:17:40.861375,ATOM/USDT,149320.02653596,128504.83769064001,20815.188845319994,53.74609898636405,46.25390101363593,7.492197972728125,⚪,"⚪ Buy: 53.7% | Sell: 46.3% | Net: 7.5% | Value: 20,815"
2025-10-28T17:17:42.520011,XLM/USDT,4681100.494406235,4359703.265233784,321397.2291724514,51.77748150339926,48.22251849660075,3.5549630067985083,⚪,"⚪ Buy: 51.8% | Sell: 48.2% | Net: 3.6% | Value: 321,397"
2025-10-28T17:17:45.101745,UNI/USDT,312265.4557,319646.9895,-7381.533800000034,49.41593698177097,50.584063018229045,-1.1681260364580701,⚪,"⚪ Buy: 49.4% | Sell: 50.6% | Net: -1.2% | Value: -7,382"
2025-10-28T17:17:47.518211,ICP/USDT,49017.96726,55363.24794,-6345.2806800000035,46.96052557548688,53.03947442451312,-6.07894884902624,⚪,"⚪ Buy: 47.0% | Sell: 53.0% | Net: -6.1% | Value: -6,345"
2025-10-28T17:17:49.350248,APT/USDT,72315.43037999999,70790.78512,1524.6452599999902,50.53269707911463,49.467302920885366,1.0653941582292703,⚪,"⚪ Buy: 50.5% | Sell: 49.5% | Net: 1.1% | Value: 1,525"
2025-10-28T17:17:50.648173,NEAR/USDT,709099.91,743838.4813999999,-34738.5713999999,48.80454079795747,51.19545920204253,-2.3909184040850513,⚪,"⚪ Buy: 48.8% | Sell: 51.2% | Net: -2.4% | Value: -34,739"
2025-10-28T17:17:51.107611,AAPL,21059027.0,0,21059027.0,100.0,0.0,100.0,🟢,"🟢 Buy: 100.0% | Sell: 0.0% | Net: 100.0% | Value: 21,059,027"
2025-10-28T17:17:51.285860,MSFT,18317342.0,0,18317342.0,100.0,0.0,100.0,🟢,"🟢 Buy: 100.0% | Sell: 0.0% | Net: 100.0% | Value: 18,317,342"
2025-10-28T17:17:51.421808,GOOG,0,11298853.0,-11298853.0,0.0,100.0,-100.0,🔴,"🔴 Buy: 0.0% | Sell: 100.0% | Net: -100.0% | Value: -11,298,853"
2025-10-28T17:17:51.563207,GC=F,0,288617.0,-288617.0,0.0,100.0,-100.0,🔴,"🔴 Buy: 0.0% | Sell: 100.0% | Net: -100.0% | Value: -288,617"
2025-10-28T17:17:51.690653,CL=F,0,227852.0,-227852.0,0.0,100.0,-100.0,🔴,"🔴 Buy: 0.0% | Sell: 100.0% | Net: -100.0% | Value: -227,852"
2025-10-28T17:17:51.789477,TSLA,52331472.0,0,52331472.0,100.0,0.0,100.0,🟢,"🟢 Buy: 100.0% | Sell: 0.0% | Net: 100.0% | Value: 52,331,472"
2025-10-28T17:17:51.973694,NVDA,0,0,0,0,0,0,⚪,⚪ Buy: 0.0% | Sell: 0.0% | Net: 0.0% | Value: 0
2025-10-28T17:42:13.690545,BTC/USDT,769.626060452,715.299529278,54.326531174000024,51.829267794619874,48.17073220538014,3.658535589239732,⚪,⚪ Buy: 51.8% | Sell: 48.2% | Net: 3.7% | Value: 54
2025-10-28T17:42:15.527492,ETH/USDT,52295.405991886,49688.097724854,2607.308267032,51.27829902484711,48.72170097515289,2.556598049694213,⚪,"⚪ Buy: 51.3% | Sell: 48.7% | Net: 2.6% | Value: 2,607"
2025-10-28T17:42:17.450325,BNB/USDT,2361.07838,2042.9152199999999,318.16316000000006,53.612211879690285,46.38778812030971,7.224423759380579,⚪,⚪ Buy: 53.6% | Sell: 46.4% | Net: 7.2% | Value: 318
2025-10-28T17:42:21.248563,XRP/USDT,7954264.697186492,6913479.132634496,1040785.5645519961,53.500146277959274,46.49985372204073,7.000292555918536,⚪,"⚪ Buy: 53.5% | Sell: 46.5% | Net: 7.0% | Value: 1,040,786"
2025-10-28T17:42:23.009343,SOL/USDT,95768.366436166,90282.030957444,5486.335478722001,51.474421865145246,48.525578134854754,2.9488437302904855,⚪,"⚪ Buy: 51.5% | Sell: 48.5% | Net: 2.9% | Value: 5,486"
2025-10-28T17:42:26.226997,DOGE/USDT,13859735.145794805,13277648.158707952,582086.987086853,51.07248178749473,48.92751821250528,2.144963574989452,⚪,"⚪ Buy: 51.1% | Sell: 48.9% | Net: 2.1% | Value: 582,087"
2025-10-28T17:42:27.597276,ADA/USDT,10378437.082,10366755.798,11681.283999999985,50.02815419472735,49.97184580527264,0.05630838945470428,⚪,"⚪ Buy: 50.0% | Sell: 50.0% | Net: 0.1% | Value: 11,681"
2025-10-28T17:42:30.522167,TRX/USDT,5208621.617,5029766.743,178854.87399999984,50.87345228424213,49.12654771575787,1.7469045684842515,⚪,"⚪ Buy: 50.9% | Sell: 49.1% | Net: 1.7% | Value: 178,855"
2025-10-28T17:42:32.644738,AVAX/USDT,127943.39458,131544.20482,-3600.8102400000207,49.306169110137446,50.693830889862554,-1.3876617797251165,⚪,"⚪ Buy: 49.3% | Sell: 50.7% | Net: -1.4% | Value: -3,601"
2025-10-28T17:42:35.832963,DOT/USDT,216320.63656,215296.41024,1024.2263200000161,50.11864989202739,49.88135010797261,0.23729978405477942,⚪,"⚪ Buy: 50.1% | Sell: 49.9% | Net: 0.2% | Value: 1,024"
2025-10-28T17:42:37.636388,LINK/USDT,282939.66714787396,271022.22191702604,11917.445230847923,51.07565569636612,48.92434430363388,2.1513113927322394,⚪,"⚪ Buy: 51.1% | Sell: 48.9% | Net: 2.2% | Value: 11,917"
2025-10-28T17:42:38.937945,SUI/USDT,1572250.6400000001,1597851.2600000002,-25600.62000000011,49.59621771148745,50.40378228851255,-0.8075645770251142,⚪,"⚪ Buy: 49.6% | Sell: 50.4% | Net: -0.8% | Value: -25,601"
2025-10-28T17:42:41.629243,SHIB/USDT,72191162394.7598,74108020436.06947,-1916858041.3096771,49.34488422825771,50.655115771742274,-1.3102315434845628,⚪,"⚪ Buy: 49.3% | Sell: 50.7% | Net: -1.3% | Value: -1,916,858,041"
2025-10-28T17:42:43.435190,LTC/USDT,44010.47773148401,51021.540731486006,-7011.0630000019955,46.31121009876586,53.68878990123414,-7.377579802468273,⚪,"⚪ Buy: 46.3% | Sell: 53.7% | Net: -7.4% | Value: -7,011"
2025-10-28T17:42:45.844027,ATOM/USDT,196905.152325904,160228.25488393602,36676.89744196797,55.13490151040642,44.86509848959358,10.26980302081284,⚪,"⚪ Buy: 55.1% | Sell: 44.9% | Net: 10.3% | Value: 36,677"
2025-10-28T17:42:47.688993,XLM/USDT,5129644.606406236,4658732.673233784,470911.93317245226,52.405464765605004,47.594535234395,4.8109295312100055,⚪,"⚪ Buy: 52.4% | Sell: 47.6% | Net: 4.8% | Value: 470,912"
2025-10-28T17:42:48.965100,UNI/USDT,325216.0576,328280.72410000005,-3064.6665000000503,49.76551785824961,50.23448214175039,-0.46896428350077823,⚪,"⚪ Buy: 49.8% | Sell: 50.2% | Net: -0.5% | Value: -3,065"
2025-10-28T17:42:50.787357,ICP/USDT,50457.04608,56322.63382,-5865.587740000003,47.25341575031262,52.74658424968738,-5.49316849937476,⚪,"⚪ Buy: 47.3% | Sell: 52.7% | Net: -5.5% | Value: -5,866"
2025-10-28T17:42:52.063843,APT/USDT,73279.10712,71433.23628,1845.8708400000032,50.63777242377239,49.36222757622761,1.2755448475447762,⚪,"⚪ Buy: 50.6% | Sell: 49.4% | Net: 1.3% | Value: 1,846"
2025-10-28T17:42:53.552686,NEAR/USDT,718830.0522,758433.6947,-39603.64249999996,48.659560874518604,51.34043912548138,-2.6808782509627807,⚪,"⚪ Buy: 48.7% | Sell: 51.3% | Net: -2.7% | Value: -39,604"
2025-10-28T17:42:53.924882,AAPL,22372039.0,0,22372039.0,100.0,0.0,100.0,🟢,"🟢 Buy: 100.0% | Sell: 0.0% | Net: 100.0% | Value: 22,372,039"
2025-10-28T17:42:54.096700,MSFT,18951561.0,0,18951561.0,100.0,0.0,100.0,🟢,"🟢 Buy: 100.0% | Sell: 0.0% | Net: 100.0% | Value: 18,951,561"
2025-10-28T17:42:54.205137,GOOG,0,11990287.0,-11990287.0,0.0,100.0,-100.0,🔴,"🔴 Buy: 0.0% | Sell: 100.0% | Net: -100.0% | Value: -11,990,287"
2025-10-28T17:42:54.326872,GC=F,0,299165.0,-299165.0,0.0,100.0,-100.0,🔴,"🔴 Buy: 0.0% | Sell: 100.0% | Net: -100.0% | Value: -299,165"
2025-10-28T17:42:54.472879,CL=F,0,232640.0,-232640.0,0.0,100.0,-100.0,🔴,"🔴 Buy: 0.0% | Sell: 100.0% | Net: -100.0% | Value: -232,640"
2025-10-28T17:42:54.579642,TSLA,55007858.0,0,55007858.0,100.0,0.0,100.0,🟢,"🟢 Buy: 100.0% | Sell: 0.0% | Net: 100.0% | Value: 55,007,858"
2025-10-28T17:42:54.741133,NVDA,136723726.0,0,136723726.0,100.0,0.0,100.0,🟢,"🟢 Buy: 100.0% | Sell: 0.0% | Net: 100.0% | Value: 136,723,726"
2025-10-28T18:27:25.233333,BTC/USDT,725.603598726,726.380926044,-0.7773273180000615,49.973232245084596,50.026767754915404,-0.0535355098308085,⚪,⚪ Buy: 50.0% | Sell: 50.0% | Net: -0.1% | Value: -1
2025-10-28T18:27:26.755790,ETH/USDT,50324.113432410006,49630.229274490004,693.8841579200016,50.34710055567806,49.652899444321946,0.6942011113561168,⚪,⚪ Buy: 50.3% | Sell: 49.7% | Net: 0.7% | Value: 694
2025-10-28T18:27:28.118917,BNB/USDT,2316.5717600000003,2075.80744,240.76432000000023,52.74070508302198,47.25929491697802,5.481410166043957,⚪,⚪ Buy: 52.7% | Sell: 47.3% | Net: 5.5% | Value: 241
2025-10-28T18:27:29.401333,XRP/USDT,7461413.883506493,6584911.923514497,876501.9599919962,53.12003997356334,46.87996002643666,6.240079947126677,⚪,"⚪ Buy: 53.1% | Sell: 46.9% | Net: 6.2% | Value: 876,502"
2025-10-28T18:27:30.789216,SOL/USDT,91876.35359109001,89562.32439406,2314.029197030017,50.637689059115445,49.362310940884555,1.2753781182308936,⚪,"⚪ Buy: 50.6% | Sell: 49.4% | Net: 1.3% | Value: 2,314"
2025-10-28T18:27:32.087008,DOGE/USDT,13297910.897253694,13060735.018680543,237175.8785731513,50.44990148456332,49.550098515436694,0.8998029691266295,⚪,"⚪ Buy: 50.4% | Sell: 49.6% | Net: 0.9% | Value: 237,176"
2025-10-28T18:27:33.395593,ADA/USDT,9474935.407999998,9909828.212,-434892.8040000014,48.878261266102555,51.121738733897445,-2.243477467794892,⚪,"⚪ Buy: 48.9% | Sell: 51.1% | Net: -2.2% | Value: -434,893"
2025-10-28T18:27:34.928915,TRX/USDT,4194017.9819999994,4298747.057999999,-104729.07599999988,49.38342179780826,50.61657820219173,-1.2331564043834644,⚪,"⚪ Buy: 49.4% | Sell: 50.6% | Net: -1.2% | Value: -104,729"
2025-10-28T18:27:36.197340,AVAX/USDT,120785.66275999999,136954.69714,-16169.034380000012,46.86330957513341,53.13669042486659,-6.273380849733194,⚪,"⚪ Buy: 46.9% | Sell: 53.1% | Net: -6.3% | Value: -16,169"
2025-10-28T18:27:37.425994,DOT/USDT,186228.52156000002,206382.85634,-20154.334779999976,47.433297159165186,52.566702840834814,-5.133405681669618,⚪,"⚪ Buy: 47.4% | Sell: 52.6% | Net: -5.1% | Value: -20,154"
2025-10-28T18:27:38.692409,LINK/USDT,282005.997507874,281642.554657026,363.4428508479614,50.032240200870916,49.96775979912908,0.06448040174183454,⚪,⚪ Buy: 50.0% | Sell: 50.0% | Net: 0.1% | Value: 363
2025-10-28T18:27:40.001309,SUI/USDT,1497631.86,1582750.8399999999,-85118.97999999975,48.618370048630645,51.38162995136935,-2.7632599027387,⚪,"⚪ Buy: 48.6% | Sell: 51.4% | Net: -2.8% | Value: -85,119"
2025-10-28T18:27:41.556957,SHIB/USDT,65518055563.097595,74231308951.44978,-8713253388.352188,46.88254275122476,53.117457248775246,-6.234914497550486,⚪,"⚪ Buy: 46.9% | Sell: 53.1% | Net: -6.2% | Value: -8,713,253,388"
2025-10-28T18:27:43.025472,LTC/USDT,39577.684531484,48933.26993148599,-9355.58540000199,44.71501270279711,55.28498729720288,-10.569974594405771,⚪,"⚪ Buy: 44.7% | Sell: 55.3% | Net: -10.6% | Value: -9,356"
2025-10-28T18:27:44.293551,ATOM/USDT,209566.35344590398,188243.92886393602,21322.424581967964,52.679974039152754,47.32002596084725,5.359948078305503,⚪,"⚪ Buy: 52.7% | Sell: 47.3% | Net: 5.4% | Value: 21,322"
2025-10-28T18:27:45.541776,XLM/USDT,5237535.532406236,4730659.957233784,506875.57517245226,52.5424640583105,47.4575359416895,5.084928116621006,⚪,"⚪ Buy: 52.5% | Sell: 47.5% | Net: 5.1% | Value: 506,876"
2025-10-28T18:27:46.859580,UNI/USDT,305939.71244000003,322588.59866,-16648.886219999986,48.675565927104984,51.324434072895016,-2.6488681457900336,⚪,"⚪ Buy: 48.7% | Sell: 51.3% | Net: -2.6% | Value: -16,649"
2025-10-28T18:27:48.131001,ICP/USDT,45038.7957,54167.4326,-9128.636899999998,45.39916139519236,54.600838604807635,-9.201677209615273,⚪,"⚪ Buy: 45.4% | Sell: 54.6% | Net: -9.2% | Value: -9,129"
2025-10-28T18:27:49.369843,APT/USDT,69473.5411,69621.7052,-148.1640999999945,49.94674005620565,50.053259943794345,-0.10651988758870654,⚪,⚪ Buy: 49.9% | Sell: 50.1% | Net: -0.1% | Value: -148
2025-10-28T18:27:50.824269,NEAR/USDT,654661.45858,728593.29892,-73931.84034,47.32761301057734,52.67238698942267,-5.344773978845326,⚪,"⚪ Buy: 47.3% | Sell: 52.7% | Net: -5.3% | Value: -73,932"
2025-10-28T18:27:51.177460,AAPL,24734043.0,0,24734043.0,100.0,0.0,100.0,🟢,"🟢 Buy: 100.0% | Sell: 0.0% | Net: 100.0% | Value: 24,734,043"
2025-10-28T18:27:51.355361,MSFT,20638353.0,0,20638353.0,100.0,0.0,100.0,🟢,"🟢 Buy: 100.0% | Sell: 0.0% | Net: 100.0% | Value: 20,638,353"
2025-10-28T18:27:51.520660,GOOG,0,13164088.0,-13164088.0,0.0,100.0,-100.0,🔴,"🔴 Buy: 0.0% | Sell: 100.0% | Net: -100.0% | Value: -13,164,088"
2025-10-28T18:27:51.620702,GC=F,0,308327.0,-308327.0,0.0,100.0,-100.0,🔴,"🔴 Buy: 0.0% | Sell: 100.0% | Net: -100.0% | Value: -308,327"
2025-10-28T18:27:51.810451,CL=F,0,247952.0,-247952.0,0.0,100.0,-100.0,🔴,"🔴 Buy: 0.0% | Sell: 100.0% | Net: -100.0% | Value: -247,952"
2025-10-28T18:27:52.031855,TSLA,64730035.0,0,64730035.0,100.0,0.0,100.0,🟢,"🟢 Buy: 100.0% | Sell: 0.0% | Net: 100.0% | Value: 64,730,035"
2025-10-28T18:27:52.263168,NVDA,176769119.0,0,176769119.0,100.0,0.0,100.0,🟢,"🟢 Buy: 100.0% | Sell: 0.0% | Net: 100.0% | Value: 176,769,119"
2025-10-28T18:52:50.877858,BTC/USDT,748.366230694,760.524873996,-12.158643301999973,49.59710004041352,50.40289995958648,-0.805799919172958,⚪,⚪ Buy: 49.6% | Sell: 50.4% | Net: -0.8% | Value: -12
2025-10-28T18:52:53.307205,ETH/USDT,52163.183786010006,52388.83480489,-225.6510188799948,49.892086722991486,50.10791327700852,-0.21582655401704032,⚪,⚪ Buy: 49.9% | Sell: 50.1% | Net: -0.2% | Value: -226
2025-10-28T18:52:54.854301,BNB/USDT,2392.4108,2189.566,202.8448000000003,52.213507497462665,47.78649250253733,4.427014994925341,⚪,⚪ Buy: 52.2% | Sell: 47.8% | Net: 4.4% | Value: 203
2025-10-28T18:52:59.238247,XRP/USDT,7730906.854226493,6764573.903994496,966332.9502319973,53.33322145829468,46.66677854170532,6.666442916589363,⚪,"⚪ Buy: 53.3% | Sell: 46.7% | Net: 6.7% | Value: 966,333"
2025-10-28T18:53:03.855730,SOL/USDT,94000.74799109,92748.91599406,1251.8319970300072,50.33516311898948,49.66483688101052,0.6703262379789614,⚪,"⚪ Buy: 50.3% | Sell: 49.7% | Net: 0.7% | Value: 1,252"
2025-10-28T18:53:05.507799,DOGE/USDT,13638877.484653695,13572184.899780542,66692.5848731529,50.122546822926154,49.877453177073846,0.24509364585229718,⚪,"⚪ Buy: 50.1% | Sell: 49.9% | Net: 0.2% | Value: 66,693"
2025-10-28T18:53:09.554756,ADA/USDT,9767427.939999998,10348567.01,-581139.0700000022,48.55552988692712,51.444470113072896,-2.888940226145773,⚪,"⚪ Buy: 48.6% | Sell: 51.4% | Net: -2.9% | Value: -581,139"
2025-10-28T18:53:11.718821,TRX/USDT,4267056.097999999,4408304.232,-141248.13400000054,49.185923531547424,50.81407646845258,-1.6281529369051646,⚪,"⚪ Buy: 49.2% | Sell: 50.8% | Net: -1.6% | Value: -141,248"
2025-10-28T18:53:15.448685,AVAX/USDT,123395.2062,140869.0123,-17473.8061,46.693875886946834,53.306124113053166,-6.612248226106328,⚪,"⚪ Buy: 46.7% | Sell: 53.3% | Net: -6.6% | Value: -17,474"
2025-10-28T18:53:17.622265,DOT/USDT,191342.84552,214054.34228,-22711.49676000001,47.198858620202785,52.801141379797215,-5.602282759594419,⚪,"⚪ Buy: 47.2% | Sell: 52.8% | Net: -5.6% | Value: -22,711"
2025-10-28T18:53:20.275755,LINK/USDT,293784.78158787393,299310.73077702604,-5525.949189152103,49.53414339900179,50.465856600998215,-0.9317132019964234,⚪,"⚪ Buy: 49.5% | Sell: 50.5% | Net: -0.9% | Value: -5,526"
2025-10-28T18:53:22.930898,SUI/USDT,1526815.1400000001,1626525.7599999998,-99710.61999999965,48.41896859296121,51.58103140703879,-3.1620628140775917,⚪,"⚪ Buy: 48.4% | Sell: 51.6% | Net: -3.2% | Value: -99,711"
2025-10-28T18:53:27.091621,SHIB/USDT,67227570927.9348,76795581998.70558,-9568011070.770782,46.678308009391955,53.321691990608045,-6.6433839812160915,⚪,"⚪ Buy: 46.7% | Sell: 53.3% | Net: -6.6% | Value: -9,568,011,071"
2025-10-28T18:53:31.562522,LTC/USDT,40291.645731484,50004.21173148599,-9712.566000001993,44.62180975246562,55.378190247534384,-10.75638049506876,⚪,"⚪ Buy: 44.6% | Sell: 55.4% | Net: -10.8% | Value: -9,713"
2025-10-28T18:53:33.692803,ATOM/USDT,216126.43064590398,198084.04466393602,18042.385981967964,52.17792487846569,47.82207512153431,4.355849756931376,⚪,"⚪ Buy: 52.2% | Sell: 47.8% | Net: 4.4% | Value: 18,042"
2025-10-28T18:53:36.389022,XLM/USDT,5438117.168406236,5273294.141233784,164823.02717245184,50.76938053449649,49.23061946550351,1.5387610689929812,⚪,"⚪ Buy: 50.8% | Sell: 49.2% | Net: 1.5% | Value: 164,823"
2025-10-28T18:53:38.386112,UNI/USDT,314939.42924,336088.17386,-21148.744619999954,48.375741326535476,51.62425867346453,-3.2485173469290576,⚪,"⚪ Buy: 48.4% | Sell: 51.6% | Net: -3.2% | Value: -21,149"
2025-10-28T18:53:41.562117,ICP/USDT,45761.90354000001,55252.094359999996,-9490.190819999989,45.30253676852048,54.69746323147952,-9.39492646295904,⚪,"⚪ Buy: 45.3% | Sell: 54.7% | Net: -9.4% | Value: -9,490"
2025-10-28T18:53:45.769161,APT/USDT,70615.00162,71333.89598,-718.8943600000057,49.74677705422349,50.25322294577651,-0.5064458915530216,⚪,⚪ Buy: 49.7% | Sell: 50.3% | Net: -0.5% | Value: -719
2025-10-28T18:53:48.105720,NEAR/USDT,682400.00282,770201.1152799999,-87801.11245999986,46.97779688567073,53.02220311432926,-6.044406228658531,⚪,"⚪ Buy: 47.0% | Sell: 53.0% | Net: -6.0% | Value: -87,801"
2025-10-28T18:53:48.519973,AAPL,26161230.0,0,26161230.0,100.0,0.0,100.0,🟢,"🟢 Buy: 100.0% | Sell: 0.0% | Net: 100.0% | Value: 26,161,230"
2025-10-28T18:53:48.699861,MSFT,21470572.0,0,21470572.0,100.0,0.0,100.0,🟢,"🟢 Buy: 100.0% | Sell: 0.0% | Net: 100.0% | Value: 21,470,572"
2025-10-28T18:53:48.862138,GOOG,0,13758161.0,-13758161.0,0.0,100.0,-100.0,🔴,"🔴 Buy: 0.0% | Sell: 100.0% | Net: -100.0% | Value: -13,758,161"
2025-10-28T18:53:48.978632,GC=F,0,313928.0,-313928.0,0.0,100.0,-100.0,🔴,"🔴 Buy: 0.0% | Sell: 100.0% | Net: -100.0% | Value: -313,928"
2025-10-28T18:53:49.103956,CL=F,0,265186.0,-265186.0,0.0,100.0,-100.0,🔴,"🔴 Buy: 0.0% | Sell: 100.0% | Net: -100.0% | Value: -265,186"
2025-10-28T18:53:49.210606,TSLA,68043555.0,0,68043555.0,100.0,0.0,100.0,🟢,"🟢 Buy: 100.0% | Sell: 0.0% | Net: 100.0% | Value: 68,043,555"
2025-10-28T18:53:49.355749,NVDA,193508194.0,0,193508194.0,100.0,0.0,100.0,🟢,"🟢 Buy: 100.0% | Sell: 0.0% | Net: 100.0% | Value: 193,508,194"
2025-10-28T19:14:40.887493,BTC/USDT,719.2605051020001,750.104630388,-30.844125285999894,48.95042680199043,51.049573198009554,-2.0991463960191266,⚪,⚪ Buy: 49.0% | Sell: 51.0% | Net: -2.1% | Value: -31
2025-10-28T19:14:41.993368,ETH/USDT,48791.186932649995,50838.92198165,-2047.7350490000026,48.97233122029335,51.02766877970666,-2.0553375594133168,⚪,"⚪ Buy: 49.0% | Sell: 51.0% | Net: -2.1% | Value: -2,048"
2025-10-28T19:14:43.131757,BNB/USDT,2353.54758,2205.62742,147.92016000000012,51.622225073615304,48.37777492638471,3.2444501472305873,⚪,⚪ Buy: 51.6% | Sell: 48.4% | Net: 3.2% | Value: 148
2025-10-28T19:14:44.313239,XRP/USDT,7411302.650066493,6242502.155954497,1168800.4941119961,54.28012744695378,45.71987255304622,8.560254893907551,⚪,"⚪ Buy: 54.3% | Sell: 45.7% | Net: 8.6% | Value: 1,168,800"
2025-10-28T19:14:45.435015,SOL/USDT,85632.92739109001,88250.32459405999,-2617.39720296998,49.247369377703635,50.752630622296365,-1.505261244592729,⚪,"⚪ Buy: 49.2% | Sell: 50.8% | Net: -1.5% | Value: -2,617"
2025-10-28T19:14:46.488643,DOGE/USDT,13113422.24084,12784002.034059998,329420.2067800015,50.63600959555517,49.36399040444482,1.2720191911103622,⚪,"⚪ Buy: 50.6% | Sell: 49.4% | Net: 1.3% | Value: 329,420"
2025-10-28T19:14:47.627711,ADA/USDT,9207633.644,9508875.565999998,-301241.9219999984,49.19525078469481,50.804749215305186,-1.6094984306103863,⚪,"⚪ Buy: 49.2% | Sell: 50.8% | Net: -1.6% | Value: -301,242"
2025-10-28T19:14:48.760605,TRX/USDT,3942353.6139999996,4269500.496,-327146.8820000007,48.0080815025585,51.9919184974415,-3.983836994883007,⚪,"⚪ Buy: 48.0% | Sell: 52.0% | Net: -4.0% | Value: -327,147"
2025-10-28T19:14:49.933959,AVAX/USDT,116342.23671999999,130289.55808,-13947.321360000016,47.172440525904165,52.82755947409584,-5.655118948191678,⚪,"⚪ Buy: 47.2% | Sell: 52.8% | Net: -5.7% | Value: -13,947"
2025-10-28T19:14:51.097610,DOT/USDT,184532.35236000002,203838.60254,-19306.250179999974,47.514457513310816,52.485542486689184,-4.971084973378367,⚪,"⚪ Buy: 47.5% | Sell: 52.5% | Net: -5.0% | Value: -19,306"
2025-10-28T19:14:52.376816,LINK/USDT,290379.171724926,294202.31598260405,-3823.1442576780682,49.67300159703391,50.3269984029661,-0.6539968059321803,⚪,"⚪ Buy: 49.7% | Sell: 50.3% | Net: -0.7% | Value: -3,823"
2025-10-28T19:14:53.523046,SUI/USDT,1449891.5000000002,1490987.2999999998,-41095.79999999958,49.301300686039845,50.69869931396016,-1.3973986279203205,⚪,"⚪ Buy: 49.3% | Sell: 50.7% | Net: -1.4% | Value: -41,096"
2025-10-28T19:14:54.618883,SHIB/USDT,63511489213.16504,71221459426.55095,-7709970213.38591,47.138795561432104,52.861204438567896,-5.722408877135788,⚪,"⚪ Buy: 47.1% | Sell: 52.9% | Net: -5.7% | Value: -7,709,970,213"
2025-10-28T19:14:55.705676,LTC/USDT,34871.07053148401,41873.348931486,-7002.278400001989,45.43792340276894,54.562076597231055,-9.124153194462123,⚪,"⚪ Buy: 45.4% | Sell: 54.6% | Net: -9.1% | Value: -7,002"
2025-10-28T19:14:56.746174,ATOM/USDT,214994.97392590402,196386.859583936,18608.11434196803,52.261659707139565,47.738340292860435,4.523319414279127,⚪,"⚪ Buy: 52.3% | Sell: 47.7% | Net: 4.5% | Value: 18,608"
2025-10-28T19:14:57.854773,XLM/USDT,5270677.200406236,5022134.189233784,248543.011172452,51.20736211790793,48.79263788209208,2.414724235815853,⚪,"⚪ Buy: 51.2% | Sell: 48.8% | Net: 2.4% | Value: 248,543"
2025-10-28T19:14:58.992525,UNI/USDT,298377.57884000003,311245.39826,-12867.819419999956,48.944608397044625,51.05539160295538,-2.110783205910753,⚪,"⚪ Buy: 48.9% | Sell: 51.1% | Net: -2.1% | Value: -12,868"
2025-10-28T19:15:00.135738,ICP/USDT,44006.60198000001,52619.14201999999,-8612.540039999985,45.54335124188022,54.456648758119776,-8.913297516239549,⚪,"⚪ Buy: 45.5% | Sell: 54.5% | Net: -8.9% | Value: -8,613"
2025-10-28T19:15:01.221357,APT/USDT,73492.15034000001,75649.61905999998,-2157.4687199999753,49.27670540296005,50.72329459703996,-1.4465891940799085,⚪,"⚪ Buy: 49.3% | Sell: 50.7% | Net: -1.4% | Value: -2,157"
2025-10-28T19:15:02.294294,NEAR/USDT,649144.2213799999,720317.44312,-71173.22174000007,47.40141606059539,52.598583939404605,-5.197167878809219,⚪,"⚪ Buy: 47.4% | Sell: 52.6% | Net: -5.2% | Value: -71,173"
2025-10-28T19:15:02.879651,AAPL,27504577.0,0,27504577.0,100.0,0.0,100.0,🟢,"🟢 Buy: 100.0% | Sell: 0.0% | Net: 100.0% | Value: 27,504,577"
2025-10-28T19:15:03.070406,MSFT,22291245.0,0,22291245.0,100.0,0.0,100.0,🟢,"🟢 Buy: 100.0% | Sell: 0.0% | Net: 100.0% | Value: 22,291,245"
2025-10-28T19:15:03.217989,GOOG,0,14332937.0,-14332937.0,0.0,100.0,-100.0,🔴,"🔴 Buy: 0.0% | Sell: 100.0% | Net: -100.0% | Value: -14,332,937"
2025-10-28T19:15:03.333538,GC=F,0,317136.0,-317136.0,0.0,100.0,-100.0,🔴,"🔴 Buy: 0.0% | Sell: 100.0% | Net: -100.0% | Value: -317,136"
2025-10-28T19:15:03.510533,CL=F,0,268819.0,-268819.0,0.0,100.0,-100.0,🔴,"🔴 Buy: 0.0% | Sell: 100.0% | Net: -100.0% | Value: -268,819"
2025-10-28T19:15:03.630198,TSLA,70036160.0,0,70036160.0,100.0,0.0,100.0,🟢,"🟢 Buy: 100.0% | Sell: 0.0% | Net: 100.0% | Value: 70,036,160"
2025-10-28T19:15:03.872888,NVDA,224284980.0,0,224284980.0,100.0,0.0,100.0,🟢,"🟢 Buy: 100.0% | Sell: 0.0% | Net: 100.0% | Value: 224,284,980"
2025-10-28T19:37:22.113689,BTC/USDT,776.9556052380001,836.647280592,-59.691675353999926,48.15036041772769,51.84963958227231,-3.6992791645446212,⚪,⚪ Buy: 48.2% | Sell: 51.8% | Net: -3.7% | Value: -60
2025-10-28T19:37:23.318679,ETH/USDT,51810.23616048999,55367.49582341,-3557.259662920005,48.34048566009292,51.65951433990708,-3.3190286798141706,⚪,"⚪ Buy: 48.3% | Sell: 51.7% | Net: -3.3% | Value: -3,557"
2025-10-28T19:37:24.526617,BNB/USDT,2404.8965,2282.6508,122.24569999999994,51.30394097569959,48.6960590243004,2.6078819513991878,⚪,⚪ Buy: 51.3% | Sell: 48.7% | Net: 2.6% | Value: 122
2025-10-28T19:37:25.951307,XRP/USDT,7775986.842106493,6789528.444014497,986458.3980919961,53.386280466960066,46.613719533039934,6.772560933920137,⚪,"⚪ Buy: 53.4% | Sell: 46.6% | Net: 6.8% | Value: 986,458"
2025-10-28T19:37:27.065048,SOL/USDT,97104.82939109001,105458.17759405999,-8353.34820296998,47.93808644349796,52.06191355650205,-4.123827113004089,⚪,"⚪ Buy: 47.9% | Sell: 52.1% | Net: -4.1% | Value: -8,353"
2025-10-28T19:37:28.228624,DOGE/USDT,13888646.727959998,13946838.764739998,-58192.03677999973,49.89547148944957,50.10452851055043,-0.2090570211008567,⚪,"⚪ Buy: 49.9% | Sell: 50.1% | Net: -0.2% | Value: -58,192"
2025-10-28T19:37:29.334972,ADA/USDT,9757460.684,10333616.125999998,-576155.441999998,48.566140960365985,51.43385903963402,-2.867718079268037,⚪,"⚪ Buy: 48.6% | Sell: 51.4% | Net: -2.9% | Value: -576,155"
2025-10-28T19:37:30.550769,TRX/USDT,4074537.6659999997,4467776.574,-393238.9080000003,47.69828821001087,52.30171178998913,-4.603423579978255,⚪,"⚪ Buy: 47.7% | Sell: 52.3% | Net: -4.6% | Value: -393,239"
2025-10-28T19:37:31.773947,AVAX/USDT,126450.11963999999,145451.38246,-19001.262820000004,46.50585548935075,53.49414451064924,-6.988289021298498,⚪,"⚪ Buy: 46.5% | Sell: 53.5% | Net: -7.0% | Value: -19,001"
2025-10-28T19:37:33.039091,DOT/USDT,196160.83412,221281.32518,-25120.49106,46.99114110777358,53.00885889222641,-6.017717784452826,⚪,"⚪ Buy: 47.0% | Sell: 53.0% | Net: -6.0% | Value: -25,120"
2025-10-28T19:37:34.361975,LINK/USDT,307999.444964926,320632.725842604,-12633.280877678015,48.99517703162968,51.00482296837032,-2.0096459367406414,⚪,"⚪ Buy: 49.0% | Sell: 51.0% | Net: -2.0% | Value: -12,633"
2025-10-28T19:37:35.591271,SUI/USDT,1526521.4600000002,1626085.24,-99563.7799999998,48.42092925831821,51.5790707416818,-3.1581414833635857,⚪,"⚪ Buy: 48.4% | Sell: 51.6% | Net: -3.2% | Value: -99,564"
2025-10-28T19:37:36.886046,SHIB/USDT,66341347349.50792,75466246631.06528,-9124899281.557358,46.78264787328406,53.217352126715944,-6.4347042534318835,⚪,"⚪ Buy: 46.8% | Sell: 53.2% | Net: -6.4% | Value: -9,124,899,282"
2025-10-28T19:37:38.165534,LTC/USDT,36048.648131484006,43639.715331486,-7591.067200001991,45.23702905284945,54.76297094715055,-9.5259418943011,⚪,"⚪ Buy: 45.2% | Sell: 54.8% | Net: -9.5% | Value: -7,591"
2025-10-28T19:37:39.211497,ATOM/USDT,220957.05188590402,205329.976523936,15627.075361968018,51.83292879216393,48.16707120783607,3.6658575843278687,⚪,"⚪ Buy: 51.8% | Sell: 48.2% | Net: 3.7% | Value: 15,627"
2025-10-28T19:37:40.323683,XLM/USDT,5394607.900406236,5208030.239233784,186577.66117245145,50.87986432581763,49.12013567418238,1.759728651635244,⚪,"⚪ Buy: 50.9% | Sell: 49.1% | Net: 1.8% | Value: 186,578"
2025-10-28T19:37:41.581305,UNI/USDT,308008.00868,325691.04302,-17683.034339999955,48.6047766449577,51.395223355042305,-2.7904467100845998,⚪,"⚪ Buy: 48.6% | Sell: 51.4% | Net: -2.8% | Value: -17,683"
2025-10-28T19:37:42.624247,ICP/USDT,47081.399820000006,57231.33877999999,-10149.938959999985,45.134851650803085,54.865148349196915,-9.730296698393829,⚪,"⚪ Buy: 45.1% | Sell: 54.9% | Net: -9.7% | Value: -10,150"
2025-10-28T19:37:43.794187,APT/USDT,75243.32038,78276.37412,-3033.0537399999885,49.01216135497196,50.98783864502805,-1.9756772900560902,⚪,"⚪ Buy: 49.0% | Sell: 51.0% | Net: -2.0% | Value: -3,033"
2025-10-28T19:37:44.926449,NEAR/USDT,671316.7559799999,753576.2450199999,-82259.48904000001,47.1134853991749,52.88651460082511,-5.7730292016502105,⚪,"⚪ Buy: 47.1% | Sell: 52.9% | Net: -5.8% | Value: -82,259"
2025-10-28T19:37:45.543655,AAPL,29586088.0,0,29586088.0,100.0,0.0,100.0,🟢,"🟢 Buy: 100.0% | Sell: 0.0% | Net: 100.0% | Value: 29,586,088"
2025-10-28T19:37:45.801660,MSFT,23799757.0,0,23799757.0,100.0,0.0,100.0,🟢,"🟢 Buy: 100.0% | Sell: 0.0% | Net: 100.0% | Value: 23,799,757"
2025-10-28T19:37:45.967715,GOOG,0,15031805.0,-15031805.0,0.0,100.0,-100.0,🔴,"🔴 Buy: 0.0% | Sell: 100.0% | Net: -100.0% | Value: -15,031,805"
2025-10-28T19:37:46.089305,GC=F,0,322025.0,-322025.0,0.0,100.0,-100.0,🔴,"🔴 Buy: 0.0% | Sell: 100.0% | Net: -100.0% | Value: -322,025"
2025-10-28T19:37:46.214666,CL=F,0,270583.0,-270583.0,0.0,100.0,-100.0,🔴,"🔴 Buy: 0.0% | Sell: 100.0% | Net: -100.0% | Value: -270,583"
2025-10-28T19:37:46.331952,TSLA,72452973.0,0,72452973.0,100.0,0.0,100.0,🟢,"🟢 Buy: 100.0% | Sell: 0.0% | Net: 100.0% | Value: 72,452,973"
2025-10-28T19:37:46.488071,NVDA,246594452.0,0,246594452.0,100.0,0.0,100.0,🟢,"🟢 Buy: 100.0% | Sell: 0.0% | Net: 100.0% | Value: 246,594,452"
2025-10-28T20:20:35.303842,BTC/USDT,848.529533914,971.9488301859999,-123.41929627199988,46.61025094541523,53.38974905458477,-6.77949810916953,⚪,⚪ Buy: 46.6% | Sell: 53.4% | Net: -6.8% | Value: -123
2025-10-28T20:20:38.687818,ETH/USDT,53569.231635489996,60889.18333930999,-7319.951703819992,46.80235319289036,53.197646807109635,-6.395293614219283,⚪,"⚪ Buy: 46.8% | Sell: 53.2% | Net: -6.4% | Value: -7,320"
2025-10-28T20:20:39.964997,BNB/USDT,2405.3134200000004,2468.38378,-63.07035999999971,49.35295159494111,50.64704840505889,-1.294096810117783,⚪,⚪ Buy: 49.4% | Sell: 50.6% | Net: -1.3% | Value: -63
2025-10-28T20:20:42.145586,XRP/USDT,8104149.787626494,7740487.119394496,363662.66823199764,51.14758915072031,48.85241084927969,2.295178301440618,⚪,"⚪ Buy: 51.1% | Sell: 48.9% | Net: 2.3% | Value: 363,663"
2025-10-28T20:20:45.706333,SOL/USDT,100936.06039109,119096.68559405998,-18160.625202969983,45.873199436370335,54.126800563629665,-8.253601127259323,⚪,"⚪ Buy: 45.9% | Sell: 54.1% | Net: -8.3% | Value: -18,161"
2025-10-28T20:20:49.407496,DOGE/USDT,15674229.71752,17474940.924879998,-1800711.2073599976,47.28392721075084,52.71607278924917,-5.4321455784983295,⚪,"⚪ Buy: 47.3% | Sell: 52.7% | Net: -5.4% | Value: -1,800,711"
2025-10-28T20:20:51.887535,ADA/USDT,10699764.047999999,12212116.112,-1512352.0640000012,46.69963343593187,53.300366564068135,-6.60073312813627,⚪,"⚪ Buy: 46.7% | Sell: 53.3% | Net: -6.6% | Value: -1,512,352"
2025-10-28T20:20:55.465348,TRX/USDT,3993719.625999999,4346549.514,-352829.8880000012,47.884781161870265,52.11521883812973,-4.230437676259465,⚪,"⚪ Buy: 47.9% | Sell: 52.1% | Net: -4.2% | Value: -352,830"
2025-10-28T20:20:59.320754,AVAX/USDT,136856.27176,167974.53574,-31118.26397999999,44.89581380648345,55.10418619351655,-10.208372387033089,⚪,"⚪ Buy: 44.9% | Sell: 55.1% | Net: -10.2% | Value: -31,118"
2025-10-28T20:21:01.342324,DOT/USDT,219656.71248000002,267197.29312,-47540.58063999997,45.11757322593958,54.88242677406041,-9.764853548120826,⚪,"⚪ Buy: 45.1% | Sell: 54.9% | Net: -9.8% | Value: -47,541"
2025-10-28T20:21:03.816319,LINK/USDT,339760.976904926,383279.27580260404,-43518.29889767803,46.99060330771922,53.00939669228079,-6.0187933845615635,⚪,"⚪ Buy: 47.0% | Sell: 53.0% | Net: -6.0% | Value: -43,518"
2025-10-28T20:21:06.716636,SUI/USDT,1628137.48,1860673.02,-232535.54000000004,46.667409422208515,53.332590577791485,-6.665181155582971,⚪,"⚪ Buy: 46.7% | Sell: 53.3% | Net: -6.7% | Value: -232,536"
2025-10-28T20:21:07.948262,SHIB/USDT,74057884154.6413,90202479125.38167,-16144594970.740372,45.0856692849212,54.914330715078805,-9.828661430157599,⚪,"⚪ Buy: 45.1% | Sell: 54.9% | Net: -9.8% | Value: -16,144,594,971"
2025-10-28T20:21:11.768894,LTC/USDT,36041.796531484,43629.437931486,-7587.641400002001,45.23815499336299,54.76184500663701,-9.523690013274019,⚪,"⚪ Buy: 45.2% | Sell: 54.8% | Net: -9.5% | Value: -7,588"
2025-10-28T20:21:13.424452,ATOM/USDT,228871.122569944,218414.26351329603,10456.859056647983,51.16892473820975,48.83107526179025,2.3378494764195037,⚪,"⚪ Buy: 51.2% | Sell: 48.8% | Net: 2.3% | Value: 10,457"
2025-10-28T20:21:17.265253,XLM/USDT,5411571.094406235,5575950.635233784,-164379.54082754906,49.251971714494466,50.74802828550554,-1.4960565710110736,⚪,"⚪ Buy: 49.3% | Sell: 50.7% | Net: -1.5% | Value: -164,380"
2025-10-28T20:21:19.917124,UNI/USDT,295953.47142,332884.16578,-36930.694359999965,47.063574746858365,52.936425253141635,-5.872850506283272,⚪,"⚪ Buy: 47.1% | Sell: 52.9% | Net: -5.9% | Value: -36,931"
2025-10-28T20:21:21.211751,ICP/USDT,53812.68786,71130.26284,-17317.574979999998,43.069807106772615,56.93019289322739,-13.860385786454776,⚪,"⚪ Buy: 43.1% | Sell: 56.9% | Net: -13.9% | Value: -17,318"
2025-10-28T20:21:24.934476,APT/USDT,74727.82844000001,84281.98006,-9554.15161999999,46.99573513416313,53.00426486583687,-6.008529731673748,⚪,"⚪ Buy: 47.0% | Sell: 53.0% | Net: -6.0% | Value: -9,554"
2025-10-28T20:21:27.266881,NEAR/USDT,682857.5625,814259.1827,-131401.6202,45.6115105711931,54.388489428806906,-8.776978857613809,⚪,"⚪ Buy: 45.6% | Sell: 54.4% | Net: -8.8% | Value: -131,402"
2025-10-28T20:21:27.626181,AAPL,41278599.0,0,41278599.0,100.0,0.0,100.0,🟢,"🟢 Buy: 100.0% | Sell: 0.0% | Net: 100.0% | Value: 41,278,599"
2025-10-28T20:21:27.821517,MSFT,29719611.0,0,29719611.0,100.0,0.0,100.0,🟢,"🟢 Buy: 100.0% | Sell: 0.0% | Net: 100.0% | Value: 29,719,611"
2025-10-28T20:21:27.933372,GOOG,0,19752228.0,-19752228.0,0.0,100.0,-100.0,🔴,"🔴 Buy: 0.0% | Sell: 100.0% | Net: -100.0% | Value: -19,752,228"
2025-10-28T20:21:28.034542,GC=F,0,327790.0,-327790.0,0.0,100.0,-100.0,🔴,"🔴 Buy: 0.0% | Sell: 100.0% | Net: -100.0% | Value: -327,790"
2025-10-28T20:21:28.138730,CL=F,0,275884.0,-275884.0,0.0,100.0,-100.0,🔴,"🔴 Buy: 0.0% | Sell: 100.0% | Net: -100.0% | Value: -275,884"
2025-10-28T20:21:28.253234,TSLA,78979713.0,0,78979713.0,100.0,0.0,100.0,🟢,"🟢 Buy: 100.0% | Sell: 0.0% | Net: 100.0% | Value: 78,979,713"
2025-10-28T20:21:28.390297,NVDA,287790029.0,0,287790029.0,100.0,0.0,100.0,🟢,"🟢 Buy: 100.0% | Sell: 0.0% | Net: 100.0% | Value: 287,790,029"
2025-10-28T20:42:54.661084,BTC/USDT,904.5661685700001,1056.0037821699998,-151.43761359999974,46.137918630680815,53.862081369319185,-7.724162738638371,⚪,⚪ Buy: 46.1% | Sell: 53.9% | Net: -7.7% | Value: -151
2025-10-28T20:42:57.918661,ETH/USDT,56823.63575028999,65770.78951150998,-8947.15376121999,46.350913289036846,53.649086710963154,-7.298173421926302,⚪,"⚪ Buy: 46.4% | Sell: 53.6% | Net: -7.3% | Value: -8,947"
2025-10-28T20:43:00.945839,BNB/USDT,2748.8114600000004,2983.6308400000003,-234.8193799999999,47.951838259235515,52.048161740764485,-4.096323481528978,⚪,⚪ Buy: 48.0% | Sell: 52.0% | Net: -4.1% | Value: -235
2025-10-28T20:43:04.049735,XRP/USDT,8666190.02759941,8583547.47935387,82642.54824553989,50.23954726329091,49.76045273670911,0.4790945265817936,⚪,"⚪ Buy: 50.2% | Sell: 49.8% | Net: 0.5% | Value: 82,643"
2025-10-28T20:43:07.090985,SOL/USDT,107225.25639108999,128530.47959405999,-21305.223202969995,45.4815048053991,54.5184951946009,-9.03699038920181,⚪,"⚪ Buy: 45.5% | Sell: 54.5% | Net: -9.0% | Value: -21,305"
2025-10-28T20:43:09.220454,DOGE/USDT,17313279.633,19933515.7981,-2620236.165099997,46.48260187920466,53.517398120795356,-7.034796241590695,⚪,"⚪ Buy: 46.5% | Sell: 53.5% | Net: -7.0% | Value: -2,620,236"
2025-10-28T20:43:10.665927,ADA/USDT,11528000.787999999,13454471.222,-1926470.4340000004,46.14435586432585,53.855644135674154,-7.711288271348295,⚪,"⚪ Buy: 46.1% | Sell: 53.9% | Net: -7.7% | Value: -1,926,470"
2025-10-28T20:43:14.809744,TRX/USDT,4109830.1499999994,4520715.3,-410885.1500000004,47.61958758933365,52.38041241066635,-4.760824821332705,⚪,"⚪ Buy: 47.6% | Sell: 52.4% | Net: -4.8% | Value: -410,885"
2025-10-28T20:43:17.816490,AVAX/USDT,145015.4152,180213.25089999998,-35197.835699999996,44.588755640442606,55.4112443595574,-10.822488719114789,⚪,"⚪ Buy: 44.6% | Sell: 55.4% | Net: -10.8% | Value: -35,198"
2025-10-28T20:43:20.181771,DOT/USDT,235615.40552000003,291135.33268,-55519.92715999996,44.72996209272328,55.27003790727672,-10.54007581455345,⚪,"⚪ Buy: 44.7% | Sell: 55.3% | Net: -10.5% | Value: -55,520"
2025-10-28T20:43:21.826143,LINK/USDT,355653.591344926,407118.19746260403,-51464.60611767805,46.626474204156494,53.37352579584351,-6.7470515916870255,⚪,"⚪ Buy: 46.6% | Sell: 53.4% | Net: -6.7% | Value: -51,465"
2025-10-28T20:43:25.774830,SUI/USDT,1714879.6400000001,1990786.26,-275906.6199999999,46.27723292593647,53.722767074063526,-7.445534148127058,⚪,"⚪ Buy: 46.3% | Sell: 53.7% | Net: -7.4% | Value: -275,907"
2025-10-28T20:43:28.273080,SHIB/USDT,77076650721.60158,94730628975.8221,-17653978254.22052,44.862272924258036,55.137727075741964,-10.275454151483924,⚪,"⚪ Buy: 44.9% | Sell: 55.1% | Net: -10.3% | Value: -17,653,978,254"
2025-10-28T20:43:31.581103,LTC/USDT,37833.516531484,46317.01793148599,-8483.501400001995,44.959330054085925,55.040669945914075,-10.081339891828158,⚪,"⚪ Buy: 45.0% | Sell: 55.0% | Net: -10.1% | Value: -8,484"
2025-10-28T20:43:35.252435,ATOM/USDT,234220.566049944,226438.42873329602,7782.137316647975,50.84467441261077,49.155325587389235,1.6893488252215303,⚪,"⚪ Buy: 50.8% | Sell: 49.2% | Net: 1.7% | Value: 7,782"
2025-10-28T20:43:37.562757,XLM/USDT,5992435.390406235,6447247.079233784,-454811.6888275491,48.171932081314964,51.82806791868503,-3.656135837370055,⚪,"⚪ Buy: 48.2% | Sell: 51.8% | Net: -3.7% | Value: -454,812"
2025-10-28T20:43:40.426934,UNI/USDT,305132.17558000004,346652.22202,-41520.04643999995,46.81489411277065,53.185105887229355,-6.370211774458706,⚪,"⚪ Buy: 46.8% | Sell: 53.2% | Net: -6.4% | Value: -41,520"
2025-10-28T20:43:43.576746,ICP/USDT,59210.2049,79226.5384,-20016.333500000008,42.77058495351068,57.22941504648933,-14.458830092978653,⚪,"⚪ Buy: 42.8% | Sell: 57.2% | Net: -14.5% | Value: -20,016"
2025-10-28T20:43:46.592518,APT/USDT,77656.32476,88674.72454,-11018.399779999992,46.68781029568122,53.31218970431878,-6.624379408637562,⚪,"⚪ Buy: 46.7% | Sell: 53.3% | Net: -6.6% | Value: -11,018"
2025-10-28T20:43:47.936339,NEAR/USDT,703070.9433800001,844579.25402,-141508.31063999992,45.428285058286136,54.571714941713864,-9.143429883427736,⚪,"⚪ Buy: 45.4% | Sell: 54.6% | Net: -9.1% | Value: -141,508"
2025-10-28T20:43:48.375568,AAPL,41278599.0,0,41278599.0,100.0,0.0,100.0,🟢,"🟢 Buy: 100.0% | Sell: 0.0% | Net: 100.0% | Value: 41,278,599"
2025-10-28T20:43:48.566687,MSFT,29719611.0,0,29719611.0,100.0,0.0,100.0,🟢,"🟢 Buy: 100.0% | Sell: 0.0% | Net: 100.0% | Value: 29,719,611"
2025-10-28T20:43:48.725962,GOOG,0,19752228.0,-19752228.0,0.0,100.0,-100.0,🔴,"🔴 Buy: 0.0% | Sell: 100.0% | Net: -100.0% | Value: -19,752,228"
2025-10-28T20:43:48.838529,GC=F,0,329289.0,-329289.0,0.0,100.0,-100.0,🔴,"🔴 Buy: 0.0% | Sell: 100.0% | Net: -100.0% | Value: -329,289"
2025-10-28T20:43:48.984097,CL=F,0,279893.0,-279893.0,0.0,100.0,-100.0,🔴,"🔴 Buy: 0.0% | Sell: 100.0% | Net: -100.0% | Value: -279,893"
2025-10-28T20:43:49.142388,TSLA,78979713.0,0,78979713.0,100.0,0.0,100.0,🟢,"🟢 Buy: 100.0% | Sell: 0.0% | Net: 100.0% | Value: 78,979,713"
2025-10-28T20:43:49.317996,NVDA,287790029.0,0,287790029.0,100.0,0.0,100.0,🟢,"🟢 Buy: 100.0% | Sell: 0.0% | Net: 100.0% | Value: 287,790,029"
2025-10-28T21:16:20.219207,BTC/USDT,923.0522752480001,1115.1917625219999,-192.13948727399975,45.28664174373802,54.71335825626198,-9.426716512523962,⚪,⚪ Buy: 45.3% | Sell: 54.7% | Net: -9.4% | Value: -192
2025-10-28T21:16:22.031796,ETH/USDT,58441.284671546,68197.26289339398,-9755.978221847989,46.14810087076957,53.85189912923044,-7.703798258460871,⚪,"⚪ Buy: 46.1% | Sell: 53.9% | Net: -7.7% | Value: -9,756"
2025-10-28T21:16:23.413952,BNB/USDT,2750.37632,3244.50598,-494.12966000000006,45.87873760257145,54.12126239742856,-8.24252479485711,⚪,⚪ Buy: 45.9% | Sell: 54.1% | Net: -8.2% | Value: -494
2025-10-28T21:16:25.227788,XRP/USDT,8969897.59131941,9430517.876833871,-460620.2855144609,48.74834270369686,51.25165729630312,-2.5033145926062614,⚪,"⚪ Buy: 48.7% | Sell: 51.3% | Net: -2.5% | Value: -460,620"
2025-10-28T21:16:27.286235,SOL/USDT,111320.59319109,134673.48479406,-23352.891602970005,45.25336304958127,54.74663695041874,-9.493273900837465,⚪,"⚪ Buy: 45.3% | Sell: 54.7% | Net: -9.5% | Value: -23,353"
2025-10-28T21:16:29.633747,DOGE/USDT,19038400.82776,22521197.590239994,-3482796.7624799944,45.80987678532097,54.19012321467903,-8.380246429358063,⚪,"⚪ Buy: 45.8% | Sell: 54.2% | Net: -8.4% | Value: -3,482,797"
2025-10-28T21:16:30.984596,ADA/USDT,11997217.204,14632938.086,-2635720.8819999993,45.05124763018233,54.94875236981767,-9.897504739635334,⚪,"⚪ Buy: 45.1% | Sell: 54.9% | Net: -9.9% | Value: -2,635,721"
2025-10-28T21:16:32.787003,TRX/USDT,4195880.784,4857085.506,-661204.7220000001,46.34813219877791,53.651867801222096,-7.30373560244418,⚪,"⚪ Buy: 46.3% | Sell: 53.7% | Net: -7.3% | Value: -661,205"
2025-10-28T21:16:34.588248,AVAX/USDT,155402.81956,195794.35744,-40391.53787999999,44.24945009167884,55.750549908321155,-11.501099816642315,⚪,"⚪ Buy: 44.2% | Sell: 55.8% | Net: -11.5% | Value: -40,392"
2025-10-28T21:16:37.230531,DOT/USDT,265929.93816,336607.13164000004,-70677.19348000002,44.13503359191993,55.86496640808007,-11.729932816160153,⚪,"⚪ Buy: 44.1% | Sell: 55.9% | Net: -11.7% | Value: -70,677"
2025-10-28T21:16:38.582187,LINK/USDT,355435.707784926,427518.61072260403,-72082.90293767804,45.396736359083974,54.60326364091603,-9.206527281832061,⚪,"⚪ Buy: 45.4% | Sell: 54.6% | Net: -9.2% | Value: -72,083"
2025-10-28T21:16:40.945733,SUI/USDT,1767292.1600000001,2069405.0399999998,-302112.87999999966,46.062852184425715,53.937147815574285,-7.874295631148573,⚪,"⚪ Buy: 46.1% | Sell: 53.9% | Net: -7.9% | Value: -302,113"
2025-10-28T21:16:42.856661,SHIB/USDT,80676108134.6683,100129815095.42216,-19453706960.75386,44.6202794097632,55.379720590236815,-10.759441180473614,⚪,"⚪ Buy: 44.6% | Sell: 55.4% | Net: -10.8% | Value: -19,453,706,961"
2025-10-28T21:16:45.310597,LTC/USDT,36902.971731483995,44921.200731486,-8018.2290000020075,45.100329915569446,54.89967008443056,-9.799340168861107,⚪,"⚪ Buy: 45.1% | Sell: 54.9% | Net: -9.8% | Value: -8,018"
2025-10-28T21:16:48.032590,ATOM/USDT,249995.005609944,250100.088073296,-105.08246335200965,49.989493751820476,50.01050624817953,-0.02101249635905623,⚪,⚪ Buy: 50.0% | Sell: 50.0% | Net: -0.0% | Value: -105
2025-10-28T21:16:49.350194,XLM/USDT,5911967.716186857,6619120.386420864,-707152.6702340068,47.17840675748322,52.821593242516784,-5.643186485033557,⚪,"⚪ Buy: 47.2% | Sell: 52.8% | Net: -5.6% | Value: -707,153"
2025-10-28T21:16:51.175004,UNI/USDT,302052.53974,342032.76826000004,-39980.22852000006,46.896356117472564,53.10364388252745,-6.207287765054883,⚪,"⚪ Buy: 46.9% | Sell: 53.1% | Net: -6.2% | Value: -39,980"
2025-10-28T21:16:53.140366,ICP/USDT,61341.44354,82423.39636,-21081.95282,42.66790376747743,57.33209623252257,-14.664192465045133,⚪,"⚪ Buy: 42.7% | Sell: 57.3% | Net: -14.7% | Value: -21,082"
2025-10-28T21:16:54.513131,APT/USDT,76706.38204,87249.81046000001,-10543.428420000011,46.78468124343641,53.21531875656359,-6.43063751312718,⚪,"⚪ Buy: 46.8% | Sell: 53.2% | Net: -6.4% | Value: -10,543"
2025-10-28T21:16:56.189583,NEAR/USDT,684908.69666,817335.8839399999,-132427.18727999984,45.59235596552766,54.407644034472334,-8.81528806894468,⚪,"⚪ Buy: 45.6% | Sell: 54.4% | Net: -8.8% | Value: -132,427"
2025-10-28T21:16:56.600727,AAPL,41376749.0,0,41376749.0,100.0,0.0,100.0,🟢,"🟢 Buy: 100.0% | Sell: 0.0% | Net: 100.0% | Value: 41,376,749"
2025-10-28T21:16:56.769654,MSFT,29829304.0,0,29829304.0,100.0,0.0,100.0,🟢,"🟢 Buy: 100.0% | Sell: 0.0% | Net: 100.0% | Value: 29,829,304"
2025-10-28T21:16:56.894915,GOOG,0,19752228.0,-19752228.0,0.0,100.0,-100.0,🔴,"🔴 Buy: 0.0% | Sell: 100.0% | Net: -100.0% | Value: -19,752,228"
2025-10-28T21:16:56.990585,GC=F,0,330554.0,-330554.0,0.0,100.0,-100.0,🔴,"🔴 Buy: 0.0% | Sell: 100.0% | Net: -100.0% | Value: -330,554"
2025-10-28T21:16:57.088174,CL=F,0,287337.0,-287337.0,0.0,100.0,-100.0,🔴,"🔴 Buy: 0.0% | Sell: 100.0% | Net: -100.0% | Value: -287,337"
2025-10-28T21:16:57.190739,TSLA,79752079.0,0,79752079.0,100.0,0.0,100.0,🟢,"🟢 Buy: 100.0% | Sell: 0.0% | Net: 100.0% | Value: 79,752,079"
2025-10-28T21:16:57.366185,NVDA,287790029.0,0,287790029.0,100.0,0.0,100.0,🟢,"🟢 Buy: 100.0% | Sell: 0.0% | Net: 100.0% | Value: 287,790,029"
2025-10-28T21:38:33.234529,BTC/USDT,981.6784638820001,1121.816501218,-140.1380373359999,46.66892387048481,53.33107612951519,-6.662152259030378,⚪,⚪ Buy: 46.7% | Sell: 53.3% | Net: -6.7% | Value: -140
2025-10-28T21:38:34.484647,ETH/USDT,59993.51155942599,70525.60322521398,-10532.091665787993,45.96530681227565,54.03469318772436,-8.069386375448705,⚪,"⚪ Buy: 46.0% | Sell: 54.0% | Net: -8.1% | Value: -10,532"
2025-10-28T21:38:35.895160,BNB/USDT,2952.09336,3306.14244,-354.04908000000023,47.171334771374376,52.82866522862562,-5.657330457251231,⚪,⚪ Buy: 47.2% | Sell: 52.8% | Net: -5.7% | Value: -354
2025-10-28T21:38:37.347637,XRP/USDT,9228816.237278419,9818895.845772384,-590079.6084939651,48.45104859333989,51.5489514066601,-3.0979028133202138,⚪,"⚪ Buy: 48.5% | Sell: 51.5% | Net: -3.1% | Value: -590,080"
2025-10-28T21:38:38.603029,SOL/USDT,119443.43579109,135126.04419406,-15682.60840297,46.919778363870485,53.08022163612952,-6.160443272259042,⚪,"⚪ Buy: 46.9% | Sell: 53.1% | Net: -6.2% | Value: -15,683"
2025-10-28T21:38:40.156965,DOGE/USDT,19915349.11404,23836620.019659996,-3921270.9056199975,45.518749232020696,54.4812507679793,-8.962501535958605,⚪,"⚪ Buy: 45.5% | Sell: 54.5% | Net: -9.0% | Value: -3,921,271"
2025-10-28T21:38:42.262340,ADA/USDT,12227021.120000001,14977643.959999999,-2750622.839999998,44.94457507212216,55.05542492787785,-10.110849855755689,⚪,"⚪ Buy: 44.9% | Sell: 55.1% | Net: -10.1% | Value: -2,750,623"
2025-10-28T21:38:43.609097,TRX/USDT,4308141.631999999,5025476.778,-717335.1460000006,46.15725051909423,53.84274948090576,-7.685498961811539,⚪,"⚪ Buy: 46.2% | Sell: 53.8% | Net: -7.7% | Value: -717,335"
2025-10-28T21:38:44.923230,AVAX/USDT,173610.34634,200969.58646,-27359.240120000002,46.34801043458354,53.65198956541647,-7.3039791308329285,⚪,"⚪ Buy: 46.3% | Sell: 53.7% | Net: -7.3% | Value: -27,359"
2025-10-28T21:38:46.228732,DOT/USDT,276901.38608,353064.30352,-76162.91743999999,43.95499479595785,56.04500520404214,-12.090010408084293,⚪,"⚪ Buy: 44.0% | Sell: 56.0% | Net: -12.1% | Value: -76,163"
2025-10-28T21:38:47.569864,LINK/USDT,388310.229984926,436850.17152260407,-48539.94153767807,47.05875721562754,52.941242784372456,-5.882485568744916,⚪,"⚪ Buy: 47.1% | Sell: 52.9% | Net: -5.9% | Value: -48,540"
2025-10-28T21:38:49.039609,SUI/USDT,1820640.8800000001,2149428.1199999996,-328787.2399999995,45.85917473978412,54.14082526021588,-8.28165052043175,⚪,"⚪ Buy: 45.9% | Sell: 54.1% | Net: -8.3% | Value: -328,787"
2025-10-28T21:38:50.370133,SHIB/USDT,88525550345.40688,101929071016.6769,-13403520671.27002,46.481177359884626,53.518822640115374,-7.037645280230742,⚪,"⚪ Buy: 46.5% | Sell: 53.5% | Net: -7.0% | Value: -13,403,520,671"
2025-10-28T21:38:51.745411,LTC/USDT,40172.226931483994,45922.911531486,-5750.684600002009,46.6602733309527,53.339726669047295,-6.679453338094589,⚪,"⚪ Buy: 46.7% | Sell: 53.3% | Net: -6.7% | Value: -5,751"
2025-10-28T21:38:53.193649,ATOM/USDT,253815.785969944,255831.258613296,-2015.4726433519972,49.80226779839368,50.19773220160633,-0.39546440321264587,⚪,"⚪ Buy: 49.8% | Sell: 50.2% | Net: -0.4% | Value: -2,015"
2025-10-28T21:38:54.590859,XLM/USDT,6297589.172186856,6760364.120420864,-462774.9482340077,48.227995851019045,51.772004148980955,-3.544008297961907,⚪,"⚪ Buy: 48.2% | Sell: 51.8% | Net: -3.5% | Value: -462,775"
2025-10-28T21:38:55.905242,UNI/USDT,319949.38287999993,346911.1310200001,-26961.748140000156,47.97845669536499,52.02154330463501,-4.043086609270023,⚪,"⚪ Buy: 48.0% | Sell: 52.0% | Net: -4.0% | Value: -26,962"
2025-10-28T21:38:57.293394,ICP/USDT,61972.2675,83369.6323,-21397.364799999996,42.638955170723584,57.361044829276395,-14.722089658552814,⚪,"⚪ Buy: 42.6% | Sell: 57.4% | Net: -14.7% | Value: -21,397"
2025-10-28T21:38:58.514100,APT/USDT,79364.84057999999,88229.04642,-8864.20584000001,47.35545072714973,52.64454927285027,-5.289098545700542,⚪,"⚪ Buy: 47.4% | Sell: 52.6% | Net: -5.3% | Value: -8,864"
2025-10-28T21:38:59.835318,NEAR/USDT,703848.94534,845746.2569599998,-141897.31161999982,45.42147163951632,54.57852836048368,-9.157056720967356,⚪,"⚪ Buy: 45.4% | Sell: 54.6% | Net: -9.2% | Value: -141,897"
2025-10-28T21:39:00.485582,AAPL,41376749.0,0,41376749.0,100.0,0.0,100.0,🟢,"🟢 Buy: 100.0% | Sell: 0.0% | Net: 100.0% | Value: 41,376,749"
2025-10-28T21:39:00.836188,MSFT,29829304.0,0,29829304.0,100.0,0.0,100.0,🟢,"🟢 Buy: 100.0% | Sell: 0.0% | Net: 100.0% | Value: 29,829,304"
2025-10-28T21:39:01.070387,GOOG,0,19752228.0,-19752228.0,0.0,100.0,-100.0,🔴,"🔴 Buy: 0.0% | Sell: 100.0% | Net: -100.0% | Value: -19,752,228"
2025-10-28T21:39:01.167336,GC=F,0,330554.0,-330554.0,0.0,100.0,-100.0,🔴,"🔴 Buy: 0.0% | Sell: 100.0% | Net: -100.0% | Value: -330,554"
2025-10-28T21:39:01.266556,CL=F,0,287337.0,-287337.0,0.0,100.0,-100.0,🔴,"🔴 Buy: 0.0% | Sell: 100.0% | Net: -100.0% | Value: -287,337"
2025-10-28T21:39:01.366376,TSLA,79752079.0,0,79752079.0,100.0,0.0,100.0,🟢,"🟢 Buy: 100.0% | Sell: 0.0% | Net: 100.0% | Value: 79,752,079"
2025-10-28T21:39:01.544456,NVDA,287790029.0,0,287790029.0,100.0,0.0,100.0,🟢,"🟢 Buy: 100.0% | Sell: 0.0% | Net: 100.0% | Value: 287,790,029"
2025-10-28T22:17:28.028388,BTC/USDT,997.4105961600001,1144.0174073399999,-146.6068111799998,46.57689142617958,53.42310857382041,-6.846217147640835,⚪,⚪ Buy: 46.6% | Sell: 53.4% | Net: -6.8% | Value: -147
2025-10-28T22:17:29.437082,ETH/USDT,62925.51848414599,68621.82091209399,-5696.302427947994,47.83488497217344,52.16511502782656,-4.330230055653114,⚪,"⚪ Buy: 47.8% | Sell: 52.2% | Net: -4.3% | Value: -5,696"
2025-10-28T22:17:30.897750,BNB/USDT,2922.46146,3342.2190399999995,-419.7575799999995,46.64980855767505,53.35019144232495,-6.700382884649896,⚪,⚪ Buy: 46.6% | Sell: 53.4% | Net: -6.7% | Value: -420
2025-10-28T22:17:32.221544,XRP/USDT,9823191.80869792,9458298.684952877,364893.12374504283,50.94622644412578,49.05377355587422,1.8924528882515514,⚪,"⚪ Buy: 50.9% | Sell: 49.1% | Net: 1.9% | Value: 364,893"
2025-10-28T22:17:33.509911,SOL/USDT,121697.43559108999,133444.27639406,-11746.840802970008,47.69797719244478,52.30202280755522,-4.604045615110441,⚪,"⚪ Buy: 47.7% | Sell: 52.3% | Net: -4.6% | Value: -11,747"
2025-10-28T22:17:34.787914,DOGE/USDT,20580206.23904,24833905.707159996,-4253699.4681199975,45.316764673105176,54.68323532689482,-9.366470653789639,⚪,"⚪ Buy: 45.3% | Sell: 54.7% | Net: -9.4% | Value: -4,253,699"
2025-10-28T22:17:36.014725,ADA/USDT,12852483.612000002,14532751.787999999,-1680268.1759999972,46.932164081379426,53.06783591862059,-6.135671837241163,⚪,"⚪ Buy: 46.9% | Sell: 53.1% | Net: -6.1% | Value: -1,680,268"
2025-10-28T22:17:37.726867,TRX/USDT,4208239.899999999,4837950.350000001,-629710.4500000011,46.51947155323203,53.48052844676797,-6.96105689353594,⚪,"⚪ Buy: 46.5% | Sell: 53.5% | Net: -7.0% | Value: -629,710"
2025-10-28T22:17:38.964313,AVAX/USDT,182919.22706,208034.83083999998,-25115.603779999976,46.7879085441768,53.2120914558232,-6.4241829116464,⚪,"⚪ Buy: 46.8% | Sell: 53.2% | Net: -6.4% | Value: -25,116"
2025-10-28T22:17:40.232681,DOT/USDT,311720.99032000004,335200.02158,-23479.03125999996,48.18532472835885,51.81467527164114,-3.6293505432822935,⚪,"⚪ Buy: 48.2% | Sell: 51.8% | Net: -3.6% | Value: -23,479"
2025-10-28T22:17:41.691151,LINK/USDT,408360.48897877405,448244.0543133761,-39883.565334602026,47.671996626277554,52.328003373722446,-4.656006747444893,⚪,"⚪ Buy: 47.7% | Sell: 52.3% | Net: -4.7% | Value: -39,884"
2025-10-28T22:17:42.981428,SUI/USDT,1809333.52,2132467.08,-323133.56000000006,45.90119347995431,54.098806520045684,-8.197613040091374,⚪,"⚪ Buy: 45.9% | Sell: 54.1% | Net: -8.2% | Value: -323,134"
2025-10-28T22:17:44.249265,SHIB/USDT,92946763435.8324,100572303990.59473,-7625540554.762329,48.02977022983499,51.97022977016501,-3.9404595403300187,⚪,"⚪ Buy: 48.0% | Sell: 52.0% | Net: -3.9% | Value: -7,625,540,555"
2025-10-28T22:17:45.596397,LTC/USDT,43015.855238888,46849.05449259201,-3833.1992537040132,47.867243585311684,52.132756414688316,-4.265512829376637,⚪,"⚪ Buy: 47.9% | Sell: 52.1% | Net: -4.3% | Value: -3,833"
2025-10-28T22:17:46.835775,ATOM/USDT,260862.24666994403,264566.709313296,-3704.462643351988,49.64748206192597,50.35251793807403,-0.7050358761480499,⚪,"⚪ Buy: 49.6% | Sell: 50.4% | Net: -0.7% | Value: -3,704"
2025-10-28T22:17:48.135067,XLM/USDT,6487859.194186856,6890049.658420864,-402190.4642340075,48.49681116583625,51.50318883416376,-3.00637766832751,⚪,"⚪ Buy: 48.5% | Sell: 51.5% | Net: -3.0% | Value: -402,190"
2025-10-28T22:17:49.346751,UNI/USDT,315094.05522,325983.13238,-10889.077160000044,49.15072027435842,50.84927972564157,-1.6985594512831552,⚪,"⚪ Buy: 49.2% | Sell: 50.8% | Net: -1.7% | Value: -10,889"
2025-10-28T22:17:50.658062,ICP/USDT,54716.0182,72205.86850000001,-17489.850300000013,43.109994361595,56.89000563840501,-13.78001127681,⚪,"⚪ Buy: 43.1% | Sell: 56.9% | Net: -13.8% | Value: -17,490"
2025-10-28T22:17:51.867859,APT/USDT,71870.93664000001,86146.16536,-14275.228719999985,45.48301147808672,54.51698852191328,-9.03397704382655,⚪,"⚪ Buy: 45.5% | Sell: 54.5% | Net: -9.0% | Value: -14,275"
2025-10-28T22:17:53.061404,NEAR/USDT,685876.14538,802061.23832,-116185.09294,46.095766723358786,53.9042332766412,-7.808466553282418,⚪,"⚪ Buy: 46.1% | Sell: 53.9% | Net: -7.8% | Value: -116,185"
2025-10-28T22:17:53.662731,AAPL,41376749.0,0,41376749.0,100.0,0.0,100.0,🟢,"🟢 Buy: 100.0% | Sell: 0.0% | Net: 100.0% | Value: 41,376,749"
2025-10-28T22:17:53.898070,MSFT,29829304.0,0,29829304.0,100.0,0.0,100.0,🟢,"🟢 Buy: 100.0% | Sell: 0.0% | Net: 100.0% | Value: 29,829,304"
2025-10-28T22:17:54.055329,GOOG,0,19752228.0,-19752228.0,0.0,100.0,-100.0,🔴,"🔴 Buy: 0.0% | Sell: 100.0% | Net: -100.0% | Value: -19,752,228"
2025-10-28T22:17:54.190185,GC=F,0,1356.0,-1356.0,0.0,100.0,-100.0,🔴,"🔴 Buy: 0.0% | Sell: 100.0% | Net: -100.0% | Value: -1,356"
2025-10-28T22:17:54.295674,CL=F,0,352.0,-352.0,0.0,100.0,-100.0,🔴,🔴 Buy: 0.0% | Sell: 100.0% | Net: -100.0% | Value: -352
2025-10-28T22:17:54.541317,TSLA,79752079.0,0,79752079.0,100.0,0.0,100.0,🟢,"🟢 Buy: 100.0% | Sell: 0.0% | Net: 100.0% | Value: 79,752,079"
2025-10-28T22:17:54.770203,NVDA,287790029.0,0,287790029.0,100.0,0.0,100.0,🟢,"🟢 Buy: 100.0% | Sell: 0.0% | Net: 100.0% | Value: 287,790,029"
2025-10-28T22:41:19.934110,BTC/USDT,1028.485429324,1153.0211448459997,-124.53571552199969,47.14564886036655,52.85435113963344,-5.708702279266883,⚪,⚪ Buy: 47.1% | Sell: 52.9% | Net: -5.7% | Value: -125
2025-10-28T22:41:21.013940,ETH/USDT,65314.56772552599,69181.92265901399,-3867.354933488001,48.562284070598864,51.437715929401136,-2.8754318588022754,⚪,"⚪ Buy: 48.6% | Sell: 51.4% | Net: -2.9% | Value: -3,867"
2025-10-28T22:41:22.220326,BNB/USDT,2990.20206,3331.548239999999,-341.3461799999991,47.3002241167292,52.699775883270796,-5.399551766541603,⚪,⚪ Buy: 47.3% | Sell: 52.7% | Net: -5.4% | Value: -341
2025-10-28T22:41:23.564152,XRP/USDT,10163765.196717922,9555505.981032878,608259.2156850435,51.54229639169257,48.45770360830744,3.084592783385122,⚪,"⚪ Buy: 51.5% | Sell: 48.5% | Net: 3.1% | Value: 608,259"
2025-10-28T22:41:25.676341,SOL/USDT,124926.34459108999,135596.88239406,-10670.537802970008,47.952094727511906,52.047905272488094,-4.095810544976182,⚪,"⚪ Buy: 48.0% | Sell: 52.0% | Net: -4.1% | Value: -10,671"
2025-10-28T22:41:26.875194,DOGE/USDT,20842258.04576,24888245.24364,-4045987.19788,45.57627086205956,54.42372913794045,-8.847458275880884,⚪,"⚪ Buy: 45.6% | Sell: 54.4% | Net: -8.8% | Value: -4,045,987"
2025-10-28T22:41:27.998896,ADA/USDT,13229816.600000001,14576204.66,-1346388.0599999987,47.578963118436455,52.421036881563545,-4.8420737631270825,⚪,"⚪ Buy: 47.6% | Sell: 52.4% | Net: -4.8% | Value: -1,346,388"
2025-10-28T22:41:29.075670,TRX/USDT,4406190.784,4969917.606000001,-563726.8220000006,46.99381236568661,53.00618763431339,-6.01237526862678,⚪,"⚪ Buy: 47.0% | Sell: 53.0% | Net: -6.0% | Value: -563,727"
2025-10-28T22:41:30.168967,AVAX/USDT,186650.15654,207414.59846,-20764.441920000012,47.36535154989945,52.63464845010054,-5.269296900201088,⚪,"⚪ Buy: 47.4% | Sell: 52.6% | Net: -5.3% | Value: -20,764"
2025-10-28T22:41:31.333733,DOT/USDT,320404.20838,335792.20402,-15387.99563999998,48.82748554021202,51.17251445978799,-2.345028919575967,⚪,"⚪ Buy: 48.8% | Sell: 51.2% | Net: -2.3% | Value: -15,388"
2025-10-28T22:41:32.443539,LINK/USDT,420717.760478774,445524.04021337605,-24806.279734602023,48.56816654917939,51.431833450820605,-2.863666901641222,⚪,"⚪ Buy: 48.6% | Sell: 51.4% | Net: -2.9% | Value: -24,806"
2025-10-28T22:41:33.522026,SUI/USDT,1862389.7,2146217.1999999997,-283827.49999999977,46.4597738431274,53.540226156872606,-7.080452313745202,⚪,"⚪ Buy: 46.5% | Sell: 53.5% | Net: -7.1% | Value: -283,827"
2025-10-28T22:41:34.639946,SHIB/USDT,98802237275.38998,104475953216.96645,-5673715941.576462,48.60444548236231,51.395554517637684,-2.7911090352753813,⚪,"⚪ Buy: 48.6% | Sell: 51.4% | Net: -2.8% | Value: -5,673,715,942"
2025-10-28T22:41:35.855110,LTC/USDT,44357.673038888,47743.599692592004,-3385.926653704002,48.1618458935005,51.83815410649949,-3.6763082129989932,⚪,"⚪ Buy: 48.2% | Sell: 51.8% | Net: -3.7% | Value: -3,386"
2025-10-28T22:41:37.007677,ATOM/USDT,262471.211829944,265639.35275329597,-3168.1409233519807,49.70004946541336,50.29995053458664,-0.599901069173295,⚪,"⚪ Buy: 49.7% | Sell: 50.3% | Net: -0.6% | Value: -3,168"
2025-10-28T22:41:38.243373,XLM/USDT,6687348.038186856,6943405.204420864,-256057.16623400804,49.060737284005654,50.93926271599434,-1.8785254319886826,⚪,"⚪ Buy: 49.1% | Sell: 50.9% | Net: -1.9% | Value: -256,057"
2025-10-28T22:41:39.312178,UNI/USDT,319477.6374,328905.5205,-9427.883099999977,49.27296977218415,50.72703022781585,-1.454060455631705,⚪,"⚪ Buy: 49.3% | Sell: 50.7% | Net: -1.5% | Value: -9,428"
2025-10-28T22:41:40.431923,ICP/USDT,55813.550559999996,72937.55674,-17124.006180000004,43.349957705567626,56.65004229443237,-13.300084588864738,⚪,"⚪ Buy: 43.3% | Sell: 56.7% | Net: -13.3% | Value: -17,124"
2025-10-28T22:41:41.515068,APT/USDT,73812.77706000001,87440.72564,-13627.948579999997,45.77437129990479,54.22562870009521,-8.451257400190412,⚪,"⚪ Buy: 45.8% | Sell: 54.2% | Net: -8.5% | Value: -13,628"
2025-10-28T22:41:42.621565,NEAR/USDT,709175.82754,817594.35976,-108418.53222000005,46.44941546796471,53.550584532035295,-7.101169064070581,⚪,"⚪ Buy: 46.4% | Sell: 53.6% | Net: -7.1% | Value: -108,419"
2025-10-28T22:41:43.162025,AAPL,41376749.0,0,41376749.0,100.0,0.0,100.0,🟢,"🟢 Buy: 100.0% | Sell: 0.0% | Net: 100.0% | Value: 41,376,749"
2025-10-28T22:41:43.347600,MSFT,29829304.0,0,29829304.0,100.0,0.0,100.0,🟢,"🟢 Buy: 100.0% | Sell: 0.0% | Net: 100.0% | Value: 29,829,304"
2025-10-28T22:41:43.472428,GOOG,0,19752228.0,-19752228.0,0.0,100.0,-100.0,🔴,"🔴 Buy: 0.0% | Sell: 100.0% | Net: -100.0% | Value: -19,752,228"
2025-10-28T22:41:43.601531,GC=F,0,5120.0,-5120.0,0.0,100.0,-100.0,🔴,"🔴 Buy: 0.0% | Sell: 100.0% | Net: -100.0% | Value: -5,120"
2025-10-28T22:41:43.705910,CL=F,0,693.0,-693.0,0.0,100.0,-100.0,🔴,🔴 Buy: 0.0% | Sell: 100.0% | Net: -100.0% | Value: -693
2025-10-28T22:41:43.818549,TSLA,79752079.0,0,79752079.0,100.0,0.0,100.0,🟢,"🟢 Buy: 100.0% | Sell: 0.0% | Net: 100.0% | Value: 79,752,079"
2025-10-28T22:41:43.963424,NVDA,287790029.0,0,287790029.0,100.0,0.0,100.0,🟢,"🟢 Buy: 100.0% | Sell: 0.0% | Net: 100.0% | Value: 287,790,029"
