timestamp,market,buy_volume,sell_volume,net_flow,buy_%,sell_%,net_%,trend,message
2025-12-13T01:21:05.447408,BTC/USDT,1901.8507152579996,1688.7913454919997,213.05936976599992,52.96687007729053,47.03312992270946,5.933740154581069,⚪,⚪ Buy: 53.0% | Sell: 47.0% | Net: 5.9% | Value: 213
2025-12-13T01:21:06.912999,ETH/USDT,16542.250619212005,21643.171456187993,-5100.920836975987,43.320853142720495,56.679146857279505,-13.35829371455901,⚪,"⚪ Buy: 43.3% | Sell: 56.7% | Net: -13.4% | Value: -5,101"
2025-12-13T01:21:08.159495,BNB/USDT,2156.56608,2075.18492,81.38115999999991,50.96155421242885,49.03844578757115,1.9231084248576984,⚪,⚪ Buy: 51.0% | Sell: 49.0% | Net: 1.9% | Value: 81
2025-12-13T01:21:09.396910,XRP/USDT,7560256.164349179,7315046.37176612,245209.7925830586,50.82421783351202,49.17578216648797,1.6484356670240563,⚪,"⚪ Buy: 50.8% | Sell: 49.2% | Net: 1.6% | Value: 245,210"
2025-12-13T01:21:10.603747,SOL/USDT,81302.00230564602,97257.099958894,-15955.097653247984,45.53226426127241,54.46773573872758,-8.93547147745517,⚪,"⚪ Buy: 45.5% | Sell: 54.5% | Net: -8.9% | Value: -15,955"
2025-12-13T01:21:11.860006,DOGE/USDT,27345283.934720006,30411745.43127999,-3066461.496559985,47.34537810356541,52.65462189643459,-5.309243792869181,⚪,"⚪ Buy: 47.3% | Sell: 52.7% | Net: -5.3% | Value: -3,066,461"
2025-12-13T01:21:13.075760,ADA/USDT,3936867.6784290764,4713172.582272085,-776304.9038430089,45.51270930281149,54.48729069718852,-8.974581394377031,⚪,"⚪ Buy: 45.5% | Sell: 54.5% | Net: -9.0% | Value: -776,305"
2025-12-13T01:21:14.278334,TRX/USDT,2701500.0409999997,3112596.679,-411096.63800000027,46.464656009368895,53.5353439906311,-7.070687981262208,⚪,"⚪ Buy: 46.5% | Sell: 53.5% | Net: -7.1% | Value: -411,097"
2025-12-13T01:21:15.756295,AVAX/USDT,117995.12912,121666.59597999998,-3671.466859999986,49.23403145444521,50.7659685455548,-1.5319370911095833,⚪,"⚪ Buy: 49.2% | Sell: 50.8% | Net: -1.5% | Value: -3,671"
2025-12-13T01:21:17.015726,DOT/USDT,396117.98036000005,405955.70024,-9837.719879999931,49.38673215952923,50.613267840470755,-1.226535680941521,⚪,"⚪ Buy: 49.4% | Sell: 50.6% | Net: -1.2% | Value: -9,838"
2025-12-13T01:21:18.183569,LINK/USDT,802902.97542,799737.7704800001,3165.204939999967,50.09874967138136,49.901250328618644,0.19749934276271458,⚪,"⚪ Buy: 50.1% | Sell: 49.9% | Net: 0.2% | Value: 3,165"
2025-12-13T01:21:20.086173,SUI/USDT,2075565.9400000002,2321717.36,-246151.4199999997,47.201096640737255,52.79890335926275,-5.597806718525497,⚪,"⚪ Buy: 47.2% | Sell: 52.8% | Net: -5.6% | Value: -246,151"
2025-12-13T01:21:21.305446,SHIB/USDT,181869692040.54156,159074675818.1412,22795016222.40036,53.34292312343588,46.65707687656413,6.685846246871751,⚪,"⚪ Buy: 53.3% | Sell: 46.7% | Net: 6.7% | Value: 22,795,016,222"
2025-12-13T01:21:22.852264,LTC/USDT,29616.419799708,29238.196199562,378.22360014600054,50.32132025137221,49.67867974862779,0.6426405027444098,⚪,⚪ Buy: 50.3% | Sell: 49.7% | Net: 0.6% | Value: 378
2025-12-13T01:21:24.078744,ATOM/USDT,63557.00084,70229.49196,-6672.491119999999,47.50629118816395,52.49370881183605,-4.987417623672095,⚪,"⚪ Buy: 47.5% | Sell: 52.5% | Net: -5.0% | Value: -6,672"
2025-12-13T01:21:25.408820,XLM/USDT,2919184.6421142095,3404418.6167776003,-485233.9746633908,46.16331105227792,53.83668894772208,-7.673377895444161,⚪,"⚪ Buy: 46.2% | Sell: 53.8% | Net: -7.7% | Value: -485,234"
2025-12-13T01:21:26.588436,UNI/USDT,330787.55588,298778.68162000005,32008.874259999953,52.5421371377146,47.4578628622854,5.084274275429192,⚪,"⚪ Buy: 52.5% | Sell: 47.5% | Net: 5.1% | Value: 32,009"
2025-12-13T01:21:27.907869,ICP/USDT,85868.22495,104003.25014999999,-18135.02519999999,45.224394504111594,54.77560549588841,-9.551210991776822,⚪,"⚪ Buy: 45.2% | Sell: 54.8% | Net: -9.6% | Value: -18,135"
2025-12-13T01:21:29.297173,APT/USDT,194240.50945964397,230425.68328946596,-36185.173829821986,45.739574464878594,54.26042553512141,-8.520851070242824,⚪,"⚪ Buy: 45.7% | Sell: 54.3% | Net: -8.5% | Value: -36,185"
2025-12-13T01:21:30.494276,NEAR/USDT,1084358.37788,1265699.41682,-181341.03893999988,46.1417749097709,53.8582250902291,-7.716450180458188,⚪,"⚪ Buy: 46.1% | Sell: 53.9% | Net: -7.7% | Value: -181,341"
2025-12-13T01:21:31.014837,AAPL,38360082.0,0,38360082.0,100.0,0.0,100.0,🟢,"🟢 Buy: 100.0% | Sell: 0.0% | Net: 100.0% | Value: 38,360,082"
2025-12-13T01:21:31.210748,MSFT,0,20743536.0,-20743536.0,0.0,100.0,-100.0,🔴,"🔴 Buy: 0.0% | Sell: 100.0% | Net: -100.0% | Value: -20,743,536"
2025-12-13T01:21:31.318877,GOOG,0,20315069.0,-20315069.0,0.0,100.0,-100.0,🔴,"🔴 Buy: 0.0% | Sell: 100.0% | Net: -100.0% | Value: -20,315,069"
2025-12-13T01:21:31.453649,GC=F,283739.0,0,283739.0,100.0,0.0,100.0,🟢,"🟢 Buy: 100.0% | Sell: 0.0% | Net: 100.0% | Value: 283,739"
2025-12-13T01:21:31.540073,CL=F,0,188382.0,-188382.0,0.0,100.0,-100.0,🔴,"🔴 Buy: 0.0% | Sell: 100.0% | Net: -100.0% | Value: -188,382"
2025-12-13T01:21:31.638584,TSLA,93562326.0,0,93562326.0,100.0,0.0,100.0,🟢,"🟢 Buy: 100.0% | Sell: 0.0% | Net: 100.0% | Value: 93,562,326"
2025-12-13T01:21:31.806285,NVDA,0,192808886.0,-192808886.0,0.0,100.0,-100.0,🔴,"🔴 Buy: 0.0% | Sell: 100.0% | Net: -100.0% | Value: -192,808,886"
2025-12-13T02:57:45.537272,BTC/USDT,1767.6902021419996,1654.918152908,112.77204923399972,51.647457692137145,48.35254230786285,3.294915384274292,⚪,⚪ Buy: 51.6% | Sell: 48.4% | Net: 3.3% | Value: 113
2025-12-13T02:57:46.660211,ETH/USDT,15507.151363772004,19867.263602027997,-4360.112238255993,43.83719526885271,56.16280473114729,-12.325609462294574,⚪,"⚪ Buy: 43.8% | Sell: 56.2% | Net: -12.3% | Value: -4,360"
2025-12-13T02:57:47.714646,BNB/USDT,1700.70288,1771.2761199999998,-70.57323999999971,48.98367415240703,51.01632584759297,-2.0326516951859364,⚪,⚪ Buy: 49.0% | Sell: 51.0% | Net: -2.0% | Value: -71
2025-12-13T02:57:48.863310,XRP/USDT,7514901.15442918,7028394.58368612,486506.57074305974,51.6726145830481,48.3273854169519,3.3452291660962077,⚪,"⚪ Buy: 51.7% | Sell: 48.3% | Net: 3.3% | Value: 486,507"
2025-12-13T02:57:49.860396,SOL/USDT,78944.821505646,91164.19175889398,-12219.37025324798,46.40837072100189,53.5916292789981,-7.183258557996211,⚪,"⚪ Buy: 46.4% | Sell: 53.6% | Net: -7.2% | Value: -12,219"
2025-12-13T02:57:51.042803,DOGE/USDT,26922700.988560002,28661289.928339995,-1738588.9397799931,48.43607043044171,51.5639295695583,-3.127859139116593,⚪,"⚪ Buy: 48.4% | Sell: 51.6% | Net: -3.1% | Value: -1,738,589"
2025-12-13T02:57:52.105161,ADA/USDT,3765891.0114290765,4312402.549272084,-546511.5378430071,46.61740729192087,53.38259270807914,-6.765185416158266,⚪,"⚪ Buy: 46.6% | Sell: 53.4% | Net: -6.8% | Value: -546,512"
2025-12-13T02:57:53.118648,TRX/USDT,2972719.5749999993,3199231.2950000004,-226511.72000000114,48.16499090181513,51.835009098184884,-3.670018196369751,⚪,"⚪ Buy: 48.2% | Sell: 51.8% | Net: -3.7% | Value: -226,512"
2025-12-13T02:57:54.134919,AVAX/USDT,116523.69871999999,114056.03928,2467.6594399999885,50.535098933974844,49.46490106602515,1.0701978679496933,⚪,"⚪ Buy: 50.5% | Sell: 49.5% | Net: 1.1% | Value: 2,468"
2025-12-13T02:57:55.197750,DOT/USDT,417319.83928,391513.54582,25806.293460000015,51.59527870235039,48.40472129764961,3.1905574047007788,⚪,"⚪ Buy: 51.6% | Sell: 48.4% | Net: 3.2% | Value: 25,806"
2025-12-13T02:57:56.209858,LINK/USDT,795822.09216,752996.72944,42825.362719999976,51.382516861325314,48.61748313867469,2.765033722650622,⚪,"⚪ Buy: 51.4% | Sell: 48.6% | Net: 2.8% | Value: 42,825"
2025-12-13T02:57:57.257271,SUI/USDT,2141818.98,2233844.0199999996,-92025.03999999957,48.948444612850665,51.051555387149314,-2.103110774298651,⚪,"⚪ Buy: 48.9% | Sell: 51.1% | Net: -2.1% | Value: -92,025"
2025-12-13T02:57:58.390889,SHIB/USDT,188134118623.14514,163250960206.54352,24883158416.601624,53.54072496468499,46.45927503531501,7.081449929369976,⚪,"⚪ Buy: 53.5% | Sell: 46.5% | Net: 7.1% | Value: 24,883,158,417"
2025-12-13T02:57:59.422854,LTC/USDT,29221.254799707996,28826.577199562,394.6776001459948,50.339958949845844,49.660041050154156,0.6799178996916857,⚪,⚪ Buy: 50.3% | Sell: 49.7% | Net: 0.7% | Value: 395
2025-12-13T02:58:00.492339,ATOM/USDT,62976.3542,69842.39419999998,-6866.039999999979,47.41525948606215,52.58474051393785,-5.169481027875715,⚪,"⚪ Buy: 47.4% | Sell: 52.6% | Net: -5.2% | Value: -6,866"
2025-12-13T02:58:01.826336,XLM/USDT,2745078.0101142097,3074832.6087775994,-329754.5986633897,47.1670132046961,52.8329867953039,-5.6659735906078135,⚪,"⚪ Buy: 47.2% | Sell: 52.8% | Net: -5.7% | Value: -329,755"
2025-12-13T02:58:02.842121,UNI/USDT,342948.80329999997,303987.53540000005,38961.26789999992,53.011213435489765,46.98878656451024,6.022426870979526,⚪,"⚪ Buy: 53.0% | Sell: 47.0% | Net: 6.0% | Value: 38,961"
2025-12-13T02:58:03.909333,ICP/USDT,85892.75831,101932.54618999998,-16039.787879999974,45.73013127206192,54.26986872793809,-8.539737455876175,⚪,"⚪ Buy: 45.7% | Sell: 54.3% | Net: -8.5% | Value: -16,040"
2025-12-13T02:58:04.944910,APT/USDT,185024.678359644,208046.83378946598,-23022.155429821985,47.07150547441751,52.928494525582494,-5.856989051164978,⚪,"⚪ Buy: 47.1% | Sell: 52.9% | Net: -5.9% | Value: -23,022"
2025-12-13T02:58:05.978701,NEAR/USDT,1094836.9816400001,1255979.02956,-161142.0479199998,46.57263590276163,53.427364097238375,-6.854728194476737,⚪,"⚪ Buy: 46.6% | Sell: 53.4% | Net: -6.9% | Value: -161,142"
2025-12-13T02:58:06.350475,AAPL,38360082.0,0,38360082.0,100.0,0.0,100.0,🟢,"🟢 Buy: 100.0% | Sell: 0.0% | Net: 100.0% | Value: 38,360,082"
2025-12-13T02:58:06.581813,MSFT,0,20743536.0,-20743536.0,0.0,100.0,-100.0,🔴,"🔴 Buy: 0.0% | Sell: 100.0% | Net: -100.0% | Value: -20,743,536"
2025-12-13T02:58:06.698702,GOOG,0,20315069.0,-20315069.0,0.0,100.0,-100.0,🔴,"🔴 Buy: 0.0% | Sell: 100.0% | Net: -100.0% | Value: -20,315,069"
2025-12-13T02:58:06.821451,GC=F,283739.0,0,283739.0,100.0,0.0,100.0,🟢,"🟢 Buy: 100.0% | Sell: 0.0% | Net: 100.0% | Value: 283,739"
2025-12-13T02:58:06.940513,CL=F,0,188382.0,-188382.0,0.0,100.0,-100.0,🔴,"🔴 Buy: 0.0% | Sell: 100.0% | Net: -100.0% | Value: -188,382"
2025-12-13T02:58:07.045201,TSLA,93562326.0,0,93562326.0,100.0,0.0,100.0,🟢,"🟢 Buy: 100.0% | Sell: 0.0% | Net: 100.0% | Value: 93,562,326"
2025-12-13T02:58:07.180143,NVDA,0,192808886.0,-192808886.0,0.0,100.0,-100.0,🔴,"🔴 Buy: 0.0% | Sell: 100.0% | Net: -100.0% | Value: -192,808,886"
2025-12-13T03:50:17.921863,BTC/USDT,1568.5840756480002,1323.285717472,245.2983581760002,54.24117224709746,45.75882775290253,8.482344494194914,⚪,⚪ Buy: 54.2% | Sell: 45.8% | Net: 8.5% | Value: 245
2025-12-13T03:50:19.555567,ETH/USDT,11285.718325996006,13315.780097164,-2030.0617711679952,45.874109502905554,54.125890497094446,-8.251780994188882,⚪,"⚪ Buy: 45.9% | Sell: 54.1% | Net: -8.3% | Value: -2,030"
2025-12-13T03:50:21.107957,BNB/USDT,1250.3765400000004,1054.82106,195.55548000000044,54.24162076170824,45.75837923829175,8.483241523416492,⚪,⚪ Buy: 54.2% | Sell: 45.8% | Net: 8.5% | Value: 196
2025-12-13T03:50:23.241400,XRP/USDT,6776815.01370918,5639840.59350612,1136974.42020306,54.578424562014774,45.421575437985226,9.156849124029549,⚪,"⚪ Buy: 54.6% | Sell: 45.4% | Net: 9.2% | Value: 1,136,974"
2025-12-13T03:50:25.825935,SOL/USDT,63368.142505646,66669.714758894,-3301.5722532479995,48.73053419877124,51.269465801228755,-2.5389316024575135,⚪,"⚪ Buy: 48.7% | Sell: 51.3% | Net: -2.5% | Value: -3,302"
2025-12-13T03:50:27.890723,DOGE/USDT,22319842.744559996,21228542.432940003,1091300.3116199933,51.252974487081374,48.74702551291864,2.5059489741627248,⚪,"⚪ Buy: 51.3% | Sell: 48.7% | Net: 2.5% | Value: 1,091,300"
2025-12-13T03:50:29.735779,ADA/USDT,3043914.1334458366,3305045.6722972235,-261131.53885138687,47.943509276785974,52.05649072321403,-4.112981446428058,⚪,"⚪ Buy: 47.9% | Sell: 52.1% | Net: -4.1% | Value: -261,132"
2025-12-13T03:50:31.421791,TRX/USDT,2579239.109,2608851.5810000002,-29612.472000000067,49.71461107978434,50.28538892021566,-0.5707778404313141,⚪,"⚪ Buy: 49.7% | Sell: 50.3% | Net: -0.6% | Value: -29,612"
2025-12-13T03:50:34.036208,AVAX/USDT,102143.01446,89564.20474,12578.809720000005,53.280734489940386,46.71926551005963,6.561468979880757,⚪,"⚪ Buy: 53.3% | Sell: 46.7% | Net: 6.6% | Value: 12,579"
2025-12-13T03:50:35.821922,DOT/USDT,386981.34368,326384.67272000003,60596.67095999996,54.24723561025523,45.75276438974477,8.494471220510464,⚪,"⚪ Buy: 54.2% | Sell: 45.8% | Net: 8.5% | Value: 60,597"
2025-12-13T03:50:37.564842,LINK/USDT,744527.015,658812.8400000001,85714.17499999993,53.0539350355727,46.946064964427315,6.107870071145377,⚪,"⚪ Buy: 53.1% | Sell: 46.9% | Net: 6.1% | Value: 85,714"
2025-12-13T03:50:39.918621,SUI/USDT,1853987.9,1726525.6,127462.29999999981,51.77994441300109,48.2200555869989,3.5598888260021866,⚪,"⚪ Buy: 51.8% | Sell: 48.2% | Net: 3.6% | Value: 127,462"
2025-12-13T03:50:41.558341,SHIB/USDT,177808867014.9557,147110566148.9644,30698300865.991302,54.72398658446881,45.2760134155312,9.4479731689376,⚪,"⚪ Buy: 54.7% | Sell: 45.3% | Net: 9.4% | Value: 30,698,300,866"
2025-12-13T03:50:42.810795,LTC/USDT,26358.036599708,24087.321399562003,2270.715200145998,52.250668138958254,47.749331861041746,4.501336277916509,⚪,"⚪ Buy: 52.3% | Sell: 47.7% | Net: 4.5% | Value: 2,271"
2025-12-13T03:50:45.434916,ATOM/USDT,43329.78854,38986.99856000001,4342.789979999994,52.63785196980798,47.36214803019201,5.2757039396159735,⚪,"⚪ Buy: 52.6% | Sell: 47.4% | Net: 5.3% | Value: 4,343"
2025-12-13T03:50:47.180662,XLM/USDT,2197582.091672458,2186478.921114972,11103.170557486359,50.12663111353949,49.87336888646052,0.2532622270789715,⚪,"⚪ Buy: 50.1% | Sell: 49.9% | Net: 0.3% | Value: 11,103"
2025-12-13T03:50:49.786921,UNI/USDT,324197.51249999995,275420.1594,48777.35309999995,54.06737120884378,45.93262879115622,8.134742417687566,⚪,"⚪ Buy: 54.1% | Sell: 45.9% | Net: 8.1% | Value: 48,777"
2025-12-13T03:50:51.536774,ICP/USDT,79893.57413000001,85001.06496999999,-5107.490839999984,48.451286570662084,51.54871342933792,-3.0974268586758344,⚪,"⚪ Buy: 48.5% | Sell: 51.5% | Net: -3.1% | Value: -5,107"
2025-12-13T03:50:52.821558,APT/USDT,133720.178899644,124007.85474946602,9712.324150177985,51.884219580746326,48.11578041925368,3.768439161492638,⚪,"⚪ Buy: 51.9% | Sell: 48.1% | Net: 3.8% | Value: 9,712"
2025-12-13T03:50:54.515602,NEAR/USDT,873370.1998400001,893224.8558599998,-19854.656019999646,49.43805299477269,50.5619470052273,-1.1238940104546136,⚪,"⚪ Buy: 49.4% | Sell: 50.6% | Net: -1.1% | Value: -19,855"
2025-12-13T03:50:54.917911,AAPL,38360082.0,0,38360082.0,100.0,0.0,100.0,🟢,"🟢 Buy: 100.0% | Sell: 0.0% | Net: 100.0% | Value: 38,360,082"
2025-12-13T03:50:55.095291,MSFT,0,20743536.0,-20743536.0,0.0,100.0,-100.0,🔴,"🔴 Buy: 0.0% | Sell: 100.0% | Net: -100.0% | Value: -20,743,536"
2025-12-13T03:50:55.210799,GOOG,0,20315069.0,-20315069.0,0.0,100.0,-100.0,🔴,"🔴 Buy: 0.0% | Sell: 100.0% | Net: -100.0% | Value: -20,315,069"
2025-12-13T03:50:55.345897,GC=F,283739.0,0,283739.0,100.0,0.0,100.0,🟢,"🟢 Buy: 100.0% | Sell: 0.0% | Net: 100.0% | Value: 283,739"
2025-12-13T03:50:55.453222,CL=F,0,188382.0,-188382.0,0.0,100.0,-100.0,🔴,"🔴 Buy: 0.0% | Sell: 100.0% | Net: -100.0% | Value: -188,382"
2025-12-13T03:50:55.583049,TSLA,93562326.0,0,93562326.0,100.0,0.0,100.0,🟢,"🟢 Buy: 100.0% | Sell: 0.0% | Net: 100.0% | Value: 93,562,326"
2025-12-13T03:50:55.728007,NVDA,0,192808886.0,-192808886.0,0.0,100.0,-100.0,🔴,"🔴 Buy: 0.0% | Sell: 100.0% | Net: -100.0% | Value: -192,808,886"
2025-12-13T04:24:32.677646,BTC/USDT,1213.848406666,1095.338287754,118.51011891200005,52.56605754741208,47.43394245258792,5.132115094824168,⚪,⚪ Buy: 52.6% | Sell: 47.4% | Net: 5.1% | Value: 119
2025-12-13T04:24:34.103813,ETH/USDT,8326.747397156001,8729.960835603999,-403.21343844799776,48.81802094241852,51.18197905758147,-2.363958115162954,⚪,⚪ Buy: 48.8% | Sell: 51.2% | Net: -2.4% | Value: -403
2025-12-13T04:24:35.370369,BNB/USDT,902.1008799999998,827.92892,74.1719599999999,52.14366134040003,47.85633865959997,4.2873226808000595,⚪,⚪ Buy: 52.1% | Sell: 47.9% | Net: 4.3% | Value: 74
2025-12-13T04:24:37.545322,XRP/USDT,5104329.627156696,4524850.335804464,579479.291352232,53.008975289594815,46.99102471040519,6.017950579189621,⚪,"⚪ Buy: 53.0% | Sell: 47.0% | Net: 6.0% | Value: 579,479"
2025-12-13T04:24:41.105364,SOL/USDT,53498.56351237001,51765.852268979994,1732.7112433900184,50.823028005489114,49.176971994510886,1.6460560109782207,⚪,"⚪ Buy: 50.8% | Sell: 49.2% | Net: 1.6% | Value: 1,733"
2025-12-13T04:24:42.332349,DOGE/USDT,19722567.4354,16847830.2921,2874737.1433000006,53.930415475271495,46.069584524728484,7.860830950543017,⚪,"⚪ Buy: 53.9% | Sell: 46.1% | Net: 7.9% | Value: 2,874,737"
2025-12-13T04:24:43.563277,ADA/USDT,2302637.365445836,2161570.330297224,141067.03514861176,51.57997840560968,48.42002159439032,3.1599568112193626,⚪,"⚪ Buy: 51.6% | Sell: 48.4% | Net: 3.2% | Value: 141,067"
2025-12-13T04:24:44.787667,TRX/USDT,2240469.947,2432818.123,-192348.17599999998,47.94204665838201,52.05795334161799,-4.115906683235985,⚪,"⚪ Buy: 47.9% | Sell: 52.1% | Net: -4.1% | Value: -192,348"
2025-12-13T04:24:47.518283,AVAX/USDT,85148.6102,78234.6019,6914.008300000001,52.115887003056415,47.88411299694358,4.231774006112836,⚪,"⚪ Buy: 52.1% | Sell: 47.9% | Net: 4.2% | Value: 6,914"
2025-12-13T04:24:48.901614,DOT/USDT,362082.66193999996,275845.8389600001,86236.82297999988,56.759129185977386,43.24087081402261,13.518258371954778,⚪,"⚪ Buy: 56.8% | Sell: 43.2% | Net: 13.5% | Value: 86,237"
2025-12-13T04:24:50.200659,LINK/USDT,677263.2043600001,549096.0068399999,128167.19752000016,55.225516159926244,44.774483840073756,10.451032319852498,⚪,"⚪ Buy: 55.2% | Sell: 44.8% | Net: 10.5% | Value: 128,167"
2025-12-13T04:24:51.462607,SUI/USDT,1623796.5199999998,1340193.38,283603.1399999999,54.784144844758075,45.21585515524193,9.568289689516146,⚪,"⚪ Buy: 54.8% | Sell: 45.2% | Net: 9.6% | Value: 283,603"
2025-12-13T04:24:53.087039,SHIB/USDT,166923403840.51935,126943059063.02065,39980344777.4987,56.80246809766483,43.19753190233517,13.604936195329657,⚪,"⚪ Buy: 56.8% | Sell: 43.2% | Net: 13.6% | Value: 39,980,344,777"
2025-12-13T04:24:54.280936,LTC/USDT,22231.998699999996,17738.266300000007,4493.73239999999,55.62134426679432,44.37865573320569,11.24268853358863,⚪,"⚪ Buy: 55.6% | Sell: 44.4% | Net: 11.2% | Value: 4,494"
2025-12-13T04:24:55.999192,ATOM/USDT,34257.604699999996,25378.722800000007,8878.88189999999,57.4441890305871,42.55581096941291,14.888378061174187,⚪,"⚪ Buy: 57.4% | Sell: 42.6% | Net: 14.9% | Value: 8,879"
2025-12-13T04:24:57.392715,XLM/USDT,1795201.7096724585,1540677.3131149719,254524.39655748662,53.81495244310162,46.18504755689838,7.629904886203227,⚪,"⚪ Buy: 53.8% | Sell: 46.2% | Net: 7.6% | Value: 254,524"
2025-12-13T04:24:58.988931,UNI/USDT,305602.67256,238939.04774,66663.62481999997,56.121075974057014,43.878924025943,12.242151948114007,⚪,"⚪ Buy: 56.1% | Sell: 43.9% | Net: 12.2% | Value: 66,664"
2025-12-13T04:25:01.006596,ICP/USDT,65358.11753000001,61849.93867,3508.1788600000073,51.37891379083898,48.621086209161014,2.757827581677965,⚪,"⚪ Buy: 51.4% | Sell: 48.6% | Net: 2.8% | Value: 3,508"
2025-12-13T04:25:02.409609,APT/USDT,115284.01923964401,95450.051509466,19833.967730178018,54.70592336105712,45.294076638942876,9.411846722114241,⚪,"⚪ Buy: 54.7% | Sell: 45.3% | Net: 9.4% | Value: 19,834"
2025-12-13T04:25:03.729131,NEAR/USDT,617977.19444,497109.77876,120867.41567999998,55.419640735876555,44.58035926412346,10.839281471753095,⚪,"⚪ Buy: 55.4% | Sell: 44.6% | Net: 10.8% | Value: 120,867"
2025-12-13T04:25:04.309061,AAPL,38360082.0,0,38360082.0,100.0,0.0,100.0,🟢,"🟢 Buy: 100.0% | Sell: 0.0% | Net: 100.0% | Value: 38,360,082"
2025-12-13T04:25:04.474357,MSFT,0,20743536.0,-20743536.0,0.0,100.0,-100.0,🔴,"🔴 Buy: 0.0% | Sell: 100.0% | Net: -100.0% | Value: -20,743,536"
2025-12-13T04:25:04.713867,GOOG,0,20315069.0,-20315069.0,0.0,100.0,-100.0,🔴,"🔴 Buy: 0.0% | Sell: 100.0% | Net: -100.0% | Value: -20,315,069"
2025-12-13T04:25:04.815329,GC=F,283739.0,0,283739.0,100.0,0.0,100.0,🟢,"🟢 Buy: 100.0% | Sell: 0.0% | Net: 100.0% | Value: 283,739"
2025-12-13T04:25:04.920696,CL=F,0,188382.0,-188382.0,0.0,100.0,-100.0,🔴,"🔴 Buy: 0.0% | Sell: 100.0% | Net: -100.0% | Value: -188,382"
2025-12-13T04:25:05.033517,TSLA,93562326.0,0,93562326.0,100.0,0.0,100.0,🟢,"🟢 Buy: 100.0% | Sell: 0.0% | Net: 100.0% | Value: 93,562,326"
2025-12-13T04:25:05.178130,NVDA,0,192808886.0,-192808886.0,0.0,100.0,-100.0,🔴,"🔴 Buy: 0.0% | Sell: 100.0% | Net: -100.0% | Value: -192,808,886"
2025-12-13T04:47:02.875382,BTC/USDT,1234.4090509540001,1100.502367676,133.90668327800017,52.86748958032354,47.13251041967644,5.734979160647104,⚪,⚪ Buy: 52.9% | Sell: 47.1% | Net: 5.7% | Value: 134
2025-12-13T04:47:04.447246,ETH/USDT,8434.630340696001,8801.882797964,-367.25245726799767,48.93466719656807,51.06533280343193,-2.130665606863852,⚪,⚪ Buy: 48.9% | Sell: 51.1% | Net: -2.1% | Value: -367
2025-12-13T04:47:05.743960,BNB/USDT,905.5902399999999,833.1629599999999,72.42728,52.08273606628014,47.917263933719866,4.165472132560274,⚪,⚪ Buy: 52.1% | Sell: 47.9% | Net: 4.2% | Value: 72
2025-12-13T04:47:06.796122,XRP/USDT,5284580.061756696,4645017.292204464,639562.7695522318,53.22048692788683,46.77951307211317,6.440973855773664,⚪,"⚪ Buy: 53.2% | Sell: 46.8% | Net: 6.4% | Value: 639,563"
2025-12-13T04:47:07.810225,SOL/USDT,54251.08791237001,52894.63886897999,1356.4490433900137,50.63299259995598,49.36700740004401,1.2659851999119762,⚪,"⚪ Buy: 50.6% | Sell: 49.4% | Net: 1.3% | Value: 1,356"
2025-12-13T04:47:08.893675,DOGE/USDT,19815391.013320003,17333127.59988,2482263.413440004,53.340999192035056,46.65900080796495,6.681998384070099,⚪,"⚪ Buy: 53.3% | Sell: 46.7% | Net: 6.7% | Value: 2,482,263"
2025-12-13T04:47:10.174992,ADA/USDT,2378907.805445836,2212417.290297224,166490.51514861174,51.81309874248478,48.18690125751522,3.626197484969574,⚪,"⚪ Buy: 51.8% | Sell: 48.2% | Net: 3.6% | Value: 166,491"
2025-12-13T04:47:11.615016,TRX/USDT,2249533.259,2438860.3310000002,-189327.07200000016,47.98089613888411,52.0191038611159,-4.038207722231788,⚪,"⚪ Buy: 48.0% | Sell: 52.0% | Net: -4.0% | Value: -189,327"
2025-12-13T04:47:12.687750,AVAX/USDT,86425.57226,79085.90993999998,7339.662320000018,52.21726680905768,47.782733190942324,4.434533618115359,⚪,"⚪ Buy: 52.2% | Sell: 47.8% | Net: 4.4% | Value: 7,340"
2025-12-13T04:47:13.857522,DOT/USDT,372440.38321999996,282750.9864800001,89689.39673999988,56.84451908921412,43.15548091078588,13.689038178428234,⚪,"⚪ Buy: 56.8% | Sell: 43.2% | Net: 13.7% | Value: 89,689"
2025-12-13T04:47:14.960428,LINK/USDT,686368.3021000001,555166.0719999999,131202.23010000016,55.28387424613634,44.716125753863636,10.567748492272708,⚪,"⚪ Buy: 55.3% | Sell: 44.7% | Net: 10.6% | Value: 131,202"
2025-12-13T04:47:16.043457,SUI/USDT,1666944.7399999998,1368958.8599999999,297985.8799999999,54.90769667389965,45.09230332610034,9.815393347799315,⚪,"⚪ Buy: 54.9% | Sell: 45.1% | Net: 9.8% | Value: 297,986"
2025-12-13T04:47:17.322205,SHIB/USDT,171601484340.99854,130061779396.67345,41539704944.32509,56.88511163567603,43.11488836432396,13.770223271352073,⚪,"⚪ Buy: 56.9% | Sell: 43.1% | Net: 13.8% | Value: 41,539,704,944"
2025-12-13T04:47:18.398930,LTC/USDT,22380.391399999997,18098.523600000004,4281.867799999993,55.28901009327942,44.710989906720584,10.578020186558836,⚪,"⚪ Buy: 55.3% | Sell: 44.7% | Net: 10.6% | Value: 4,282"
2025-12-13T04:47:19.560079,ATOM/USDT,34297.157979999996,25438.052720000007,8859.10525999999,57.41531264072363,42.584687359276366,14.83062528144726,⚪,"⚪ Buy: 57.4% | Sell: 42.6% | Net: 14.8% | Value: 8,859"
2025-12-13T04:47:20.720170,XLM/USDT,1828856.0576724585,1563113.545114972,265742.51255748654,53.91723015941986,46.08276984058014,7.834460318839722,⚪,"⚪ Buy: 53.9% | Sell: 46.1% | Net: 7.8% | Value: 265,743"
2025-12-13T04:47:21.724035,UNI/USDT,313684.9035,244327.2017,69357.70180000001,56.21471301013633,43.78528698986368,12.429426020272654,⚪,"⚪ Buy: 56.2% | Sell: 43.8% | Net: 12.4% | Value: 69,358"
2025-12-13T04:47:23.097253,ICP/USDT,65830.35895000001,63142.06775,2688.291200000007,51.04219609911396,48.95780390088605,2.0843921982279077,⚪,"⚪ Buy: 51.0% | Sell: 49.0% | Net: 2.1% | Value: 2,688"
2025-12-13T04:47:24.277482,APT/USDT,117226.79555964402,98364.21598946599,18862.57957017803,54.37462105554462,45.62537894445538,8.749242111089254,⚪,"⚪ Buy: 54.4% | Sell: 45.6% | Net: 8.7% | Value: 18,863"
2025-12-13T04:47:25.278255,NEAR/USDT,632787.16352,506983.09148,125804.07203999994,55.518834672519155,44.481165327480845,11.037669345038308,⚪,"⚪ Buy: 55.5% | Sell: 44.5% | Net: 11.0% | Value: 125,804"
2025-12-13T04:47:25.687815,AAPL,38360082.0,0,38360082.0,100.0,0.0,100.0,🟢,"🟢 Buy: 100.0% | Sell: 0.0% | Net: 100.0% | Value: 38,360,082"
2025-12-13T04:47:25.927434,MSFT,0,20743536.0,-20743536.0,0.0,100.0,-100.0,🔴,"🔴 Buy: 0.0% | Sell: 100.0% | Net: -100.0% | Value: -20,743,536"
2025-12-13T04:47:26.050686,GOOG,0,20315069.0,-20315069.0,0.0,100.0,-100.0,🔴,"🔴 Buy: 0.0% | Sell: 100.0% | Net: -100.0% | Value: -20,315,069"
2025-12-13T04:47:26.211335,GC=F,283739.0,0,283739.0,100.0,0.0,100.0,🟢,"🟢 Buy: 100.0% | Sell: 0.0% | Net: 100.0% | Value: 283,739"
2025-12-13T04:47:26.326146,CL=F,0,188382.0,-188382.0,0.0,100.0,-100.0,🔴,"🔴 Buy: 0.0% | Sell: 100.0% | Net: -100.0% | Value: -188,382"
2025-12-13T04:47:26.445554,TSLA,93562326.0,0,93562326.0,100.0,0.0,100.0,🟢,"🟢 Buy: 100.0% | Sell: 0.0% | Net: 100.0% | Value: 93,562,326"
2025-12-13T04:47:26.613384,NVDA,0,192808886.0,-192808886.0,0.0,100.0,-100.0,🔴,"🔴 Buy: 0.0% | Sell: 100.0% | Net: -100.0% | Value: -192,808,886"
2025-12-13T05:19:01.481769,BTC/USDT,987.0609726619999,938.003425748,49.057546913999886,51.27417937172696,48.725820628273034,2.5483587434539223,⚪,⚪ Buy: 51.3% | Sell: 48.7% | Net: 2.5% | Value: 49
2025-12-13T05:19:02.700488,ETH/USDT,6482.342600716001,5838.305536243999,644.0370644720015,52.613649287410425,47.38635071258957,5.227298574820848,⚪,⚪ Buy: 52.6% | Sell: 47.4% | Net: 5.2% | Value: 644
2025-12-13T05:19:06.858793,BNB/USDT,830.0081399999999,713.6427600000001,116.36537999999985,53.76916114906549,46.2308388509345,7.538322298130998,⚪,⚪ Buy: 53.8% | Sell: 46.2% | Net: 7.5% | Value: 116
2025-12-13T05:19:08.082514,XRP/USDT,4700214.006839999,4255439.92226,444774.0845799986,52.48320272367144,47.51679727632856,4.966405447342876,⚪,"⚪ Buy: 52.5% | Sell: 47.5% | Net: 5.0% | Value: 444,774"
2025-12-13T05:19:09.422030,SOL/USDT,46756.70020113801,41290.438302132,5466.261899006007,53.1041678309642,46.89583216903579,6.208335661928404,⚪,"⚪ Buy: 53.1% | Sell: 46.9% | Net: 6.2% | Value: 5,466"
2025-12-13T05:19:12.029275,DOGE/USDT,17188177.82941,15405576.718990004,1782601.110419998,52.73457466793665,47.26542533206334,5.4691493358733165,⚪,"⚪ Buy: 52.7% | Sell: 47.3% | Net: 5.5% | Value: 1,782,601"
2025-12-13T05:19:13.203768,ADA/USDT,2003880.6734458362,1962399.202297224,41481.47114861221,50.52292667749323,49.47707332250676,1.0458533549864755,⚪,"⚪ Buy: 50.5% | Sell: 49.5% | Net: 1.0% | Value: 41,481"
2025-12-13T05:19:15.506551,TRX/USDT,2114793.0,2243087.4499999997,-128294.44999999972,48.52801778901485,51.47198221098515,-2.9439644219703123,⚪,"⚪ Buy: 48.5% | Sell: 51.5% | Net: -2.9% | Value: -128,294"
2025-12-13T05:19:16.687109,AVAX/USDT,73686.38510000001,70593.1185,3093.266600000017,51.071970211574815,48.92802978842519,2.143940423149624,⚪,"⚪ Buy: 51.1% | Sell: 48.9% | Net: 2.1% | Value: 3,093"
2025-12-13T05:19:18.921038,DOT/USDT,346276.22708000004,265308.21572000004,80968.01136,56.61952836711366,43.38047163288634,13.239056734227313,⚪,"⚪ Buy: 56.6% | Sell: 43.4% | Net: 13.2% | Value: 80,968"
2025-12-13T05:19:21.561128,LINK/USDT,583716.4951000001,486731.53400000004,96984.96110000001,54.53011068559498,45.469889314405016,9.060221371189968,⚪,"⚪ Buy: 54.5% | Sell: 45.5% | Net: 9.1% | Value: 96,985"
2025-12-13T05:19:24.165329,SUI/USDT,1470275.6799999997,1252461.7199999997,217813.95999999996,53.99990759299813,46.000092407001866,7.99981518599627,⚪,"⚪ Buy: 54.0% | Sell: 46.0% | Net: 8.0% | Value: 217,814"
2025-12-13T05:19:25.396505,SHIB/USDT,156581601320.20593,120048524049.47838,36533077270.727554,56.603235497562906,43.39676450243709,13.206470995125821,⚪,"⚪ Buy: 56.6% | Sell: 43.4% | Net: 13.2% | Value: 36,533,077,271"
2025-12-13T05:19:27.101292,LTC/USDT,18829.3562,15867.451800000003,2961.904399999996,54.268266406523615,45.731733593476385,8.536532813047227,⚪,"⚪ Buy: 54.3% | Sell: 45.7% | Net: 8.5% | Value: 2,962"
2025-12-13T05:19:28.354748,ATOM/USDT,24301.619479999994,18813.235920000003,5488.383559999991,56.36484050460248,43.6351594953975,12.729681009204988,⚪,"⚪ Buy: 56.4% | Sell: 43.6% | Net: 12.7% | Value: 5,488"
2025-12-13T05:19:29.620401,XLM/USDT,1589634.3670000003,1422235.453,167398.91400000034,52.778986543316144,47.221013456683856,5.557973086632288,⚪,"⚪ Buy: 52.8% | Sell: 47.2% | Net: 5.6% | Value: 167,399"
2025-12-13T05:19:30.754086,UNI/USDT,279967.43330000003,224769.85130000004,55197.581999999995,55.467951713111866,44.532048286888134,10.935903426223724,⚪,"⚪ Buy: 55.5% | Sell: 44.5% | Net: 10.9% | Value: 55,198"
2025-12-13T05:19:32.333591,ICP/USDT,57570.55805000001,57748.90855,-178.3504999999932,49.92267112168554,50.077328878314454,-0.15465775662891695,⚪,⚪ Buy: 49.9% | Sell: 50.1% | Net: -0.2% | Value: -178
2025-12-13T05:19:34.535578,APT/USDT,101580.225379644,88707.51056946602,12872.71481017799,53.38243417159071,46.6175658284093,6.764868343181418,⚪,"⚪ Buy: 53.4% | Sell: 46.6% | Net: 6.8% | Value: 12,873"
2025-12-13T05:19:35.723084,NEAR/USDT,540667.41476,451077.36304,89590.05171999993,54.516789688509306,45.48321031149069,9.033579377018619,⚪,"⚪ Buy: 54.5% | Sell: 45.5% | Net: 9.0% | Value: 89,590"
2025-12-13T05:19:36.231669,AAPL,38360082.0,0,38360082.0,100.0,0.0,100.0,🟢,"🟢 Buy: 100.0% | Sell: 0.0% | Net: 100.0% | Value: 38,360,082"
2025-12-13T05:19:36.403568,MSFT,0,20743536.0,-20743536.0,0.0,100.0,-100.0,🔴,"🔴 Buy: 0.0% | Sell: 100.0% | Net: -100.0% | Value: -20,743,536"
2025-12-13T05:19:36.520763,GOOG,0,20315069.0,-20315069.0,0.0,100.0,-100.0,🔴,"🔴 Buy: 0.0% | Sell: 100.0% | Net: -100.0% | Value: -20,315,069"
2025-12-13T05:19:36.618902,GC=F,528.0,0,528.0,100.0,0.0,100.0,🟢,🟢 Buy: 100.0% | Sell: 0.0% | Net: 100.0% | Value: 528
2025-12-13T05:19:36.715545,CL=F,0,286808.0,-286808.0,0.0,100.0,-100.0,🔴,"🔴 Buy: 0.0% | Sell: 100.0% | Net: -100.0% | Value: -286,808"
2025-12-13T05:19:36.816812,TSLA,93562326.0,0,93562326.0,100.0,0.0,100.0,🟢,"🟢 Buy: 100.0% | Sell: 0.0% | Net: 100.0% | Value: 93,562,326"
2025-12-13T05:19:36.951396,NVDA,0,192808886.0,-192808886.0,0.0,100.0,-100.0,🔴,"🔴 Buy: 0.0% | Sell: 100.0% | Net: -100.0% | Value: -192,808,886"
2025-12-13T05:43:37.612959,BTC/USDT,996.1034205459999,951.5670975740001,44.53632297199988,51.14332281968792,48.85667718031208,2.2866456393758434,⚪,⚪ Buy: 51.1% | Sell: 48.9% | Net: 2.3% | Value: 45
2025-12-13T05:43:40.023365,ETH/USDT,6535.697554676,5918.337967183999,617.3595874920011,52.47855237930058,47.52144762069942,4.9571047586011625,⚪,⚪ Buy: 52.5% | Sell: 47.5% | Net: 5.0% | Value: 617
2025-12-13T05:43:41.411452,BNB/USDT,835.9703599999999,728.73314,107.23721999999987,53.42675848810971,46.573241511890274,6.8535169762194466,⚪,⚪ Buy: 53.4% | Sell: 46.6% | Net: 6.9% | Value: 107
2025-12-13T05:43:42.631016,XRP/USDT,4737635.567179999,4524194.15252,213441.4146599993,51.152263759535586,48.847736240464414,2.3045275190711765,⚪,"⚪ Buy: 51.2% | Sell: 48.8% | Net: 2.3% | Value: 213,441"
2025-12-13T05:43:43.815343,SOL/USDT,47157.54460113801,42254.323902132,4903.220699006015,52.741929444650125,47.25807055534988,5.483858889300242,⚪,"⚪ Buy: 52.7% | Sell: 47.3% | Net: 5.5% | Value: 4,903"
2025-12-13T05:43:45.163949,DOGE/USDT,17243094.204990003,15864521.327110004,1378572.8778799996,52.08195736196009,47.91804263803991,4.163914723920189,⚪,"⚪ Buy: 52.1% | Sell: 47.9% | Net: 4.2% | Value: 1,378,573"
2025-12-13T05:43:48.238286,ADA/USDT,2023177.4334458362,2030888.782297224,-7711.348851387855,49.90489364947417,50.09510635052583,-0.19021270105166402,⚪,"⚪ Buy: 49.9% | Sell: 50.1% | Net: -0.2% | Value: -7,711"
2025-12-13T05:43:49.747595,TRX/USDT,2123691.204,2256434.7559999996,-132743.55199999968,48.48470622520637,51.51529377479363,-3.030587549587266,⚪,"⚪ Buy: 48.5% | Sell: 51.5% | Net: -3.0% | Value: -132,744"
2025-12-13T05:43:52.988681,AVAX/USDT,75278.69270000001,71654.6569,3624.0358000000124,51.23322438706591,48.76677561293409,2.4664487741318135,⚪,"⚪ Buy: 51.2% | Sell: 48.8% | Net: 2.5% | Value: 3,624"
2025-12-13T05:43:54.218666,DOT/USDT,352119.76816000004,280183.87744,71935.89072000002,55.68839759351215,44.31160240648785,11.376795187024305,⚪,"⚪ Buy: 55.7% | Sell: 44.3% | Net: 11.4% | Value: 71,936"
2025-12-13T05:43:56.699681,LINK/USDT,595006.66564,494258.3143600001,100748.35127999994,54.62460251315525,45.37539748684476,9.24920502631049,⚪,"⚪ Buy: 54.6% | Sell: 45.4% | Net: 9.2% | Value: 100,748"
2025-12-13T05:43:58.016857,SUI/USDT,1495487.1999999997,1290278.9999999998,205208.19999999995,53.683155463656654,46.31684453634336,7.3663109273132825,⚪,"⚪ Buy: 53.7% | Sell: 46.3% | Net: 7.4% | Value: 205,208"
2025-12-13T05:43:59.729968,SHIB/USDT,158075956112.42398,125814076042.66092,32261880069.76306,55.68210863637136,44.31789136362863,11.364217272742733,⚪,"⚪ Buy: 55.7% | Sell: 44.3% | Net: 11.4% | Value: 32,261,880,070"
2025-12-13T05:44:01.252568,LTC/USDT,18972.5614,16281.398600000002,2691.1627999999964,53.81682341501494,46.18317658498507,7.633646830029865,⚪,"⚪ Buy: 53.8% | Sell: 46.2% | Net: 7.6% | Value: 2,691"
2025-12-13T05:44:02.733773,ATOM/USDT,24302.366979999995,19133.529520000004,5168.837459999992,55.94996060458887,44.050039395411126,11.899921209177739,⚪,"⚪ Buy: 55.9% | Sell: 44.1% | Net: 11.9% | Value: 5,169"
2025-12-13T05:44:04.925237,XLM/USDT,1610540.5180000004,1481499.232,129041.28600000031,52.08666926096277,47.91333073903723,4.173338521925545,⚪,"⚪ Buy: 52.1% | Sell: 47.9% | Net: 4.2% | Value: 129,041"
2025-12-13T05:44:06.835406,UNI/USDT,285608.87414,233232.01256000003,52376.86158,55.04748786406698,44.95251213593303,10.094975728133955,⚪,"⚪ Buy: 55.0% | Sell: 45.0% | Net: 10.1% | Value: 52,377"
2025-12-13T05:44:08.025758,ICP/USDT,59521.689750000005,61042.91815,-1521.2283999999927,49.36912315044323,50.63087684955677,-1.261753699113546,⚪,"⚪ Buy: 49.4% | Sell: 50.6% | Net: -1.3% | Value: -1,521"
2025-12-13T05:44:09.805750,APT/USDT,102133.574919644,95713.90992946601,6419.664990177989,51.62237720511686,48.37762279488314,3.2447544102337202,⚪,"⚪ Buy: 51.6% | Sell: 48.4% | Net: 3.2% | Value: 6,420"
2025-12-13T05:44:10.977914,NEAR/USDT,546106.36404,459235.78696000006,86870.57707999996,54.320448366438775,45.679551633561225,8.640896732877557,⚪,"⚪ Buy: 54.3% | Sell: 45.7% | Net: 8.6% | Value: 86,871"
2025-12-13T05:44:11.296622,AAPL,38360082.0,0,38360082.0,100.0,0.0,100.0,🟢,"🟢 Buy: 100.0% | Sell: 0.0% | Net: 100.0% | Value: 38,360,082"
2025-12-13T05:44:11.471897,MSFT,0,20743536.0,-20743536.0,0.0,100.0,-100.0,🔴,"🔴 Buy: 0.0% | Sell: 100.0% | Net: -100.0% | Value: -20,743,536"
2025-12-13T05:44:11.566288,GOOG,0,20315069.0,-20315069.0,0.0,100.0,-100.0,🔴,"🔴 Buy: 0.0% | Sell: 100.0% | Net: -100.0% | Value: -20,315,069"
2025-12-13T05:44:11.662805,GC=F,528.0,0,528.0,100.0,0.0,100.0,🟢,🟢 Buy: 100.0% | Sell: 0.0% | Net: 100.0% | Value: 528
2025-12-13T05:44:11.748150,CL=F,0,286808.0,-286808.0,0.0,100.0,-100.0,🔴,"🔴 Buy: 0.0% | Sell: 100.0% | Net: -100.0% | Value: -286,808"
2025-12-13T05:44:11.845524,TSLA,93562326.0,0,93562326.0,100.0,0.0,100.0,🟢,"🟢 Buy: 100.0% | Sell: 0.0% | Net: 100.0% | Value: 93,562,326"
2025-12-13T05:44:12.007249,NVDA,0,192808886.0,-192808886.0,0.0,100.0,-100.0,🔴,"🔴 Buy: 0.0% | Sell: 100.0% | Net: -100.0% | Value: -192,808,886"
2025-12-13T06:27:39.334772,BTC/USDT,790.653567818,828.242379832,-37.58881201399993,48.839060284616686,51.16093971538332,-2.321879430766634,⚪,⚪ Buy: 48.8% | Sell: 51.2% | Net: -2.3% | Value: -38
2025-12-13T06:27:40.377945,ETH/USDT,5021.017096915999,5029.577923244001,-8.560826328001895,49.95741134574207,50.04258865425793,-0.08517730851586548,⚪,⚪ Buy: 50.0% | Sell: 50.0% | Net: -0.1% | Value: -9
2025-12-13T06:27:41.365050,BNB/USDT,730.35816,672.7836399999999,57.57452000000012,52.05162870922953,47.94837129077047,4.10325741845907,⚪,⚪ Buy: 52.1% | Sell: 47.9% | Net: 4.1% | Value: 58
2025-12-13T06:27:42.384460,XRP/USDT,3912351.9223399996,4095483.7488599997,-183131.82652000012,48.856546050397675,51.143453949602325,-2.286907899204645,⚪,"⚪ Buy: 48.9% | Sell: 51.1% | Net: -2.3% | Value: -183,132"
2025-12-13T06:27:43.403298,SOL/USDT,36267.72880113801,35591.406702132,676.3220990060072,50.470588808416174,49.52941119158382,0.941177616832352,⚪,⚪ Buy: 50.5% | Sell: 49.5% | Net: 0.9% | Value: 676
2025-12-13T06:27:44.558858,DOGE/USDT,14476068.319310002,14302662.385490002,173405.93381999992,50.30127446481001,49.69872553518999,0.6025489296200182,⚪,"⚪ Buy: 50.3% | Sell: 49.7% | Net: 0.6% | Value: 173,406"
2025-12-13T06:27:45.581084,ADA/USDT,1606852.6525976765,1830505.8017317841,-223653.14913410763,46.74672932564816,53.253270674351825,-6.506541348703668,⚪,"⚪ Buy: 46.7% | Sell: 53.3% | Net: -6.5% | Value: -223,653"
2025-12-13T06:27:46.611870,TRX/USDT,1935146.1829999997,2018211.0969999998,-83064.9140000001,48.949438311328144,51.05056168867187,-2.1011233773437272,⚪,"⚪ Buy: 48.9% | Sell: 51.1% | Net: -2.1% | Value: -83,065"
2025-12-13T06:27:47.609412,AVAX/USDT,63942.03260000001,64096.88349999999,-154.8508999999758,49.939529752079814,50.060470247920186,-0.12094049584037037,⚪,⚪ Buy: 49.9% | Sell: 50.1% | Net: -0.1% | Value: -155
2025-12-13T06:27:48.657811,DOT/USDT,300435.08308000007,255253.07712,45182.00596000007,54.06541017031373,45.93458982968628,8.130820340627452,⚪,"⚪ Buy: 54.1% | Sell: 45.9% | Net: 8.1% | Value: 45,182"
2025-12-13T06:27:49.633395,LINK/USDT,553848.8304,477881.6602,75967.1702,53.68154139536099,46.31845860463902,7.363082790721974,⚪,"⚪ Buy: 53.7% | Sell: 46.3% | Net: 7.4% | Value: 75,967"
2025-12-13T06:27:50.644619,SUI/USDT,1296455.66,1189431.74,107023.91999999993,52.1526300829233,47.8473699170767,4.305260165846607,⚪,"⚪ Buy: 52.2% | Sell: 47.8% | Net: 4.3% | Value: 107,024"
2025-12-13T06:27:51.687448,SHIB/USDT,141790448404.95218,119067304615.26353,22723143789.688644,54.355466442265886,45.64453355773412,8.710932884531774,⚪,"⚪ Buy: 54.4% | Sell: 45.6% | Net: 8.7% | Value: 22,723,143,790"
2025-12-13T06:27:52.679291,LTC/USDT,17486.876,15647.743999999999,1839.1320000000014,52.77524232962383,47.224757670376185,5.550484659247644,⚪,"⚪ Buy: 52.8% | Sell: 47.2% | Net: 5.6% | Value: 1,839"
2025-12-13T06:27:53.727685,ATOM/USDT,19872.350899999998,16982.5172,2889.833699999999,53.92055900479535,46.07944099520465,7.841118009590706,⚪,"⚪ Buy: 53.9% | Sell: 46.1% | Net: 7.8% | Value: 2,890"
2025-12-13T06:27:54.800310,XLM/USDT,1346288.9240000003,1350814.566,-4525.64199999976,49.91610181039068,50.083898189609336,-0.16779637921864687,⚪,"⚪ Buy: 49.9% | Sell: 50.1% | Net: -0.2% | Value: -4,526"
2025-12-13T06:27:55.760631,UNI/USDT,250913.82832,212400.22718000005,38513.601139999955,54.15631693910482,45.84368306089519,8.312633878209628,⚪,"⚪ Buy: 54.2% | Sell: 45.8% | Net: 8.3% | Value: 38,514"
2025-12-13T06:27:56.777732,ICP/USDT,55314.50093000001,58844.36007,-3529.859139999993,48.45397058577871,51.546029414221294,-3.0920588284425796,⚪,"⚪ Buy: 48.5% | Sell: 51.5% | Net: -3.1% | Value: -3,530"
2025-12-13T06:27:57.803385,APT/USDT,90131.41919964402,83163.04704946601,6968.372150178009,52.010558184864664,47.98944181513534,4.021116369729317,⚪,"⚪ Buy: 52.0% | Sell: 48.0% | Net: 4.0% | Value: 6,968"
2025-12-13T06:27:58.808177,NEAR/USDT,440650.5900999999,398563.0685,42087.52159999992,52.507556995092976,47.492443004907024,5.015113990185946,⚪,"⚪ Buy: 52.5% | Sell: 47.5% | Net: 5.0% | Value: 42,088"
2025-12-13T06:27:59.296926,AAPL,38360082.0,0,38360082.0,100.0,0.0,100.0,🟢,"🟢 Buy: 100.0% | Sell: 0.0% | Net: 100.0% | Value: 38,360,082"
2025-12-13T06:27:59.455064,MSFT,0,20743536.0,-20743536.0,0.0,100.0,-100.0,🔴,"🔴 Buy: 0.0% | Sell: 100.0% | Net: -100.0% | Value: -20,743,536"
2025-12-13T06:27:59.567610,GOOG,0,20315069.0,-20315069.0,0.0,100.0,-100.0,🔴,"🔴 Buy: 0.0% | Sell: 100.0% | Net: -100.0% | Value: -20,315,069"
2025-12-13T06:27:59.671968,GC=F,528.0,0,528.0,100.0,0.0,100.0,🟢,🟢 Buy: 100.0% | Sell: 0.0% | Net: 100.0% | Value: 528
2025-12-13T06:27:59.787681,CL=F,0,286808.0,-286808.0,0.0,100.0,-100.0,🔴,"🔴 Buy: 0.0% | Sell: 100.0% | Net: -100.0% | Value: -286,808"
2025-12-13T06:27:59.970126,TSLA,93562326.0,0,93562326.0,100.0,0.0,100.0,🟢,"🟢 Buy: 100.0% | Sell: 0.0% | Net: 100.0% | Value: 93,562,326"
2025-12-13T06:28:00.124923,NVDA,0,192808886.0,-192808886.0,0.0,100.0,-100.0,🔴,"🔴 Buy: 0.0% | Sell: 100.0% | Net: -100.0% | Value: -192,808,886"
2025-12-13T06:52:41.049403,BTC/USDT,802.880666228,829.1210208819999,-26.24035465399993,49.196068396826625,50.80393160317338,-1.6078632063467517,⚪,⚪ Buy: 49.2% | Sell: 50.8% | Net: -1.6% | Value: -26
2025-12-13T06:52:42.213911,ETH/USDT,5207.312085375999,5094.265117984001,113.0469673919979,50.548687667724934,49.45131233227507,1.0973753354498579,⚪,⚪ Buy: 50.5% | Sell: 49.5% | Net: 1.1% | Value: 113
2025-12-13T06:52:43.380222,BNB/USDT,765.98968,685.89632,80.09336000000008,52.758252369676406,47.24174763032359,5.51650473935282,⚪,⚪ Buy: 52.8% | Sell: 47.2% | Net: 5.5% | Value: 80
2025-12-13T06:52:44.609010,XRP/USDT,3988295.1437428477,4209398.580964272,-221103.4372214242,48.65142901987764,51.34857098012237,-2.697141960244722,⚪,"⚪ Buy: 48.7% | Sell: 51.3% | Net: -2.7% | Value: -221,103"
2025-12-13T06:52:45.715693,SOL/USDT,37396.40000113801,35950.155502132,1446.2444990060103,50.985898035076474,49.01410196492355,1.9717960701529227,⚪,"⚪ Buy: 51.0% | Sell: 49.0% | Net: 2.0% | Value: 1,446"
2025-12-13T06:52:46.895895,DOGE/USDT,14876426.425130002,14413709.592770003,462716.8323599994,50.789885086360165,49.210114913639835,1.5797701727203333,⚪,"⚪ Buy: 50.8% | Sell: 49.2% | Net: 1.6% | Value: 462,717"
2025-12-13T06:52:48.028355,ADA/USDT,1808531.4165976765,1995416.5577317842,-186885.14113410772,47.543537104144406,52.4564628958556,-4.9129257917111975,⚪,"⚪ Buy: 47.5% | Sell: 52.5% | Net: -4.9% | Value: -186,885"
2025-12-13T06:52:49.301066,TRX/USDT,1949168.3229999999,2039244.3069999998,-90075.98399999994,48.87077902468682,51.129220975313174,-2.258441950626356,⚪,"⚪ Buy: 48.9% | Sell: 51.1% | Net: -2.3% | Value: -90,076"
2025-12-13T06:52:50.465260,AVAX/USDT,71061.62168000001,68843.27622,2218.3454600000114,50.792804788573456,49.207195211426544,1.5856095771469136,⚪,"⚪ Buy: 50.8% | Sell: 49.2% | Net: 1.6% | Value: 2,218"
2025-12-13T06:52:51.605957,DOT/USDT,306653.97012000007,264581.40768,42072.56244000007,53.68259425755756,46.31740574244244,7.365188515115119,⚪,"⚪ Buy: 53.7% | Sell: 46.3% | Net: 7.4% | Value: 42,073"
2025-12-13T06:52:52.728727,LINK/USDT,564582.74708,493982.53522,70600.21185999998,53.33471222986849,46.665287770131506,6.669424459736977,⚪,"⚪ Buy: 53.3% | Sell: 46.7% | Net: 6.7% | Value: 70,600"
2025-12-13T06:52:53.920251,SUI/USDT,1320684.14,1225774.46,94909.67999999993,51.863562203603074,48.13643779639693,3.727124407206147,⚪,"⚪ Buy: 51.9% | Sell: 48.1% | Net: 3.7% | Value: 94,910"
2025-12-13T06:52:55.039447,SHIB/USDT,146569827383.08447,126236373082.46196,20333454300.622513,53.72672143556915,46.27327856443085,7.453442871138294,⚪,"⚪ Buy: 53.7% | Sell: 46.3% | Net: 7.5% | Value: 20,333,454,301"
2025-12-13T06:52:56.162780,LTC/USDT,17709.391600000003,15981.517399999999,1727.8742000000038,52.564303325861594,47.43569667413841,5.128606651723181,⚪,"⚪ Buy: 52.6% | Sell: 47.4% | Net: 5.1% | Value: 1,728"
2025-12-13T06:52:57.308989,ATOM/USDT,20700.88658,16890.01422,3810.8723599999976,55.068876082905675,44.93112391709432,10.137752165811353,⚪,"⚪ Buy: 55.1% | Sell: 44.9% | Net: 10.1% | Value: 3,811"
2025-12-13T06:52:58.449212,XLM/USDT,1371136.7520000003,1388086.3080000002,-16949.555999999866,49.692856365153744,50.307143634846256,-0.6142872696925005,⚪,"⚪ Buy: 49.7% | Sell: 50.3% | Net: -0.6% | Value: -16,950"
2025-12-13T06:52:59.579839,UNI/USDT,258863.908,217700.28030000004,41163.62769999995,54.31879154063578,45.68120845936422,8.637583081271561,⚪,"⚪ Buy: 54.3% | Sell: 45.7% | Net: 8.6% | Value: 41,164"
2025-12-13T06:53:00.724670,ICP/USDT,56453.00937000001,60552.12273,-4099.113359999996,48.24831898976164,51.75168101023835,-3.503362020476703,⚪,"⚪ Buy: 48.2% | Sell: 51.8% | Net: -3.5% | Value: -4,099"
2025-12-13T06:53:01.949888,APT/USDT,94419.42683964402,89595.05850946602,4824.3683301779965,51.310866457340374,48.68913354265963,2.621732914680746,⚪,"⚪ Buy: 51.3% | Sell: 48.7% | Net: 2.6% | Value: 4,824"
2025-12-13T06:53:03.040907,NEAR/USDT,451083.0372999999,414211.7393,36871.29799999989,52.13056284384832,47.869437156151676,4.261125687696644,⚪,"⚪ Buy: 52.1% | Sell: 47.9% | Net: 4.3% | Value: 36,871"
2025-12-13T06:53:03.702006,AAPL,38360082.0,0,38360082.0,100.0,0.0,100.0,🟢,"🟢 Buy: 100.0% | Sell: 0.0% | Net: 100.0% | Value: 38,360,082"
2025-12-13T06:53:03.912521,MSFT,0,20743536.0,-20743536.0,0.0,100.0,-100.0,🔴,"🔴 Buy: 0.0% | Sell: 100.0% | Net: -100.0% | Value: -20,743,536"
2025-12-13T06:53:04.098355,GOOG,0,20315069.0,-20315069.0,0.0,100.0,-100.0,🔴,"🔴 Buy: 0.0% | Sell: 100.0% | Net: -100.0% | Value: -20,315,069"
2025-12-13T06:53:04.243059,GC=F,528.0,0,528.0,100.0,0.0,100.0,🟢,🟢 Buy: 100.0% | Sell: 0.0% | Net: 100.0% | Value: 528
2025-12-13T06:53:04.337086,CL=F,0,286808.0,-286808.0,0.0,100.0,-100.0,🔴,"🔴 Buy: 0.0% | Sell: 100.0% | Net: -100.0% | Value: -286,808"
2025-12-13T06:53:04.432975,TSLA,93562326.0,0,93562326.0,100.0,0.0,100.0,🟢,"🟢 Buy: 100.0% | Sell: 0.0% | Net: 100.0% | Value: 93,562,326"
2025-12-13T06:53:04.719741,NVDA,0,192808886.0,-192808886.0,0.0,100.0,-100.0,🔴,"🔴 Buy: 0.0% | Sell: 100.0% | Net: -100.0% | Value: -192,808,886"
2025-12-13T07:18:47.875171,BTC/USDT,672.0731212860001,624.238574514,47.83454677200007,51.84502488587359,48.1549751141264,3.6900497717471925,⚪,⚪ Buy: 51.8% | Sell: 48.2% | Net: 3.7% | Value: 48
2025-12-13T07:18:49.277253,ETH/USDT,4353.192894436,3766.1274158240003,587.0654786119994,53.61523782889901,46.384762171100995,7.230475657798014,⚪,⚪ Buy: 53.6% | Sell: 46.4% | Net: 7.2% | Value: 587
2025-12-13T07:18:50.285797,BNB/USDT,718.6969799999999,611.68722,107.00975999999991,54.021761533247314,45.97823846675269,8.04352306649462,⚪,⚪ Buy: 54.0% | Sell: 46.0% | Net: 8.0% | Value: 107
2025-12-13T07:18:51.375736,XRP/USDT,3620365.095382848,3657503.5084242723,-37138.41304142447,49.744853781627796,50.25514621837222,-0.5102924367444204,⚪,"⚪ Buy: 49.7% | Sell: 50.3% | Net: -0.5% | Value: -37,138"
2025-12-13T07:18:52.890223,SOL/USDT,31551.950801138,26169.514702132004,5382.436099005994,54.66242155502884,45.33757844497116,9.32484311005768,⚪,"⚪ Buy: 54.7% | Sell: 45.3% | Net: 9.3% | Value: 5,382"
2025-12-13T07:18:54.283295,DOGE/USDT,13956180.20483,12694780.25317,1261399.9516599998,52.36651874826026,47.63348125173973,4.733037496520531,⚪,"⚪ Buy: 52.4% | Sell: 47.6% | Net: 4.7% | Value: 1,261,400"
2025-12-13T07:18:55.380439,ADA/USDT,1719100.014597676,1903330.849731784,-184230.83513410809,47.45708279834609,52.54291720165391,-5.085834403307808,⚪,"⚪ Buy: 47.5% | Sell: 52.5% | Net: -5.1% | Value: -184,231"
2025-12-13T07:18:56.414548,TRX/USDT,1769489.579,1961415.781,-191926.20200000005,47.42788702096694,52.57211297903306,-5.144225958066116,⚪,"⚪ Buy: 47.4% | Sell: 52.6% | Net: -5.1% | Value: -191,926"
2025-12-13T07:18:57.461986,AVAX/USDT,63293.81968000001,56167.47581999999,7126.343860000015,52.98269989044277,47.01730010955723,5.965399780885529,⚪,"⚪ Buy: 53.0% | Sell: 47.0% | Net: 6.0% | Value: 7,126"
2025-12-13T07:18:58.625361,DOT/USDT,295077.4176,236697.5107,58379.90689999997,55.48915563644861,44.510844363551385,10.978311272897212,⚪,"⚪ Buy: 55.5% | Sell: 44.5% | Net: 11.0% | Value: 58,380"
2025-12-13T07:18:59.738007,LINK/USDT,504231.51993999997,454705.69386,49525.82607999997,52.58232892452588,47.41767107547412,5.164657849051761,⚪,"⚪ Buy: 52.6% | Sell: 47.4% | Net: 5.2% | Value: 49,526"
2025-12-13T07:19:00.743373,SUI/USDT,1248303.52,1095604.6800000002,152698.83999999985,53.257355386187896,46.7426446138121,6.514710772375805,⚪,"⚪ Buy: 53.3% | Sell: 46.7% | Net: 6.5% | Value: 152,699"
2025-12-13T07:19:01.850005,SHIB/USDT,137348072770.86836,109179162420.58833,28168910350.28003,55.713143687431455,44.28685631256854,11.426287374862918,⚪,"⚪ Buy: 55.7% | Sell: 44.3% | Net: 11.4% | Value: 28,168,910,350"
2025-12-13T07:19:02.848714,LTC/USDT,16712.5048,14239.640200000002,2472.864599999997,53.99465788235355,46.00534211764645,7.989315764707089,⚪,"⚪ Buy: 54.0% | Sell: 46.0% | Net: 8.0% | Value: 2,473"
2025-12-13T07:19:04.301055,ATOM/USDT,19892.175539999997,15322.803360000002,4569.372179999995,56.48782467394861,43.512175326051384,12.975649347897223,⚪,"⚪ Buy: 56.5% | Sell: 43.5% | Net: 13.0% | Value: 4,569"
2025-12-13T07:19:05.576189,XLM/USDT,1233406.9479999999,1162053.392,71353.55599999987,51.48934955859048,48.510650441409524,2.9786991171809536,⚪,"⚪ Buy: 51.5% | Sell: 48.5% | Net: 3.0% | Value: 71,354"
2025-12-13T07:19:06.590942,UNI/USDT,228364.93678000002,197367.63282000003,30997.30395999999,53.6404665949241,46.3595334050759,7.2809331898482,⚪,"⚪ Buy: 53.6% | Sell: 46.4% | Net: 7.3% | Value: 30,997"
2025-12-13T07:19:07.628040,ICP/USDT,56319.01795,59368.37014999999,-3049.3521999999866,48.68207232867764,51.31792767132236,-2.6358553426447244,⚪,"⚪ Buy: 48.7% | Sell: 51.3% | Net: -2.6% | Value: -3,049"
2025-12-13T07:19:08.889803,APT/USDT,92755.355139644,82427.91240946601,10327.442730177994,52.94761105745527,47.052388942544745,5.895222114910519,⚪,"⚪ Buy: 52.9% | Sell: 47.1% | Net: 5.9% | Value: 10,327"
2025-12-13T07:19:10.205034,NEAR/USDT,411430.0329199999,347625.72098,63804.31193999993,54.20287387403203,45.79712612596797,8.405747748064062,⚪,"⚪ Buy: 54.2% | Sell: 45.8% | Net: 8.4% | Value: 63,804"
2025-12-13T07:19:10.674258,AAPL,38360082.0,0,38360082.0,100.0,0.0,100.0,🟢,"🟢 Buy: 100.0% | Sell: 0.0% | Net: 100.0% | Value: 38,360,082"
2025-12-13T07:19:10.839533,MSFT,0,20743536.0,-20743536.0,0.0,100.0,-100.0,🔴,"🔴 Buy: 0.0% | Sell: 100.0% | Net: -100.0% | Value: -20,743,536"
2025-12-13T07:19:10.954020,GOOG,0,20315069.0,-20315069.0,0.0,100.0,-100.0,🔴,"🔴 Buy: 0.0% | Sell: 100.0% | Net: -100.0% | Value: -20,315,069"
2025-12-13T07:19:11.117234,GC=F,528.0,0,528.0,100.0,0.0,100.0,🟢,🟢 Buy: 100.0% | Sell: 0.0% | Net: 100.0% | Value: 528
2025-12-13T07:19:11.222170,CL=F,0,286808.0,-286808.0,0.0,100.0,-100.0,🔴,"🔴 Buy: 0.0% | Sell: 100.0% | Net: -100.0% | Value: -286,808"
2025-12-13T07:19:11.326460,TSLA,93562326.0,0,93562326.0,100.0,0.0,100.0,🟢,"🟢 Buy: 100.0% | Sell: 0.0% | Net: 100.0% | Value: 93,562,326"
2025-12-13T07:19:11.470942,NVDA,0,192808886.0,-192808886.0,0.0,100.0,-100.0,🔴,"🔴 Buy: 0.0% | Sell: 100.0% | Net: -100.0% | Value: -192,808,886"
2025-12-13T07:39:15.851605,BTC/USDT,679.7425047520001,641.1923496879999,38.55015506400014,51.45919970748077,48.54080029251923,2.918399414961548,⚪,⚪ Buy: 51.5% | Sell: 48.5% | Net: 2.9% | Value: 39
2025-12-13T07:39:17.119288,ETH/USDT,4410.1203090359995,3851.518537724,558.6017713119995,53.380695898677956,46.61930410132205,6.761391797355905,⚪,⚪ Buy: 53.4% | Sell: 46.6% | Net: 6.8% | Value: 559
2025-12-13T07:39:18.313801,BNB/USDT,723.58314,619.01646,104.5666799999999,53.894187068132595,46.105812931867405,7.78837413626519,⚪,⚪ Buy: 53.9% | Sell: 46.1% | Net: 7.8% | Value: 105
2025-12-13T07:39:20.979817,XRP/USDT,3743009.8354428476,3695469.7405642723,47540.0948785753,50.31955518861621,49.680444811383786,0.6391103772324156,⚪,"⚪ Buy: 50.3% | Sell: 49.7% | Net: 0.6% | Value: 47,540"
2025-12-13T07:39:22.631023,SOL/USDT,32066.966801137998,26512.858702132,5554.108099005996,54.74063216413641,45.25936783586359,9.481264328272811,⚪,"⚪ Buy: 54.7% | Sell: 45.3% | Net: 9.5% | Value: 5,554"
2025-12-13T07:39:23.993242,DOGE/USDT,14164881.350750001,12833914.35045,1330967.0003000014,52.46486364619746,47.53513635380254,4.929727292394914,⚪,"⚪ Buy: 52.5% | Sell: 47.5% | Net: 4.9% | Value: 1,330,967"
2025-12-13T07:39:25.193428,ADA/USDT,1732754.9105976762,1955204.143731784,-222449.2331341079,46.98411465722532,53.01588534277468,-6.031770685549363,⚪,"⚪ Buy: 47.0% | Sell: 53.0% | Net: -6.0% | Value: -222,449"
2025-12-13T07:39:26.849939,TRX/USDT,1840693.991,2068222.3989999997,-227528.40799999982,47.08962298884065,52.91037701115935,-5.820754022318698,⚪,"⚪ Buy: 47.1% | Sell: 52.9% | Net: -5.8% | Value: -227,528"
2025-12-13T07:39:28.062211,AVAX/USDT,63858.990860000005,57694.82703999999,6164.163820000016,52.535569810349834,47.46443018965017,5.071139620699661,⚪,"⚪ Buy: 52.5% | Sell: 47.5% | Net: 5.1% | Value: 6,164"
2025-12-13T07:39:29.260369,DOT/USDT,299251.70814,239480.37106,59771.33708,55.54740838607184,44.452591613928156,11.094816772143684,⚪,"⚪ Buy: 55.5% | Sell: 44.5% | Net: 11.1% | Value: 59,771"
2025-12-13T07:39:30.392570,LINK/USDT,511526.2384,459568.8395,51957.39889999997,52.67519628522669,47.32480371477332,5.350392570453371,⚪,"⚪ Buy: 52.7% | Sell: 47.3% | Net: 5.4% | Value: 51,957"
2025-12-13T07:39:31.932223,SUI/USDT,1305235.9,1133559.6,171676.2999999998,53.519694455726196,46.48030554427381,7.039388911452388,⚪,"⚪ Buy: 53.5% | Sell: 46.5% | Net: 7.0% | Value: 171,676"
2025-12-13T07:39:33.152771,SHIB/USDT,140594169367.4789,111343226818.32869,29250942549.150223,55.805200615707165,44.19479938429283,11.610401231414336,⚪,"⚪ Buy: 55.8% | Sell: 44.2% | Net: 11.6% | Value: 29,250,942,549"
2025-12-13T07:39:34.355545,LTC/USDT,16880.743,14351.799,2528.9439999999977,54.04857215912813,45.95142784087187,8.097144318256252,⚪,"⚪ Buy: 54.0% | Sell: 46.0% | Net: 8.1% | Value: 2,529"
2025-12-13T07:39:36.087744,ATOM/USDT,20063.297519999996,15436.884680000001,4626.412839999995,56.516040979643186,43.483959020356814,13.032081959286385,⚪,"⚪ Buy: 56.5% | Sell: 43.5% | Net: 13.0% | Value: 4,626"
2025-12-13T07:39:37.361120,XLM/USDT,1247166.372,1202130.7380000001,45035.633999999845,50.919358329704636,49.080641670295364,1.8387166594092719,⚪,"⚪ Buy: 50.9% | Sell: 49.1% | Net: 1.8% | Value: 45,036"
2025-12-13T07:39:38.520078,UNI/USDT,232512.2734,200132.52390000003,32379.749499999976,53.74207082831827,46.25792917168173,7.484141656636529,⚪,"⚪ Buy: 53.7% | Sell: 46.3% | Net: 7.5% | Value: 32,380"
2025-12-13T07:39:40.452102,ICP/USDT,57096.88801,59886.95018999999,-2790.0621799999863,48.80750100914367,51.192498990856315,-2.384997981712645,⚪,"⚪ Buy: 48.8% | Sell: 51.2% | Net: -2.4% | Value: -2,790"
2025-12-13T07:39:42.747843,APT/USDT,96494.145579644,84920.43936946601,11573.706210177988,53.189849981859126,46.81015001814088,6.379699963718252,⚪,"⚪ Buy: 53.2% | Sell: 46.8% | Net: 6.4% | Value: 11,574"
2025-12-13T07:39:46.069926,NEAR/USDT,420752.7864199999,353840.88998,66911.89643999992,54.31916103104402,45.68083896895599,8.638322062088026,⚪,"⚪ Buy: 54.3% | Sell: 45.7% | Net: 8.6% | Value: 66,912"
2025-12-13T07:39:46.407910,AAPL,38360082.0,0,38360082.0,100.0,0.0,100.0,🟢,"🟢 Buy: 100.0% | Sell: 0.0% | Net: 100.0% | Value: 38,360,082"
2025-12-13T07:39:46.564607,MSFT,0,20743536.0,-20743536.0,0.0,100.0,-100.0,🔴,"🔴 Buy: 0.0% | Sell: 100.0% | Net: -100.0% | Value: -20,743,536"
2025-12-13T07:39:46.683829,GOOG,0,20315069.0,-20315069.0,0.0,100.0,-100.0,🔴,"🔴 Buy: 0.0% | Sell: 100.0% | Net: -100.0% | Value: -20,315,069"
2025-12-13T07:39:46.792611,GC=F,528.0,0,528.0,100.0,0.0,100.0,🟢,🟢 Buy: 100.0% | Sell: 0.0% | Net: 100.0% | Value: 528
2025-12-13T07:39:46.898645,CL=F,0,286808.0,-286808.0,0.0,100.0,-100.0,🔴,"🔴 Buy: 0.0% | Sell: 100.0% | Net: -100.0% | Value: -286,808"
2025-12-13T07:39:47.008119,TSLA,93562326.0,0,93562326.0,100.0,0.0,100.0,🟢,"🟢 Buy: 100.0% | Sell: 0.0% | Net: 100.0% | Value: 93,562,326"
2025-12-13T07:39:47.134033,NVDA,0,192808886.0,-192808886.0,0.0,100.0,-100.0,🔴,"🔴 Buy: 0.0% | Sell: 100.0% | Net: -100.0% | Value: -192,808,886"
2025-12-13T08:22:33.904218,BTC/USDT,512.9703051,538.27225242,-25.301947319999954,48.79656949107492,51.20343050892509,-2.406861017850163,⚪,⚪ Buy: 48.8% | Sell: 51.2% | Net: -2.4% | Value: -25
2025-12-13T08:22:34.989818,ETH/USDT,3738.7991535359997,3319.2766930240005,419.52246051199927,52.971932220850725,47.02806777914927,5.943864441701462,⚪,⚪ Buy: 53.0% | Sell: 47.0% | Net: 5.9% | Value: 420
2025-12-13T08:22:35.997046,BNB/USDT,731.0465800000001,591.24912,139.79746000000011,55.28616481169833,44.71383518830167,10.572329623396651,⚪,⚪ Buy: 55.3% | Sell: 44.7% | Net: 10.6% | Value: 140
2025-12-13T08:22:37.079986,XRP/USDT,3574279.0070428476,3232873.495364272,341405.51167857554,52.50769695227079,47.492303047729216,5.015393904541568,⚪,"⚪ Buy: 52.5% | Sell: 47.5% | Net: 5.0% | Value: 341,406"
2025-12-13T08:22:38.092336,SOL/USDT,30096.379601138,25199.133902132,4897.245699006002,54.42824868487423,45.57175131512578,8.856497369748443,⚪,"⚪ Buy: 54.4% | Sell: 45.6% | Net: 8.9% | Value: 4,897"
2025-12-13T08:22:39.158834,DOGE/USDT,13513112.091330001,11305684.702269997,2207427.3890600037,54.447087841158414,45.55291215884157,8.894175682316844,⚪,"⚪ Buy: 54.4% | Sell: 45.6% | Net: 8.9% | Value: 2,207,427"
2025-12-13T08:22:40.212355,ADA/USDT,1812368.8385976758,1965510.065731784,-153141.2271341083,47.97318507273211,52.026814927267885,-4.0536298545357825,⚪,"⚪ Buy: 48.0% | Sell: 52.0% | Net: -4.1% | Value: -153,141"
2025-12-13T08:22:41.647226,TRX/USDT,1864825.1230000001,2104419.0969999996,-239593.97399999946,46.98186908237156,53.01813091762844,-6.036261835256876,⚪,"⚪ Buy: 47.0% | Sell: 53.0% | Net: -6.0% | Value: -239,594"
2025-12-13T08:22:43.008577,AVAX/USDT,58021.73016000001,47203.22004,10818.510120000006,55.14065822765294,44.859341772347065,10.281316455305868,⚪,"⚪ Buy: 55.1% | Sell: 44.9% | Net: 10.3% | Value: 10,819"
2025-12-13T08:22:44.057648,DOT/USDT,282543.60678,228341.63681999999,54201.96995999999,55.30471085620528,44.69528914379472,10.609421712410564,⚪,"⚪ Buy: 55.3% | Sell: 44.7% | Net: 10.6% | Value: 54,202"
2025-12-13T08:22:45.119298,LINK/USDT,503354.3635,454120.9229,49233.44059999997,52.57100320495541,47.42899679504459,5.1420064099108185,⚪,"⚪ Buy: 52.6% | Sell: 47.4% | Net: 5.1% | Value: 49,233"
2025-12-13T08:22:46.272387,SUI/USDT,1296388.6800000002,1029784.1200000001,266604.56000000006,55.73054074056751,44.26945925943249,11.461081481135023,⚪,"⚪ Buy: 55.7% | Sell: 44.3% | Net: 11.5% | Value: 266,605"
2025-12-13T08:22:47.311116,SHIB/USDT,136557314532.60141,108651990261.7437,27905324270.85771,55.690103051811526,44.309896948188474,11.38020610362305,⚪,"⚪ Buy: 55.7% | Sell: 44.3% | Net: 11.4% | Value: 27,905,324,271"
2025-12-13T08:22:48.338469,LTC/USDT,15284.508399999997,13287.6426,1996.8657999999978,53.494426793418526,46.505573206581474,6.988853586837049,⚪,"⚪ Buy: 53.5% | Sell: 46.5% | Net: 7.0% | Value: 1,997"
2025-12-13T08:22:49.430648,ATOM/USDT,18422.751839999997,14343.18756,4079.564279999997,56.22531255734423,43.77468744265578,12.450625114688448,⚪,"⚪ Buy: 56.2% | Sell: 43.8% | Net: 12.5% | Value: 4,080"
2025-12-13T08:22:50.600332,XLM/USDT,1171037.5699999998,967299.11,203738.45999999985,54.76394718160098,45.236052818399024,9.527894363201957,⚪,"⚪ Buy: 54.8% | Sell: 45.2% | Net: 9.5% | Value: 203,738"
2025-12-13T08:22:51.618167,UNI/USDT,219456.48274,191428.66346,28027.819279999996,53.41066348336152,46.58933651663848,6.821326966723042,⚪,"⚪ Buy: 53.4% | Sell: 46.6% | Net: 6.8% | Value: 28,028"
2025-12-13T08:22:52.661086,ICP/USDT,57648.88751,60486.77299,-2837.885479999997,48.79888703038995,51.20111296961005,-2.402225939220103,⚪,"⚪ Buy: 48.8% | Sell: 51.2% | Net: -2.4% | Value: -2,838"
2025-12-13T08:22:53.702146,APT/USDT,96899.923299644,85190.95784946601,11708.965450177988,53.21514327798486,46.78485672201515,6.430286555969701,⚪,"⚪ Buy: 53.2% | Sell: 46.8% | Net: 6.4% | Value: 11,709"
2025-12-13T08:22:54.726213,NEAR/USDT,390965.5123999999,333982.7073,56982.80509999988,53.930129321759054,46.069870678240946,7.860258643518107,⚪,"⚪ Buy: 53.9% | Sell: 46.1% | Net: 7.9% | Value: 56,983"
2025-12-13T08:22:55.238776,AAPL,38360082.0,0,38360082.0,100.0,0.0,100.0,🟢,"🟢 Buy: 100.0% | Sell: 0.0% | Net: 100.0% | Value: 38,360,082"
2025-12-13T08:22:55.404507,MSFT,0,20743536.0,-20743536.0,0.0,100.0,-100.0,🔴,"🔴 Buy: 0.0% | Sell: 100.0% | Net: -100.0% | Value: -20,743,536"
2025-12-13T08:22:55.531655,GOOG,0,20315069.0,-20315069.0,0.0,100.0,-100.0,🔴,"🔴 Buy: 0.0% | Sell: 100.0% | Net: -100.0% | Value: -20,315,069"
2025-12-13T08:22:55.645409,GC=F,528.0,0,528.0,100.0,0.0,100.0,🟢,🟢 Buy: 100.0% | Sell: 0.0% | Net: 100.0% | Value: 528
2025-12-13T08:22:55.750527,CL=F,0,286808.0,-286808.0,0.0,100.0,-100.0,🔴,"🔴 Buy: 0.0% | Sell: 100.0% | Net: -100.0% | Value: -286,808"
2025-12-13T08:22:55.870415,TSLA,93562326.0,0,93562326.0,100.0,0.0,100.0,🟢,"🟢 Buy: 100.0% | Sell: 0.0% | Net: 100.0% | Value: 93,562,326"
2025-12-13T08:22:56.006765,NVDA,0,192808886.0,-192808886.0,0.0,100.0,-100.0,🔴,"🔴 Buy: 0.0% | Sell: 100.0% | Net: -100.0% | Value: -192,808,886"
2025-12-13T08:46:03.844245,BTC/USDT,550.204724658,563.095198792,-12.890474133999987,49.42106911792225,50.57893088207774,-1.1578617641554987,⚪,⚪ Buy: 49.4% | Sell: 50.6% | Net: -1.2% | Value: -13
2025-12-13T08:46:04.942842,ETH/USDT,4194.743079575999,3623.2393103840004,571.5037691919988,53.65505919996657,46.34494080003343,7.310118399933143,⚪,⚪ Buy: 53.7% | Sell: 46.3% | Net: 7.3% | Value: 572
2025-12-13T08:46:05.961270,BNB/USDT,753.3621400000001,606.12616,147.23598000000004,55.415124940758965,44.58487505924104,10.830249881517924,⚪,⚪ Buy: 55.4% | Sell: 44.6% | Net: 10.8% | Value: 147
2025-12-13T08:46:06.984313,XRP/USDT,3718049.0644228477,3328720.2002842724,389328.86413857527,52.762463545446856,47.237536454553144,5.524927090893712,⚪,"⚪ Buy: 52.8% | Sell: 47.2% | Net: 5.5% | Value: 389,329"
2025-12-13T08:46:07.946108,SOL/USDT,32851.856201138,27036.118302131996,5815.737899006002,54.85551393851904,45.14448606148097,9.711027877038072,⚪,"⚪ Buy: 54.9% | Sell: 45.1% | Net: 9.7% | Value: 5,816"
2025-12-13T08:46:09.284636,DOGE/USDT,14248507.852950001,11795948.543349998,2452559.309600003,54.70840948315671,45.2915905168433,9.416818966313405,⚪,"⚪ Buy: 54.7% | Sell: 45.3% | Net: 9.4% | Value: 2,452,559"
2025-12-13T08:46:10.418306,ADA/USDT,1888132.860597676,2016019.413731784,-127886.5531341082,48.36217257745059,51.6378274225494,-3.2756548450988063,⚪,"⚪ Buy: 48.4% | Sell: 51.6% | Net: -3.3% | Value: -127,887"
2025-12-13T08:46:11.580978,TRX/USDT,1885278.627,2135099.3529999997,-249820.72599999956,46.893069168585995,53.10693083141401,-6.2138616628280205,⚪,"⚪ Buy: 46.9% | Sell: 53.1% | Net: -6.2% | Value: -249,821"
2025-12-13T08:46:12.673345,AVAX/USDT,60036.39600000001,48546.3306,11490.065400000007,55.29092690881093,44.70907309118907,10.581853817621859,⚪,"⚪ Buy: 55.3% | Sell: 44.7% | Net: 10.6% | Value: 11,490"
2025-12-13T08:46:13.926292,DOT/USDT,298362.82931999996,238887.78518,59475.044139999954,55.535130396765695,44.464869603234305,11.07026079353139,⚪,"⚪ Buy: 55.5% | Sell: 44.5% | Net: 11.1% | Value: 59,475"
2025-12-13T08:46:14.896400,LINK/USDT,538308.14974,477423.44706,60884.702680000046,52.99708618260048,47.002913817399524,5.994172365200961,⚪,"⚪ Buy: 53.0% | Sell: 47.0% | Net: 6.0% | Value: 60,885"
2025-12-13T08:46:15.932007,SUI/USDT,1382953.44,1087493.9600000002,295459.47999999975,55.979877976758374,44.02012202324162,11.959755953516748,⚪,"⚪ Buy: 56.0% | Sell: 44.0% | Net: 12.0% | Value: 295,459"
2025-12-13T08:46:16.944240,SHIB/USDT,142188596005.9883,112406177910.6683,29782418095.320007,55.84898457206147,44.15101542793854,11.697969144122924,⚪,"⚪ Buy: 55.8% | Sell: 44.2% | Net: 11.7% | Value: 29,782,418,095"
2025-12-13T08:46:17.940111,LTC/USDT,16705.925799999997,14235.2542,2470.671599999998,53.992529696669614,46.007470303330386,7.985059393339227,⚪,"⚪ Buy: 54.0% | Sell: 46.0% | Net: 8.0% | Value: 2,471"
2025-12-13T08:46:18.998264,ATOM/USDT,18823.82862,14610.572080000002,4213.2565399999985,56.300780710569164,43.69921928943084,12.601561421138316,⚪,"⚪ Buy: 56.3% | Sell: 43.7% | Net: 12.6% | Value: 4,213"
2025-12-13T08:46:20.345273,XLM/USDT,1215830.5219999999,997161.078,218669.4439999999,54.94058459146434,45.05941540853568,9.881169182928664,⚪,"⚪ Buy: 54.9% | Sell: 45.1% | Net: 9.9% | Value: 218,669"
2025-12-13T08:46:21.402960,UNI/USDT,231086.54674,199182.03946000003,31904.50727999996,53.70751064605608,46.29248935394392,7.415021292112159,⚪,"⚪ Buy: 53.7% | Sell: 46.3% | Net: 7.4% | Value: 31,905"
2025-12-13T08:46:22.448184,ICP/USDT,57938.38031,60679.768189999995,-2741.3878799999948,48.84444837713852,51.15555162286148,-2.311103245722972,⚪,"⚪ Buy: 48.8% | Sell: 51.2% | Net: -2.3% | Value: -2,741"
2025-12-13T08:46:23.556026,APT/USDT,99188.675359644,91191.13258946601,7997.5427701779845,52.10041780594605,47.899582194053956,4.200835611892092,⚪,"⚪ Buy: 52.1% | Sell: 47.9% | Net: 4.2% | Value: 7,998"
2025-12-13T08:46:24.573332,NEAR/USDT,410581.0504399999,347059.73266,63521.317779999925,54.19204715459568,45.80795284540432,8.384094309191358,⚪,"⚪ Buy: 54.2% | Sell: 45.8% | Net: 8.4% | Value: 63,521"
2025-12-13T08:46:25.023643,AAPL,38360082.0,0,38360082.0,100.0,0.0,100.0,🟢,"🟢 Buy: 100.0% | Sell: 0.0% | Net: 100.0% | Value: 38,360,082"
2025-12-13T08:46:25.206162,MSFT,0,20743536.0,-20743536.0,0.0,100.0,-100.0,🔴,"🔴 Buy: 0.0% | Sell: 100.0% | Net: -100.0% | Value: -20,743,536"
2025-12-13T08:46:25.324688,GOOG,0,20315069.0,-20315069.0,0.0,100.0,-100.0,🔴,"🔴 Buy: 0.0% | Sell: 100.0% | Net: -100.0% | Value: -20,315,069"
2025-12-13T08:46:25.429106,GC=F,528.0,0,528.0,100.0,0.0,100.0,🟢,🟢 Buy: 100.0% | Sell: 0.0% | Net: 100.0% | Value: 528
2025-12-13T08:46:25.543979,CL=F,0,286808.0,-286808.0,0.0,100.0,-100.0,🔴,"🔴 Buy: 0.0% | Sell: 100.0% | Net: -100.0% | Value: -286,808"
2025-12-13T08:46:25.648314,TSLA,93562326.0,0,93562326.0,100.0,0.0,100.0,🟢,"🟢 Buy: 100.0% | Sell: 0.0% | Net: 100.0% | Value: 93,562,326"
2025-12-13T08:46:25.797379,NVDA,0,192808886.0,-192808886.0,0.0,100.0,-100.0,🔴,"🔴 Buy: 0.0% | Sell: 100.0% | Net: -100.0% | Value: -192,808,886"
2025-12-13T09:17:55.941445,BTC/USDT,541.786179354,504.290166196,37.49601315799998,51.79222163456365,48.20777836543634,3.584443269127316,⚪,⚪ Buy: 51.8% | Sell: 48.2% | Net: 3.6% | Value: 37
2025-12-13T09:17:57.094686,ETH/USDT,3982.6512633719994,3102.573019078,880.0782442939994,56.210659036397345,43.789340963602655,12.421318072794687,⚪,⚪ Buy: 56.2% | Sell: 43.8% | Net: 12.4% | Value: 880
2025-12-13T09:17:58.838487,BNB/USDT,724.51238,592.2766200000001,132.2357599999999,55.0211446177026,44.97885538229739,10.042289235405208,⚪,⚪ Buy: 55.0% | Sell: 45.0% | Net: 10.0% | Value: 132
2025-12-13T09:17:59.979859,XRP/USDT,3482528.424542848,3171706.440364272,310821.98417857615,52.335520089753516,47.66447991024649,4.671040179507019,⚪,"⚪ Buy: 52.3% | Sell: 47.7% | Net: 4.7% | Value: 310,822"
2025-12-13T09:18:01.159079,SOL/USDT,30714.370867573998,26340.180301786,4374.190565787998,53.83334061537326,46.16665938462673,7.66668123074653,⚪,"⚪ Buy: 53.8% | Sell: 46.2% | Net: 7.7% | Value: 4,374"
2025-12-13T09:18:02.374886,DOGE/USDT,13680507.308370002,11566909.787029998,2113597.5213400032,54.18576980241892,45.8142301975811,8.371539604837812,⚪,"⚪ Buy: 54.2% | Sell: 45.8% | Net: 8.4% | Value: 2,113,598"
2025-12-13T09:18:03.551601,ADA/USDT,1842203.5925976757,1925892.121731784,-83688.52913410822,48.88951163294693,51.11048836705307,-2.2209767341061495,⚪,"⚪ Buy: 48.9% | Sell: 51.1% | Net: -2.2% | Value: -83,689"
2025-12-13T09:18:04.655514,TRX/USDT,1896149.5329999998,2055095.777,-158946.24400000018,47.988656340853716,52.01134365914629,-4.022687318292576,⚪,"⚪ Buy: 48.0% | Sell: 52.0% | Net: -4.0% | Value: -158,946"
2025-12-13T09:18:05.839090,AVAX/USDT,58948.619959999996,45207.45934,13741.160619999995,56.59642755005275,43.40357244994724,13.192855100105517,⚪,"⚪ Buy: 56.6% | Sell: 43.4% | Net: 13.2% | Value: 13,741"
2025-12-13T09:18:07.025015,DOT/USDT,283431.75042,228933.73258,54498.017839999986,55.31827568876258,44.68172431123742,10.63655137752517,⚪,"⚪ Buy: 55.3% | Sell: 44.7% | Net: 10.6% | Value: 54,498"
2025-12-13T09:18:08.308737,LINK/USDT,555024.11621626,453577.90221083997,101446.21400542004,55.02905071336382,44.97094928663617,10.058101426727651,⚪,"⚪ Buy: 55.0% | Sell: 45.0% | Net: 10.1% | Value: 101,446"
2025-12-13T09:18:09.493633,SUI/USDT,1335466.08,1096693.5200000003,238772.55999999982,54.908653198581206,45.09134680141879,9.817306397162413,⚪,"⚪ Buy: 54.9% | Sell: 45.1% | Net: 9.8% | Value: 238,773"
2025-12-13T09:18:10.669887,SHIB/USDT,133482942731.79991,107929612922.12057,25553329809.679337,55.29246081266618,44.70753918733383,10.584921625332356,⚪,"⚪ Buy: 55.3% | Sell: 44.7% | Net: 10.6% | Value: 25,553,329,810"
2025-12-13T09:18:11.839135,LTC/USDT,14904.860799999999,13311.8452,1593.0155999999988,52.822823472023984,47.177176527976016,5.645646944047965,⚪,"⚪ Buy: 52.8% | Sell: 47.2% | Net: 5.6% | Value: 1,593"
2025-12-13T09:18:13.044595,ATOM/USDT,17043.9849,13424.009600000001,3619.9752999999982,55.94061959017355,44.05938040982645,11.881239180347096,⚪,"⚪ Buy: 55.9% | Sell: 44.1% | Net: 11.9% | Value: 3,620"
2025-12-13T09:18:14.762770,XLM/USDT,1153256.859,964681.901,188574.95799999998,54.451851053521494,45.54814894647851,8.903702107042982,⚪,"⚪ Buy: 54.5% | Sell: 45.5% | Net: 8.9% | Value: 188,575"
2025-12-13T09:18:15.898123,UNI/USDT,219764.95621999996,193316.04378,26448.912439999956,53.20141962956417,46.79858037043582,6.402839259128344,⚪,"⚪ Buy: 53.2% | Sell: 46.8% | Net: 6.4% | Value: 26,449"
2025-12-13T09:18:17.094615,ICP/USDT,47830.704139999994,50401.58576,-2570.8816200000074,48.69142742034357,51.30857257965642,-2.6171451593128414,⚪,"⚪ Buy: 48.7% | Sell: 51.3% | Net: -2.6% | Value: -2,571"
2025-12-13T09:18:18.527548,APT/USDT,94860.22873964401,90849.458309466,4010.770430178003,51.07984954740604,48.92015045259395,2.159699094812095,⚪,"⚪ Buy: 51.1% | Sell: 48.9% | Net: 2.2% | Value: 4,011"
2025-12-13T09:18:19.598027,NEAR/USDT,400801.36903999996,340539.94506,60261.42397999996,54.0643508485129,45.935649151487105,8.128701697025786,⚪,"⚪ Buy: 54.1% | Sell: 45.9% | Net: 8.1% | Value: 60,261"
2025-12-13T09:18:19.931179,AAPL,38360082.0,0,38360082.0,100.0,0.0,100.0,🟢,"🟢 Buy: 100.0% | Sell: 0.0% | Net: 100.0% | Value: 38,360,082"
2025-12-13T09:18:20.157271,MSFT,0,20743536.0,-20743536.0,0.0,100.0,-100.0,🔴,"🔴 Buy: 0.0% | Sell: 100.0% | Net: -100.0% | Value: -20,743,536"
2025-12-13T09:18:20.243177,GOOG,0,20315069.0,-20315069.0,0.0,100.0,-100.0,🔴,"🔴 Buy: 0.0% | Sell: 100.0% | Net: -100.0% | Value: -20,315,069"
2025-12-13T09:18:20.358724,GC=F,528.0,0,528.0,100.0,0.0,100.0,🟢,🟢 Buy: 100.0% | Sell: 0.0% | Net: 100.0% | Value: 528
2025-12-13T09:18:20.515298,CL=F,0,286808.0,-286808.0,0.0,100.0,-100.0,🔴,"🔴 Buy: 0.0% | Sell: 100.0% | Net: -100.0% | Value: -286,808"
2025-12-13T09:18:20.670201,TSLA,93562326.0,0,93562326.0,100.0,0.0,100.0,🟢,"🟢 Buy: 100.0% | Sell: 0.0% | Net: 100.0% | Value: 93,562,326"
2025-12-13T09:18:20.786742,NVDA,0,192808886.0,-192808886.0,0.0,100.0,-100.0,🔴,"🔴 Buy: 0.0% | Sell: 100.0% | Net: -100.0% | Value: -192,808,886"
2025-12-13T09:39:44.760897,BTC/USDT,564.884347758,519.688945132,45.19540262600003,52.083556866201754,47.916443133798246,4.167113732403501,⚪,⚪ Buy: 52.1% | Sell: 47.9% | Net: 4.2% | Value: 45
2025-12-13T09:39:45.830299,ETH/USDT,4165.270122432,3224.318925118,940.9511973139997,56.366735628052076,43.63326437194793,12.733471256104151,⚪,⚪ Buy: 56.4% | Sell: 43.6% | Net: 12.7% | Value: 941
2025-12-13T09:39:46.869992,BNB/USDT,1042.32346,798.7670400000001,243.55642,56.614460831773336,43.38553916822666,13.228921663546684,⚪,⚪ Buy: 56.6% | Sell: 43.4% | Net: 13.2% | Value: 244
2025-12-13T09:39:47.898568,XRP/USDT,3580180.273382848,3236807.672924272,343372.60045857634,52.51850673026778,47.48149326973222,5.037013460535561,⚪,"⚪ Buy: 52.5% | Sell: 47.5% | Net: 5.0% | Value: 343,373"
2025-12-13T09:39:48.899637,SOL/USDT,31705.362867574,27826.668301785998,3878.6945657880024,53.25765347628882,46.742346523711184,6.515306952577644,⚪,"⚪ Buy: 53.3% | Sell: 46.7% | Net: 6.5% | Value: 3,879"
2025-12-13T09:39:49.986935,DOGE/USDT,14116041.428670002,11707637.593829999,2408403.8348400034,54.66316947469332,45.33683052530668,9.326338949386635,⚪,"⚪ Buy: 54.7% | Sell: 45.3% | Net: 9.3% | Value: 2,408,404"
2025-12-13T09:39:51.055925,ADA/USDT,1947975.008597676,1965813.165731784,-17838.157134108013,49.77211136193946,50.22788863806055,-0.4557772761210865,⚪,"⚪ Buy: 49.8% | Sell: 50.2% | Net: -0.5% | Value: -17,838"
2025-12-13T09:39:52.107139,TRX/USDT,1927363.5609999998,2075905.129,-148541.5680000002,48.14474646217164,51.85525353782836,-3.7105070756567238,⚪,"⚪ Buy: 48.1% | Sell: 51.9% | Net: -3.7% | Value: -148,542"
2025-12-13T09:39:53.101187,AVAX/USDT,60032.992999999995,45930.3747,14102.618299999995,56.65447814943314,43.345521850566854,13.308956298866287,⚪,"⚪ Buy: 56.7% | Sell: 43.3% | Net: 13.3% | Value: 14,103"
2025-12-13T09:39:54.170980,DOT/USDT,285906.40599999996,238789.90310000003,47116.502899999934,54.48988320318261,45.5101167968174,8.979766406365206,⚪,"⚪ Buy: 54.5% | Sell: 45.5% | Net: 9.0% | Value: 47,117"
2025-12-13T09:39:55.563126,LINK/USDT,568204.76023084,498488.08859626,69716.67163457995,53.26788877000713,46.73211122999287,6.535777540014269,⚪,"⚪ Buy: 53.3% | Sell: 46.7% | Net: 6.5% | Value: 69,717"
2025-12-13T09:39:56.565484,SUI/USDT,1371565.8,1150843.1,220722.69999999995,54.375236306849374,45.62476369315062,8.75047261369875,⚪,"⚪ Buy: 54.4% | Sell: 45.6% | Net: 8.8% | Value: 220,723"
2025-12-13T09:39:57.661407,SHIB/USDT,136966607229.71884,113155109668.99896,23811497560.71988,54.759982031140844,45.240017968859156,9.519964062281689,⚪,"⚪ Buy: 54.8% | Sell: 45.2% | Net: 9.5% | Value: 23,811,497,561"
2025-12-13T09:39:58.666889,LTC/USDT,15188.174799999997,13736.816200000001,1451.358599999996,52.50883154985251,47.49116845014749,5.017663099705013,⚪,"⚪ Buy: 52.5% | Sell: 47.5% | Net: 5.0% | Value: 1,451"
2025-12-13T09:39:59.725278,ATOM/USDT,17890.533480000002,13988.375320000001,3902.158160000001,56.120281883676014,43.87971811632398,12.240563767352038,⚪,"⚪ Buy: 56.1% | Sell: 43.9% | Net: 12.2% | Value: 3,902"
2025-12-13T09:40:00.731240,XLM/USDT,1186964.012,977916.7379999999,209047.2740000002,54.82814755500968,45.17185244499032,9.656295110019348,⚪,"⚪ Buy: 54.8% | Sell: 45.2% | Net: 9.7% | Value: 209,047"
2025-12-13T09:40:01.781926,UNI/USDT,223477.36191999997,194109.24958,29368.112339999963,53.516409713724734,46.48359028627526,7.032819427449474,⚪,"⚪ Buy: 53.5% | Sell: 46.5% | Net: 7.0% | Value: 29,368"
2025-12-13T09:40:02.857328,ICP/USDT,48044.551739999995,50722.35716,-2677.8054200000042,48.64438127616647,51.35561872383353,-2.711237447667054,⚪,"⚪ Buy: 48.6% | Sell: 51.4% | Net: -2.7% | Value: -2,678"
2025-12-13T09:40:03.913789,APT/USDT,97598.85591964402,91127.45562946601,6471.400290178004,51.71449339444491,48.28550660555509,3.4289867888898082,⚪,"⚪ Buy: 51.7% | Sell: 48.3% | Net: 3.4% | Value: 6,471"
2025-12-13T09:40:04.904264,NEAR/USDT,428088.21907999995,358731.17842,69357.04065999994,54.40743078274198,45.592569217258024,8.814861565483957,⚪,"⚪ Buy: 54.4% | Sell: 45.6% | Net: 8.8% | Value: 69,357"
2025-12-13T09:40:05.504328,AAPL,38360082.0,0,38360082.0,100.0,0.0,100.0,🟢,"🟢 Buy: 100.0% | Sell: 0.0% | Net: 100.0% | Value: 38,360,082"
2025-12-13T09:40:05.691179,MSFT,0,20743536.0,-20743536.0,0.0,100.0,-100.0,🔴,"🔴 Buy: 0.0% | Sell: 100.0% | Net: -100.0% | Value: -20,743,536"
2025-12-13T09:40:05.805700,GOOG,0,20315069.0,-20315069.0,0.0,100.0,-100.0,🔴,"🔴 Buy: 0.0% | Sell: 100.0% | Net: -100.0% | Value: -20,315,069"
2025-12-13T09:40:05.911656,GC=F,528.0,0,528.0,100.0,0.0,100.0,🟢,🟢 Buy: 100.0% | Sell: 0.0% | Net: 100.0% | Value: 528
2025-12-13T09:40:06.026682,CL=F,0,286808.0,-286808.0,0.0,100.0,-100.0,🔴,"🔴 Buy: 0.0% | Sell: 100.0% | Net: -100.0% | Value: -286,808"
2025-12-13T09:40:06.143312,TSLA,93562326.0,0,93562326.0,100.0,0.0,100.0,🟢,"🟢 Buy: 100.0% | Sell: 0.0% | Net: 100.0% | Value: 93,562,326"
2025-12-13T09:40:06.292320,NVDA,0,192808886.0,-192808886.0,0.0,100.0,-100.0,🔴,"🔴 Buy: 0.0% | Sell: 100.0% | Net: -100.0% | Value: -192,808,886"
2025-12-13T10:18:10.470399,BTC/USDT,515.887823582,528.129817388,-12.241993805999982,49.4137075215211,50.5862924784789,-1.1725849569578066,⚪,⚪ Buy: 49.4% | Sell: 50.6% | Net: -1.2% | Value: -12
2025-12-13T10:18:11.711489,ETH/USDT,3967.045008696,3092.1688492939998,874.8761594020002,56.196696806484816,43.803303193515184,12.393393612969637,⚪,⚪ Buy: 56.2% | Sell: 43.8% | Net: 12.4% | Value: 875
2025-12-13T10:18:13.475120,BNB/USDT,939.5530999999999,828.5600999999999,110.99299999999994,53.13874134303166,46.861258656968346,6.27748268606331,⚪,⚪ Buy: 53.1% | Sell: 46.9% | Net: 6.3% | Value: 111
2025-12-13T10:18:14.998631,XRP/USDT,3369110.982282848,3290602.6787242717,78508.30355857639,50.58942702010032,49.41057297989968,1.17885404020064,⚪,"⚪ Buy: 50.6% | Sell: 49.4% | Net: 1.2% | Value: 78,508"
2025-12-13T10:18:16.557104,SOL/USDT,28981.838468084,26577.254702126,2404.5837659579993,52.16398759298622,47.836012407013776,4.327975185972443,⚪,"⚪ Buy: 52.2% | Sell: 47.8% | Net: 4.3% | Value: 2,405"
2025-12-13T10:18:18.292768,DOGE/USDT,10132471.897410002,9555282.248690002,577189.6487199999,51.465859550146654,48.53414044985335,2.9317191002933005,⚪,"⚪ Buy: 51.5% | Sell: 48.5% | Net: 2.9% | Value: 577,190"
2025-12-13T10:18:19.972487,ADA/USDT,1842770.126,1997838.364,-155068.23800000013,47.98120221829744,52.01879778170255,-4.037595563405113,⚪,"⚪ Buy: 48.0% | Sell: 52.0% | Net: -4.0% | Value: -155,068"
2025-12-13T10:18:21.182899,TRX/USDT,1797195.4239999999,1890557.1660000002,-93361.74200000032,48.73416478300135,51.26583521699867,-2.5316704339973177,⚪,"⚪ Buy: 48.7% | Sell: 51.3% | Net: -2.5% | Value: -93,362"
2025-12-13T10:18:22.413814,AVAX/USDT,48763.97671999999,40329.364180000004,8434.612539999987,54.733581912405306,45.2664180875947,9.467163824810601,⚪,"⚪ Buy: 54.7% | Sell: 45.3% | Net: 9.5% | Value: 8,435"
2025-12-13T10:18:23.762860,DOT/USDT,269398.0325,232611.10379999998,36786.92869999999,53.66397003958272,46.33602996041727,7.327940079165446,⚪,"⚪ Buy: 53.7% | Sell: 46.3% | Net: 7.3% | Value: 36,787"
2025-12-13T10:18:25.261544,LINK/USDT,444141.44267084,428807.80875625997,15333.633914580045,50.87826605553028,49.1217339444697,1.7565321110605885,⚪,"⚪ Buy: 50.9% | Sell: 49.1% | Net: 1.8% | Value: 15,334"
2025-12-13T10:18:26.561333,SUI/USDT,1247786.6444338479,1090461.4166507719,157325.227783076,53.364168892117014,46.635831107882986,6.728337784234027,⚪,"⚪ Buy: 53.4% | Sell: 46.6% | Net: 6.7% | Value: 157,325"
2025-12-13T10:18:27.901204,SHIB/USDT,126723078004.36935,108051668006.22835,18671409998.141006,53.976451964151664,46.02354803584833,7.952903928303337,⚪,"⚪ Buy: 54.0% | Sell: 46.0% | Net: 8.0% | Value: 18,671,409,998"
2025-12-13T10:18:29.101525,LTC/USDT,10677.005000000001,10987.277000000002,-310.27200000000084,49.28390887821715,50.716091121782846,-1.4321822435657032,⚪,⚪ Buy: 49.3% | Sell: 50.7% | Net: -1.4% | Value: -310
2025-12-13T10:18:30.446404,ATOM/USDT,18639.60786,14487.75824,4151.849620000001,56.26649521043571,43.7335047895643,12.532990420871403,⚪,"⚪ Buy: 56.3% | Sell: 43.7% | Net: 12.5% | Value: 4,152"
2025-12-13T10:18:31.650940,XLM/USDT,1016828.46,972197.62,44630.83999999997,51.121926968398526,48.878073031601474,2.2438539367970463,⚪,"⚪ Buy: 51.1% | Sell: 48.9% | Net: 2.2% | Value: 44,631"
2025-12-13T10:18:32.844750,UNI/USDT,190487.68886,177281.07663999998,13206.61222000001,51.79550487410819,48.20449512589182,3.591009748216372,⚪,"⚪ Buy: 51.8% | Sell: 48.2% | Net: 3.6% | Value: 13,207"
2025-12-13T10:18:34.044825,ICP/USDT,45634.31192,45390.19888,244.11303999999654,50.13409192636935,49.86590807363065,0.2681838527387027,⚪,⚪ Buy: 50.1% | Sell: 49.9% | Net: 0.3% | Value: 244
2025-12-13T10:18:35.296625,APT/USDT,88459.160639644,88717.674609466,-258.51396982200094,49.927046340606964,50.072953659393036,-0.14590731878607674,⚪,⚪ Buy: 49.9% | Sell: 50.1% | Net: -0.1% | Value: -259
2025-12-13T10:18:36.465823,NEAR/USDT,400896.98954,340603.69206,60293.29748000001,54.065626571637125,45.93437342836287,8.131253143274254,⚪,"⚪ Buy: 54.1% | Sell: 45.9% | Net: 8.1% | Value: 60,293"
2025-12-13T10:18:37.259957,AAPL,38360082.0,0,38360082.0,100.0,0.0,100.0,🟢,"🟢 Buy: 100.0% | Sell: 0.0% | Net: 100.0% | Value: 38,360,082"
2025-12-13T10:18:37.526819,MSFT,0,20743536.0,-20743536.0,0.0,100.0,-100.0,🔴,"🔴 Buy: 0.0% | Sell: 100.0% | Net: -100.0% | Value: -20,743,536"
2025-12-13T10:18:37.748360,GOOG,0,20315069.0,-20315069.0,0.0,100.0,-100.0,🔴,"🔴 Buy: 0.0% | Sell: 100.0% | Net: -100.0% | Value: -20,315,069"
2025-12-13T10:18:37.967034,GC=F,528.0,0,528.0,100.0,0.0,100.0,🟢,🟢 Buy: 100.0% | Sell: 0.0% | Net: 100.0% | Value: 528
2025-12-13T10:18:38.278095,CL=F,0,286808.0,-286808.0,0.0,100.0,-100.0,🔴,"🔴 Buy: 0.0% | Sell: 100.0% | Net: -100.0% | Value: -286,808"
2025-12-13T10:18:38.550848,TSLA,93562326.0,0,93562326.0,100.0,0.0,100.0,🟢,"🟢 Buy: 100.0% | Sell: 0.0% | Net: 100.0% | Value: 93,562,326"
2025-12-13T10:18:38.857431,NVDA,0,192808886.0,-192808886.0,0.0,100.0,-100.0,🔴,"🔴 Buy: 0.0% | Sell: 100.0% | Net: -100.0% | Value: -192,808,886"
2025-12-13T10:42:05.842878,BTC/USDT,538.259173376,543.0440505839999,-4.784877207999898,49.77874489310795,50.22125510689206,-0.4425102137841126,⚪,⚪ Buy: 49.8% | Sell: 50.2% | Net: -0.4% | Value: -5
2025-12-13T10:42:06.953069,ETH/USDT,4268.025621036,3292.822590854,975.2030301820005,56.44903192639432,43.55096807360568,12.89806385278864,⚪,⚪ Buy: 56.4% | Sell: 43.6% | Net: 12.9% | Value: 975
2025-12-13T10:42:08.039584,BNB/USDT,1072.3412199999998,818.7788800000001,253.56233999999972,56.7040253022534,43.2959746977466,13.408050604506808,⚪,⚪ Buy: 56.7% | Sell: 43.3% | Net: 13.4% | Value: 254
2025-12-13T10:42:09.107156,XRP/USDT,3490709.698962848,3371668.489844272,119041.20911857625,50.86734660961078,49.13265339038922,1.7346932192215576,⚪,"⚪ Buy: 50.9% | Sell: 49.1% | Net: 1.7% | Value: 119,041"
2025-12-13T10:42:10.070995,SOL/USDT,30925.527068084,27873.047102126,3052.479965958002,52.595709172404156,47.404290827595844,5.1914183448083095,⚪,"⚪ Buy: 52.6% | Sell: 47.4% | Net: 5.2% | Value: 3,052"
2025-12-13T10:42:11.110530,DOGE/USDT,10614860.039910002,9876874.34369,737985.6962200012,51.80069115284509,48.1993088471549,3.6013823056901795,⚪,"⚪ Buy: 51.8% | Sell: 48.2% | Net: 3.6% | Value: 737,986"
2025-12-13T10:42:12.244699,ADA/USDT,1921747.394,2050489.876,-128742.48199999984,48.37947140050876,51.62052859949123,-3.241057198982473,⚪,"⚪ Buy: 48.4% | Sell: 51.6% | Net: -3.2% | Value: -128,742"
2025-12-13T10:42:13.808012,TRX/USDT,1937339.652,2100773.5080000004,-163433.85600000038,47.9763586417177,52.023641358282305,-4.0472827165645935,⚪,"⚪ Buy: 48.0% | Sell: 52.0% | Net: -4.0% | Value: -163,434"
2025-12-13T10:42:15.167014,AVAX/USDT,52322.967319999996,42702.02458,9620.942739999999,55.06232231523084,44.937677684769156,10.124644630461683,⚪,"⚪ Buy: 55.1% | Sell: 44.9% | Net: 10.1% | Value: 9,621"
2025-12-13T10:42:16.235287,DOT/USDT,280526.92886,240030.36804,40496.560819999984,53.88973135725532,46.11026864274468,7.779462714510648,⚪,"⚪ Buy: 53.9% | Sell: 46.1% | Net: 7.8% | Value: 40,497"
2025-12-13T10:42:17.207241,LINK/USDT,479216.72315084,452191.32907626,27025.394074579992,51.4507816423725,48.5492183576275,2.9015632847449924,⚪,"⚪ Buy: 51.5% | Sell: 48.5% | Net: 2.9% | Value: 27,025"
2025-12-13T10:42:18.256130,SUI/USDT,1302494.224433848,1126933.1366507718,175561.0877830761,53.61321953056248,46.386780469437525,7.226439061124953,⚪,"⚪ Buy: 53.6% | Sell: 46.4% | Net: 7.2% | Value: 175,561"
2025-12-13T10:42:19.293482,SHIB/USDT,132520210483.2607,111916422992.1559,20603787491.104797,54.214545749169986,45.78545425083001,8.42909149833998,⚪,"⚪ Buy: 54.2% | Sell: 45.8% | Net: 8.4% | Value: 20,603,787,491"
2025-12-13T10:42:20.297523,LTC/USDT,11065.820600000001,11246.487400000002,-180.66680000000088,49.5951409419411,50.40485905805889,-0.8097181161177984,⚪,⚪ Buy: 49.6% | Sell: 50.4% | Net: -0.8% | Value: -181
2025-12-13T10:42:21.329790,ATOM/USDT,19813.27998,15270.20632,4543.07366,56.47466107152527,43.52533892847474,12.949322143050534,⚪,"⚪ Buy: 56.5% | Sell: 43.5% | Net: 12.9% | Value: 4,543"
2025-12-13T10:42:22.402504,XLM/USDT,1037039.448,1002514.102,34525.34600000002,50.84639469260319,49.15360530739681,1.692789385206386,⚪,"⚪ Buy: 50.8% | Sell: 49.2% | Net: 1.7% | Value: 34,525"
2025-12-13T10:42:23.362425,UNI/USDT,198080.11106,182342.69144,15737.41962,52.0684117140954,47.9315882859046,4.136823428190796,⚪,"⚪ Buy: 52.1% | Sell: 47.9% | Net: 4.1% | Value: 15,737"
2025-12-13T10:42:24.407579,ICP/USDT,51404.13818,49236.74972,2167.388460000002,51.07679319271984,48.92320680728016,2.1535863854396715,⚪,"⚪ Buy: 51.1% | Sell: 48.9% | Net: 2.2% | Value: 2,167"
2025-12-13T10:42:25.488018,APT/USDT,90651.576719644,90179.285329466,472.2913901779975,50.130589265799586,49.869410734200414,0.26117853159917626,⚪,⚪ Buy: 50.1% | Sell: 49.9% | Net: 0.3% | Value: 472
2025-12-13T10:42:26.489645,NEAR/USDT,408960.55783999996,345979.40426,62981.153579999984,54.17126902414907,45.82873097585094,8.342538048298131,⚪,"⚪ Buy: 54.2% | Sell: 45.8% | Net: 8.3% | Value: 62,981"
2025-12-13T10:42:27.181503,AAPL,38360082.0,0,38360082.0,100.0,0.0,100.0,🟢,"🟢 Buy: 100.0% | Sell: 0.0% | Net: 100.0% | Value: 38,360,082"
2025-12-13T10:42:27.360116,MSFT,0,20743536.0,-20743536.0,0.0,100.0,-100.0,🔴,"🔴 Buy: 0.0% | Sell: 100.0% | Net: -100.0% | Value: -20,743,536"
2025-12-13T10:42:27.469441,GOOG,0,20315069.0,-20315069.0,0.0,100.0,-100.0,🔴,"🔴 Buy: 0.0% | Sell: 100.0% | Net: -100.0% | Value: -20,315,069"
2025-12-13T10:42:27.578866,GC=F,528.0,0,528.0,100.0,0.0,100.0,🟢,🟢 Buy: 100.0% | Sell: 0.0% | Net: 100.0% | Value: 528
2025-12-13T10:42:27.685811,CL=F,0,286808.0,-286808.0,0.0,100.0,-100.0,🔴,"🔴 Buy: 0.0% | Sell: 100.0% | Net: -100.0% | Value: -286,808"
2025-12-13T10:42:27.802005,TSLA,93562326.0,0,93562326.0,100.0,0.0,100.0,🟢,"🟢 Buy: 100.0% | Sell: 0.0% | Net: 100.0% | Value: 93,562,326"
2025-12-13T10:42:27.938243,NVDA,0,192808886.0,-192808886.0,0.0,100.0,-100.0,🔴,"🔴 Buy: 0.0% | Sell: 100.0% | Net: -100.0% | Value: -192,808,886"
2025-12-13T11:14:44.065513,BTC/USDT,512.20267116,486.80716239000003,25.395508769999992,51.27103397369757,48.72896602630243,2.54206794739513,⚪,⚪ Buy: 51.3% | Sell: 48.7% | Net: 2.5% | Value: 25
2025-12-13T11:14:45.322560,ETH/USDT,4297.28279286,3226.90067064,1070.38212222,57.11294539409128,42.88705460590874,14.225890788182532,⚪,"⚪ Buy: 57.1% | Sell: 42.9% | Net: 14.2% | Value: 1,070"
2025-12-13T11:14:47.662715,BNB/USDT,1083.8889,787.5591,296.3298,57.91712620388063,42.08287379611937,15.834252407761262,⚪,⚪ Buy: 57.9% | Sell: 42.1% | Net: 15.8% | Value: 296
2025-12-13T11:14:49.137956,XRP/USDT,3335207.2391228485,3004403.696284272,330803.5428385767,52.609020854821054,47.39097914517893,5.218041709642123,⚪,"⚪ Buy: 52.6% | Sell: 47.4% | Net: 5.2% | Value: 330,804"
2025-12-13T11:14:50.637718,SOL/USDT,30403.14584628,25766.70976942,4636.436076860002,54.12715684065608,45.87284315934393,8.254313681312142,⚪,"⚪ Buy: 54.1% | Sell: 45.9% | Net: 8.3% | Value: 4,636"
2025-12-13T11:14:52.337679,DOGE/USDT,9532361.38341,7900559.83719,1631801.546219999,54.68022979502638,45.3197702049736,9.36045959005278,⚪,"⚪ Buy: 54.7% | Sell: 45.3% | Net: 9.4% | Value: 1,631,802"
2025-12-13T11:14:54.565414,ADA/USDT,1825453.8340000003,1878296.7659999998,-52842.931999999564,49.2866294506979,50.7133705493021,-1.4267410986041977,⚪,"⚪ Buy: 49.3% | Sell: 50.7% | Net: -1.4% | Value: -52,843"
2025-12-13T11:14:55.774391,TRX/USDT,1827720.184,1894178.556,-66458.3720000002,49.10719801044345,50.892801989556546,-1.7856039791130967,⚪,"⚪ Buy: 49.1% | Sell: 50.9% | Net: -1.8% | Value: -66,458"
2025-12-13T11:14:57.733313,AVAX/USDT,48758.81515999999,36534.15954,12224.65561999999,57.16627346097239,42.83372653902761,14.332546921944783,⚪,"⚪ Buy: 57.2% | Sell: 42.8% | Net: 14.3% | Value: 12,225"
2025-12-13T11:14:59.051709,DOT/USDT,281676.76868,232097.80602000002,49578.96265999996,54.82497238102428,45.17502761897572,9.64994476204857,⚪,"⚪ Buy: 54.8% | Sell: 45.2% | Net: 9.6% | Value: 49,579"
2025-12-13T11:15:01.645681,LINK/USDT,479212.89249084,428415.56323626,50797.32925458002,52.79835481876152,47.20164518123849,5.596709637523027,⚪,"⚪ Buy: 52.8% | Sell: 47.2% | Net: 5.6% | Value: 50,797"
2025-12-13T11:15:04.542574,SUI/USDT,1270494.044433848,1048744.7166507721,221749.32778307586,54.780648967753805,45.2193510322462,9.561297935507602,⚪,"⚪ Buy: 54.8% | Sell: 45.2% | Net: 9.6% | Value: 221,749"
2025-12-13T11:15:06.165572,SHIB/USDT,123752996407.10217,106916452428.15955,16836543978.942627,53.64949586170964,46.35050413829036,7.298991723419282,⚪,"⚪ Buy: 53.6% | Sell: 46.4% | Net: 7.3% | Value: 16,836,543,979"
2025-12-13T11:15:07.516486,LTC/USDT,9771.6096,9908.4774,-136.8678,49.652268305521204,50.347731694478796,-0.6954633889575792,⚪,⚪ Buy: 49.7% | Sell: 50.3% | Net: -0.7% | Value: -137
2025-12-13T11:15:10.108163,ATOM/USDT,18512.511280000002,13188.745719999999,5323.7655600000035,58.396773604276966,41.60322639572304,16.793547208553917,⚪,"⚪ Buy: 58.4% | Sell: 41.6% | Net: 16.8% | Value: 5,324"
2025-12-13T11:15:12.644796,XLM/USDT,956964.4480000001,993828.372,-36863.92399999988,49.055155329103584,50.944844670896416,-1.8896893417928349,⚪,"⚪ Buy: 49.1% | Sell: 50.9% | Net: -1.9% | Value: -36,864"
2025-12-13T11:15:13.887369,UNI/USDT,179209.91478000002,172892.72601999997,6317.188760000048,50.897066370426394,49.10293362957361,1.794132740852777,⚪,"⚪ Buy: 50.9% | Sell: 49.1% | Net: 1.8% | Value: 6,317"
2025-12-13T11:15:16.829244,ICP/USDT,44306.747180000006,38452.41162,5854.335560000007,53.536971402855784,46.463028597144216,7.073942805711561,⚪,"⚪ Buy: 53.5% | Sell: 46.5% | Net: 7.1% | Value: 5,854"
2025-12-13T11:15:18.799650,APT/USDT,98196.635079644,91665.665069466,6530.970010177989,51.71992280854304,48.280077191456954,3.4398456170860854,⚪,"⚪ Buy: 51.7% | Sell: 48.3% | Net: 3.4% | Value: 6,531"
2025-12-13T11:15:21.022685,NEAR/USDT,398083.95872000005,338728.33818,59355.62054000003,54.027865766473205,45.972134233526795,8.05573153294641,⚪,"⚪ Buy: 54.0% | Sell: 46.0% | Net: 8.1% | Value: 59,356"
2025-12-13T11:15:21.441492,AAPL,38360082.0,0,38360082.0,100.0,0.0,100.0,🟢,"🟢 Buy: 100.0% | Sell: 0.0% | Net: 100.0% | Value: 38,360,082"
2025-12-13T11:15:21.604625,MSFT,0,20743536.0,-20743536.0,0.0,100.0,-100.0,🔴,"🔴 Buy: 0.0% | Sell: 100.0% | Net: -100.0% | Value: -20,743,536"
2025-12-13T11:15:21.722472,GOOG,0,20315069.0,-20315069.0,0.0,100.0,-100.0,🔴,"🔴 Buy: 0.0% | Sell: 100.0% | Net: -100.0% | Value: -20,315,069"
2025-12-13T11:15:21.828571,GC=F,528.0,0,528.0,100.0,0.0,100.0,🟢,🟢 Buy: 100.0% | Sell: 0.0% | Net: 100.0% | Value: 528
2025-12-13T11:15:21.934344,CL=F,0,286808.0,-286808.0,0.0,100.0,-100.0,🔴,"🔴 Buy: 0.0% | Sell: 100.0% | Net: -100.0% | Value: -286,808"
2025-12-13T11:15:22.044699,TSLA,93562326.0,0,93562326.0,100.0,0.0,100.0,🟢,"🟢 Buy: 100.0% | Sell: 0.0% | Net: 100.0% | Value: 93,562,326"
2025-12-13T11:15:22.221941,NVDA,0,192808886.0,-192808886.0,0.0,100.0,-100.0,🔴,"🔴 Buy: 0.0% | Sell: 100.0% | Net: -100.0% | Value: -192,808,886"
2025-12-13T11:37:04.523722,BTC/USDT,525.85523058,507.28600152000007,18.56922905999994,50.89867815178838,49.10132184821162,1.7973563035767586,⚪,⚪ Buy: 50.9% | Sell: 49.1% | Net: 1.8% | Value: 19
2025-12-13T11:37:05.637639,ETH/USDT,4400.303607456,3381.431892534,1018.8717149219997,56.54655837970404,43.453441620295955,13.09311675940809,⚪,"⚪ Buy: 56.5% | Sell: 43.5% | Net: 13.1% | Value: 1,019"
2025-12-13T11:37:06.670444,BNB/USDT,1082.74518,807.90202,274.8431599999999,57.268494090277656,42.731505909722344,14.53698818055531,⚪,⚪ Buy: 57.3% | Sell: 42.7% | Net: 14.5% | Value: 275
2025-12-13T11:37:07.740225,XRP/USDT,3401916.5859028487,3170074.639604272,231841.9462985769,51.7638637845312,48.2361362154688,3.527727569062405,⚪,"⚪ Buy: 51.8% | Sell: 48.2% | Net: 3.5% | Value: 231,842"
2025-12-13T11:37:08.773414,SOL/USDT,30854.19524628,26972.99136942,3881.2038768599996,53.35586434686264,46.64413565313736,6.711728693725276,⚪,"⚪ Buy: 53.4% | Sell: 46.6% | Net: 6.7% | Value: 3,881"
2025-12-13T11:37:10.297028,DOGE/USDT,9733024.53805,8201554.56915,1531469.9688999997,54.269601086666086,45.730398913333914,8.539202173332171,⚪,"⚪ Buy: 54.3% | Sell: 45.7% | Net: 8.5% | Value: 1,531,470"
2025-12-13T11:37:11.692181,ADA/USDT,1857512.1220000002,1926384.1979999999,-68872.07599999965,49.08993177698907,50.91006822301092,-1.820136446021852,⚪,"⚪ Buy: 49.1% | Sell: 50.9% | Net: -1.8% | Value: -68,872"
2025-12-13T11:37:12.773017,TRX/USDT,1832178.892,1943032.368,-110853.47600000002,48.531824203130824,51.46817579686919,-2.93635159373836,⚪,"⚪ Buy: 48.5% | Sell: 51.5% | Net: -2.9% | Value: -110,853"
2025-12-13T11:37:13.815534,AVAX/USDT,49250.321919999995,37271.41968,11978.902239999996,56.92248099638345,43.077519003616544,13.84496199276691,⚪,"⚪ Buy: 56.9% | Sell: 43.1% | Net: 13.8% | Value: 11,979"
2025-12-13T11:37:14.850725,DOT/USDT,289894.32972,244424.14758000002,45470.18213999996,54.25497002927621,45.74502997072379,8.50994005855241,⚪,"⚪ Buy: 54.3% | Sell: 45.7% | Net: 8.5% | Value: 45,470"
2025-12-13T11:37:15.884506,LINK/USDT,497579.18553083995,455965.00279626,41614.182734579954,52.182079406702066,47.81792059329794,4.364158813404124,⚪,"⚪ Buy: 52.2% | Sell: 47.8% | Net: 4.4% | Value: 41,614"
2025-12-13T11:37:16.923205,SUI/USDT,1299930.124433848,1092898.836650772,207031.28778307606,54.32607785909681,45.67392214090319,8.652155718193624,⚪,"⚪ Buy: 54.3% | Sell: 45.7% | Net: 8.7% | Value: 207,031"
2025-12-13T11:37:18.086753,SHIB/USDT,126070797297.27777,110393153763.42294,15677643533.854828,53.31501767257334,46.68498232742665,6.630035345146689,⚪,"⚪ Buy: 53.3% | Sell: 46.7% | Net: 6.6% | Value: 15,677,643,534"
2025-12-13T11:37:19.208364,LTC/USDT,9985.498,10229.310000000001,-243.81200000000172,49.39694703011772,50.60305296988228,-1.2061059397645613,⚪,⚪ Buy: 49.4% | Sell: 50.6% | Net: -1.2% | Value: -244
2025-12-13T11:37:20.626390,ATOM/USDT,18700.686120000002,13471.007979999998,5229.678140000004,58.1277630636181,41.87223693638191,16.255526127236188,⚪,"⚪ Buy: 58.1% | Sell: 41.9% | Net: 16.3% | Value: 5,230"
2025-12-13T11:37:21.798610,XLM/USDT,981576.648,1030746.672,-49170.023999999976,48.77827724025978,51.22172275974022,-2.443445519480437,⚪,"⚪ Buy: 48.8% | Sell: 51.2% | Net: -2.4% | Value: -49,170"
2025-12-13T11:37:22.913518,UNI/USDT,181553.21342000001,176407.67397999996,5145.539440000051,50.718729283159114,49.28127071684088,1.4374585663182293,⚪,"⚪ Buy: 50.7% | Sell: 49.3% | Net: 1.4% | Value: 5,146"
2025-12-13T11:37:23.984965,ICP/USDT,44685.67678000001,39020.806019999996,5664.8707600000125,53.38377062953123,46.61622937046878,6.76754125906245,⚪,"⚪ Buy: 53.4% | Sell: 46.6% | Net: 6.8% | Value: 5,665"
2025-12-13T11:37:25.002662,APT/USDT,101556.470859644,93905.555589466,7650.915270177997,51.95713597397139,48.04286402602862,3.9142719479427734,⚪,"⚪ Buy: 52.0% | Sell: 48.0% | Net: 3.9% | Value: 7,651"
2025-12-13T11:37:26.021992,NEAR/USDT,418287.74792,352197.53098000004,66090.21693999995,54.288869544292595,45.711130455707405,8.577739088585194,⚪,"⚪ Buy: 54.3% | Sell: 45.7% | Net: 8.6% | Value: 66,090"
2025-12-13T11:37:26.614610,AAPL,38360082.0,0,38360082.0,100.0,0.0,100.0,🟢,"🟢 Buy: 100.0% | Sell: 0.0% | Net: 100.0% | Value: 38,360,082"
2025-12-13T11:37:26.769468,MSFT,0,20743536.0,-20743536.0,0.0,100.0,-100.0,🔴,"🔴 Buy: 0.0% | Sell: 100.0% | Net: -100.0% | Value: -20,743,536"
2025-12-13T11:37:26.884510,GOOG,0,20315069.0,-20315069.0,0.0,100.0,-100.0,🔴,"🔴 Buy: 0.0% | Sell: 100.0% | Net: -100.0% | Value: -20,315,069"
2025-12-13T11:37:26.993204,GC=F,528.0,0,528.0,100.0,0.0,100.0,🟢,🟢 Buy: 100.0% | Sell: 0.0% | Net: 100.0% | Value: 528
2025-12-13T11:37:27.108553,CL=F,0,286808.0,-286808.0,0.0,100.0,-100.0,🔴,"🔴 Buy: 0.0% | Sell: 100.0% | Net: -100.0% | Value: -286,808"
2025-12-13T11:37:27.213584,TSLA,93562326.0,0,93562326.0,100.0,0.0,100.0,🟢,"🟢 Buy: 100.0% | Sell: 0.0% | Net: 100.0% | Value: 93,562,326"
2025-12-13T11:37:27.364485,NVDA,0,192808886.0,-192808886.0,0.0,100.0,-100.0,🔴,"🔴 Buy: 0.0% | Sell: 100.0% | Net: -100.0% | Value: -192,808,886"
2025-12-13T12:35:22.799125,BTC/USDT,529.617684794,529.3849068860001,0.23277790799988907,50.010990431460165,49.989009568539835,0.02198086292032681,⚪,⚪ Buy: 50.0% | Sell: 50.0% | Net: 0.0% | Value: 0
2025-12-13T12:35:26.879332,ETH/USDT,4302.790321896,3503.9139388940002,798.8763830019998,55.116604627989055,44.883395372010945,10.23320925597811,⚪,⚪ Buy: 55.1% | Sell: 44.9% | Net: 10.2% | Value: 799
2025-12-13T12:35:29.359462,BNB/USDT,1117.659,824.9391,292.71990000000005,57.534237267090916,42.465762732909084,15.068474534181828,⚪,⚪ Buy: 57.5% | Sell: 42.5% | Net: 15.1% | Value: 293
2025-12-13T12:35:32.480725,XRP/USDT,3440767.378582848,3257823.923424272,182943.4551585759,51.36553677415549,48.63446322584451,2.7310735483109707,⚪,"⚪ Buy: 51.4% | Sell: 48.6% | Net: 2.7% | Value: 182,943"
2025-12-13T12:35:34.721196,SOL/USDT,30848.628990764,28971.465986145995,1877.1630046180035,51.56900704131494,48.43099295868506,3.1380140826298772,⚪,"⚪ Buy: 51.6% | Sell: 48.4% | Net: 3.1% | Value: 1,877"
2025-12-13T12:35:38.308613,DOGE/USDT,10168099.313749999,8818314.36105,1349784.9526999984,53.554607457256445,46.44539254274355,7.1092149145129,⚪,"⚪ Buy: 53.6% | Sell: 46.4% | Net: 7.1% | Value: 1,349,785"
2025-12-13T12:35:40.566082,ADA/USDT,1877757.784,1992688.0059999998,-114930.22199999983,48.51528443704155,51.48471556295844,-2.969431125916889,⚪,"⚪ Buy: 48.5% | Sell: 51.5% | Net: -3.0% | Value: -114,930"
2025-12-13T12:35:43.466463,TRX/USDT,1668944.6760000002,1906008.1840000001,-237063.5079999999,46.684382741762924,53.31561725823708,-6.631234516474152,⚪,"⚪ Buy: 46.7% | Sell: 53.3% | Net: -6.6% | Value: -237,064"
2025-12-13T12:35:46.073312,AVAX/USDT,46546.90478,38062.09672,8484.808059999996,55.014128467170245,44.985871532829755,10.028256934340487,⚪,"⚪ Buy: 55.0% | Sell: 45.0% | Net: 10.0% | Value: 8,485"
2025-12-13T12:35:48.472471,DOT/USDT,293190.44474,253716.06426,39474.38047999999,53.60887828453327,46.391121715466724,7.21775656906654,⚪,"⚪ Buy: 53.6% | Sell: 46.4% | Net: 7.2% | Value: 39,474"
2025-12-13T12:35:50.055134,LINK/USDT,512568.25953084,478448.6137962599,34119.64573458006,51.72144625651184,48.27855374348815,3.4428925130236765,⚪,"⚪ Buy: 51.7% | Sell: 48.3% | Net: 3.4% | Value: 34,120"
2025-12-13T12:35:53.262807,SUI/USDT,1327366.0444338478,1155914.2166507721,171451.82778307563,53.45212400045798,46.547875999542015,6.904248000915965,⚪,"⚪ Buy: 53.5% | Sell: 46.5% | Net: 6.9% | Value: 171,452"
2025-12-13T12:35:56.962317,SHIB/USDT,124271826321.51263,112109975371.51135,12161850950.001282,52.57250153414839,47.42749846585161,5.1450030682967745,⚪,"⚪ Buy: 52.6% | Sell: 47.4% | Net: 5.1% | Value: 12,161,850,950"
2025-12-13T12:35:59.130786,LTC/USDT,11495.888636224,10885.560090816,610.3285454079996,51.3634697039755,48.6365302960245,2.726939407950993,⚪,⚪ Buy: 51.4% | Sell: 48.6% | Net: 2.7% | Value: 610
2025-12-13T12:36:00.346210,ATOM/USDT,17193.96368,12761.87782,4432.085860000001,57.39769880942921,42.60230119057079,14.795397618858413,⚪,"⚪ Buy: 57.4% | Sell: 42.6% | Net: 14.8% | Value: 4,432"
2025-12-13T12:36:03.602619,XLM/USDT,999351.318,1043768.272,-44416.95400000003,48.91301140135415,51.08698859864587,-2.1739771972917175,⚪,"⚪ Buy: 48.9% | Sell: 51.1% | Net: -2.2% | Value: -44,417"
2025-12-13T12:36:07.487667,UNI/USDT,171406.30446,161187.31053999998,10218.993920000037,51.53625828325057,48.463741716749425,3.072516566501145,⚪,"⚪ Buy: 51.5% | Sell: 48.5% | Net: 3.1% | Value: 10,219"
2025-12-13T12:36:10.079558,ICP/USDT,39044.43642,36291.89628,2752.5401399999973,51.826834437880734,48.17316556211927,3.6536688757614524,⚪,"⚪ Buy: 51.8% | Sell: 48.2% | Net: 3.7% | Value: 2,753"
2025-12-13T12:36:12.728046,APT/USDT,105797.14940000001,97656.0803,8141.069100000008,52.00072250315326,47.99927749684673,4.001445006306532,⚪,"⚪ Buy: 52.0% | Sell: 48.0% | Net: 4.0% | Value: 8,141"
2025-12-13T12:36:15.900450,NEAR/USDT,394787.43976000004,345011.76404000004,49775.67572,53.36413417751235,46.63586582248766,6.728268355024687,⚪,"⚪ Buy: 53.4% | Sell: 46.6% | Net: 6.7% | Value: 49,776"
2025-12-13T12:36:16.231099,AAPL,38360082.0,0,38360082.0,100.0,0.0,100.0,🟢,"🟢 Buy: 100.0% | Sell: 0.0% | Net: 100.0% | Value: 38,360,082"
2025-12-13T12:36:16.380337,MSFT,0,20743536.0,-20743536.0,0.0,100.0,-100.0,🔴,"🔴 Buy: 0.0% | Sell: 100.0% | Net: -100.0% | Value: -20,743,536"
2025-12-13T12:36:16.505109,GOOG,0,20315069.0,-20315069.0,0.0,100.0,-100.0,🔴,"🔴 Buy: 0.0% | Sell: 100.0% | Net: -100.0% | Value: -20,315,069"
2025-12-13T12:36:16.589524,GC=F,528.0,0,528.0,100.0,0.0,100.0,🟢,🟢 Buy: 100.0% | Sell: 0.0% | Net: 100.0% | Value: 528
2025-12-13T12:36:16.744330,CL=F,0,286808.0,-286808.0,0.0,100.0,-100.0,🔴,"🔴 Buy: 0.0% | Sell: 100.0% | Net: -100.0% | Value: -286,808"
2025-12-13T12:36:16.840716,TSLA,93562326.0,0,93562326.0,100.0,0.0,100.0,🟢,"🟢 Buy: 100.0% | Sell: 0.0% | Net: 100.0% | Value: 93,562,326"
2025-12-13T12:36:16.955238,NVDA,0,192808886.0,-192808886.0,0.0,100.0,-100.0,🔴,"🔴 Buy: 0.0% | Sell: 100.0% | Net: -100.0% | Value: -192,808,886"
2025-12-13T13:25:51.459240,BTC/USDT,543.584322604,529.768842826,13.815479778000054,50.643566359282374,49.356433640717626,1.287132718564759,⚪,⚪ Buy: 50.6% | Sell: 49.4% | Net: 1.3% | Value: 14
2025-12-13T13:25:52.609090,ETH/USDT,4400.700458695999,3650.779144094,749.9213146019993,54.65704039256423,45.34295960743578,9.314080785128445,⚪,⚪ Buy: 54.7% | Sell: 45.3% | Net: 9.3% | Value: 750
2025-12-13T13:25:53.656534,BNB/USDT,1150.8899399999998,906.03636,244.85357999999985,55.951928856177304,44.04807114382271,11.903857712354588,⚪,⚪ Buy: 56.0% | Sell: 44.0% | Net: 11.9% | Value: 245
2025-12-13T13:25:54.970258,XRP/USDT,3481705.301022848,3382289.2427842715,99416.05823857663,50.72418514907091,49.2758148509291,1.4483702981418083,⚪,"⚪ Buy: 50.7% | Sell: 49.3% | Net: 1.4% | Value: 99,416"
2025-12-13T13:25:56.615173,SOL/USDT,29594.008790764,28932.773186146,661.2356046179993,50.56490001866057,49.43509998133943,1.1298000373211536,⚪,⚪ Buy: 50.6% | Sell: 49.4% | Net: 1.1% | Value: 661
2025-12-13T13:25:57.699654,DOGE/USDT,10097722.355169998,9044580.41513,1053141.940039998,52.75082353642945,47.24917646357055,5.5016470728588995,⚪,"⚪ Buy: 52.8% | Sell: 47.2% | Net: 5.5% | Value: 1,053,142"
2025-12-13T13:25:58.763143,ADA/USDT,1888938.4190000005,2038095.6509999996,-149157.23199999915,48.10089205566786,51.89910794433214,-3.79821588866427,⚪,"⚪ Buy: 48.1% | Sell: 51.9% | Net: -3.8% | Value: -149,157"
2025-12-13T13:25:59.764444,TRX/USDT,1703573.6220000004,1940516.988,-236943.36599999946,46.748936959062064,53.25106304093793,-6.502126081875868,⚪,"⚪ Buy: 46.7% | Sell: 53.3% | Net: -6.5% | Value: -236,943"
2025-12-13T13:26:00.928766,AVAX/USDT,44752.86804,39112.683959999995,5640.184080000006,53.362634565381505,46.63736543461849,6.725269130763017,⚪,"⚪ Buy: 53.4% | Sell: 46.6% | Net: 6.7% | Value: 5,640"
2025-12-13T13:26:01.992622,DOT/USDT,284045.9915,254135.8692,29910.122300000017,52.77881181847124,47.22118818152877,5.557623636942474,⚪,"⚪ Buy: 52.8% | Sell: 47.2% | Net: 5.6% | Value: 29,910"
2025-12-13T13:26:03.021295,LINK/USDT,508970.66425084,499353.03297626,9617.631274580024,50.476911893523315,49.523088106476685,0.9538237870466204,⚪,"⚪ Buy: 50.5% | Sell: 49.5% | Net: 1.0% | Value: 9,618"
2025-12-13T13:26:04.185003,SUI/USDT,1333962.2044338482,1188821.256650772,145140.9477830762,52.87660336334764,47.123396636652366,5.753206726695273,⚪,"⚪ Buy: 52.9% | Sell: 47.1% | Net: 5.8% | Value: 145,141"
2025-12-13T13:26:05.315719,SHIB/USDT,123789026178.22421,111788108609.31909,12000917568.90512,52.54713123574752,47.45286876425248,5.094262471495046,⚪,"⚪ Buy: 52.5% | Sell: 47.5% | Net: 5.1% | Value: 12,000,917,569"
2025-12-13T13:26:06.502088,LTC/USDT,10063.446690816001,11402.850036224,-1339.4033454079981,46.880217947139386,53.11978205286061,-6.239564105721226,⚪,"⚪ Buy: 46.9% | Sell: 53.1% | Net: -6.2% | Value: -1,339"
2025-12-13T13:26:07.539958,ATOM/USDT,17158.9092,12979.8716,4179.037599999998,56.93299046788249,43.06700953211751,13.865980935764984,⚪,"⚪ Buy: 56.9% | Sell: 43.1% | Net: 13.9% | Value: 4,179"
2025-12-13T13:26:08.650829,XLM/USDT,952877.2299999999,1060702.15,-107824.92000000004,47.32255601465287,52.677443985347125,-5.35488797069426,⚪,"⚪ Buy: 47.3% | Sell: 52.7% | Net: -5.4% | Value: -107,825"
2025-12-13T13:26:09.657667,UNI/USDT,164314.66001999998,150549.84388000003,13764.816139999952,52.185831678310045,47.814168321689955,4.371663356620095,⚪,"⚪ Buy: 52.2% | Sell: 47.8% | Net: 4.4% | Value: 13,765"
2025-12-13T13:26:10.769333,ICP/USDT,38636.18771999999,38406.36678,229.82093999999051,50.14915194692824,49.850848053071765,0.2983038938564668,⚪,⚪ Buy: 50.1% | Sell: 49.9% | Net: 0.3% | Value: 230
2025-12-13T13:26:11.936842,APT/USDT,115019.73184000001,101311.02396,13708.707880000002,53.16846021946917,46.83153978053083,6.336920438938345,⚪,"⚪ Buy: 53.2% | Sell: 46.8% | Net: 6.3% | Value: 13,709"
2025-12-13T13:26:12.948186,NEAR/USDT,390766.4873780201,359343.42311868,31423.064259340055,52.09456399786351,47.9054360021365,4.189127995727007,⚪,"⚪ Buy: 52.1% | Sell: 47.9% | Net: 4.2% | Value: 31,423"
2025-12-13T13:26:13.292178,AAPL,38360082.0,0,38360082.0,100.0,0.0,100.0,🟢,"🟢 Buy: 100.0% | Sell: 0.0% | Net: 100.0% | Value: 38,360,082"
2025-12-13T13:26:13.467558,MSFT,0,20743536.0,-20743536.0,0.0,100.0,-100.0,🔴,"🔴 Buy: 0.0% | Sell: 100.0% | Net: -100.0% | Value: -20,743,536"
2025-12-13T13:26:13.582324,GOOG,0,20315069.0,-20315069.0,0.0,100.0,-100.0,🔴,"🔴 Buy: 0.0% | Sell: 100.0% | Net: -100.0% | Value: -20,315,069"
2025-12-13T13:26:13.690796,GC=F,528.0,0,528.0,100.0,0.0,100.0,🟢,🟢 Buy: 100.0% | Sell: 0.0% | Net: 100.0% | Value: 528
2025-12-13T13:26:13.838997,CL=F,0,286808.0,-286808.0,0.0,100.0,-100.0,🔴,"🔴 Buy: 0.0% | Sell: 100.0% | Net: -100.0% | Value: -286,808"
2025-12-13T13:26:13.994459,TSLA,93562326.0,0,93562326.0,100.0,0.0,100.0,🟢,"🟢 Buy: 100.0% | Sell: 0.0% | Net: 100.0% | Value: 93,562,326"
2025-12-13T13:26:14.174037,NVDA,0,192808886.0,-192808886.0,0.0,100.0,-100.0,🔴,"🔴 Buy: 0.0% | Sell: 100.0% | Net: -100.0% | Value: -192,808,886"
2025-12-13T13:43:10.957094,BTC/USDT,559.99378726,554.3830398099999,5.610747450000076,50.2517437241024,49.74825627589762,0.5034874482047746,⚪,⚪ Buy: 50.3% | Sell: 49.7% | Net: 0.5% | Value: 6
2025-12-13T13:43:12.184261,ETH/USDT,4566.882727096,3900.052546694,666.8301804020002,53.937848577077354,46.06215142292264,7.875697154154708,⚪,⚪ Buy: 53.9% | Sell: 46.1% | Net: 7.9% | Value: 667
2025-12-13T13:43:13.389977,BNB/USDT,1224.20454,954.9127599999999,269.29178,56.17891886774521,43.82108113225479,12.357837735490422,⚪,⚪ Buy: 56.2% | Sell: 43.8% | Net: 12.4% | Value: 269
2025-12-13T13:43:14.669486,XRP/USDT,3604561.424442848,3464193.3250642717,140368.0993785765,50.99287713573853,49.00712286426146,1.9857542714770786,⚪,"⚪ Buy: 51.0% | Sell: 49.0% | Net: 2.0% | Value: 140,368"
2025-12-13T13:43:15.846660,SOL/USDT,31173.935390764003,29986.057586146002,1187.8778046180014,50.97112323497688,49.02887676502312,1.9422464699537587,⚪,"⚪ Buy: 51.0% | Sell: 49.0% | Net: 1.9% | Value: 1,188"
2025-12-13T13:43:17.044249,DOGE/USDT,10263377.590929998,9293063.26877,970314.3221599981,52.48080499187234,47.51919500812766,4.961609983744675,⚪,"⚪ Buy: 52.5% | Sell: 47.5% | Net: 5.0% | Value: 970,314"
2025-12-13T13:43:18.233086,ADA/USDT,1924642.1710000003,2091651.2789999996,-167009.1079999993,47.92085526021512,52.07914473978488,-4.158289479569759,⚪,"⚪ Buy: 47.9% | Sell: 52.1% | Net: -4.2% | Value: -167,009"
2025-12-13T13:43:19.559192,TRX/USDT,1730390.1450000005,1992343.405,-261953.25999999954,46.481708179195365,53.51829182080462,-7.036583641609255,⚪,"⚪ Buy: 46.5% | Sell: 53.5% | Net: -7.0% | Value: -261,953"
2025-12-13T13:43:20.759883,AVAX/USDT,46571.884300000005,39071.0632,7500.821100000008,54.37912362836415,45.620876371635845,8.7582472567283,⚪,"⚪ Buy: 54.4% | Sell: 45.6% | Net: 8.8% | Value: 7,501"
2025-12-13T13:43:22.137920,DOT/USDT,288570.18414,260922.15816,27648.025980000035,52.51577900651665,47.48422099348335,5.031558013033303,⚪,"⚪ Buy: 52.5% | Sell: 47.5% | Net: 5.0% | Value: 27,648"
2025-12-13T13:43:23.338263,LINK/USDT,522377.00893084,519462.54999626,2914.458934580034,50.139870813581965,49.86012918641804,0.27974162716391593,⚪,"⚪ Buy: 50.1% | Sell: 49.9% | Net: 0.3% | Value: 2,914"
2025-12-13T13:43:24.623092,SUI/USDT,1367494.164433848,1239119.196650772,128374.96778307622,52.462485800534274,47.53751419946572,4.9249716010685605,⚪,"⚪ Buy: 52.5% | Sell: 47.5% | Net: 4.9% | Value: 128,375"
2025-12-13T13:43:25.860099,SHIB/USDT,124325949176.58223,117398972447.38106,6926976729.201172,51.43282221019334,48.56717778980666,2.865644420386677,⚪,"⚪ Buy: 51.4% | Sell: 48.6% | Net: 2.9% | Value: 6,926,976,729"
2025-12-13T13:43:26.992287,LTC/USDT,10340.541490816,11818.492236224,-1477.9507454079994,46.66512817387768,53.334871826122324,-6.669743652244642,⚪,"⚪ Buy: 46.7% | Sell: 53.3% | Net: -6.7% | Value: -1,478"
2025-12-13T13:43:28.207006,ATOM/USDT,17454.707599999998,13423.5692,4031.138399999998,56.52746658453427,43.472533415465726,13.054933169068548,⚪,"⚪ Buy: 56.5% | Sell: 43.5% | Net: 13.1% | Value: 4,031"
2025-12-13T13:43:29.381707,XLM/USDT,1004723.4339999999,1095266.2859999998,-90542.85199999996,47.84420725640505,52.15579274359495,-4.311585487189907,⚪,"⚪ Buy: 47.8% | Sell: 52.2% | Net: -4.3% | Value: -90,543"
2025-12-13T13:43:30.557406,UNI/USDT,168468.93245999998,156781.25254000002,11687.679919999966,51.796721486876315,48.203278513123685,3.593442973752641,⚪,"⚪ Buy: 51.8% | Sell: 48.2% | Net: 3.6% | Value: 11,688"
2025-12-13T13:43:31.769885,ICP/USDT,51913.97249999999,47258.2233,4655.749199999991,52.347305695131126,47.652694304868874,4.694611390262262,⚪,"⚪ Buy: 52.3% | Sell: 47.7% | Net: 4.7% | Value: 4,656"
2025-12-13T13:43:32.999241,APT/USDT,127622.05768000001,120214.51272,7407.544960000014,51.49444146762612,48.505558532373875,2.988882935252244,⚪,"⚪ Buy: 51.5% | Sell: 48.5% | Net: 3.0% | Value: 7,408"
2025-12-13T13:43:34.150103,NEAR/USDT,400808.6814586801,387416.75623802,13391.92522066005,50.84949841632827,49.150501583671726,1.698996832656536,⚪,"⚪ Buy: 50.8% | Sell: 49.2% | Net: 1.7% | Value: 13,392"
2025-12-13T13:43:34.489207,AAPL,38360082.0,0,38360082.0,100.0,0.0,100.0,🟢,"🟢 Buy: 100.0% | Sell: 0.0% | Net: 100.0% | Value: 38,360,082"
2025-12-13T13:43:34.649580,MSFT,0,20743536.0,-20743536.0,0.0,100.0,-100.0,🔴,"🔴 Buy: 0.0% | Sell: 100.0% | Net: -100.0% | Value: -20,743,536"
2025-12-13T13:43:34.743575,GOOG,0,20315069.0,-20315069.0,0.0,100.0,-100.0,🔴,"🔴 Buy: 0.0% | Sell: 100.0% | Net: -100.0% | Value: -20,315,069"
2025-12-13T13:43:34.839960,GC=F,528.0,0,528.0,100.0,0.0,100.0,🟢,🟢 Buy: 100.0% | Sell: 0.0% | Net: 100.0% | Value: 528
2025-12-13T13:43:34.924247,CL=F,0,286808.0,-286808.0,0.0,100.0,-100.0,🔴,"🔴 Buy: 0.0% | Sell: 100.0% | Net: -100.0% | Value: -286,808"
2025-12-13T13:43:35.008387,TSLA,93562326.0,0,93562326.0,100.0,0.0,100.0,🟢,"🟢 Buy: 100.0% | Sell: 0.0% | Net: 100.0% | Value: 93,562,326"
2025-12-13T13:43:35.133055,NVDA,0,192808886.0,-192808886.0,0.0,100.0,-100.0,🔴,"🔴 Buy: 0.0% | Sell: 100.0% | Net: -100.0% | Value: -192,808,886"
2025-12-13T14:16:36.537248,BTC/USDT,550.119959574,523.823841186,26.296118387999968,51.22427814050376,48.77572185949624,2.4485562810075296,⚪,⚪ Buy: 51.2% | Sell: 48.8% | Net: 2.4% | Value: 26
2025-12-13T14:16:37.789902,ETH/USDT,4414.108204116001,3846.1396892740004,567.9685148420003,53.437962892714744,46.56203710728524,6.8759257854295015,⚪,⚪ Buy: 53.4% | Sell: 46.6% | Net: 6.9% | Value: 568
2025-12-13T14:16:39.109142,BNB/USDT,1253.4389999999999,974.4024000000001,279.0365999999998,56.26248798500647,43.737512014993534,12.524975970012939,⚪,⚪ Buy: 56.3% | Sell: 43.7% | Net: 12.5% | Value: 279
2025-12-13T14:16:40.385004,XRP/USDT,3384253.0144028477,3317321.0517042717,66931.96269857604,50.499374938173716,49.500625061826284,0.9987498763474262,⚪,"⚪ Buy: 50.5% | Sell: 49.5% | Net: 1.0% | Value: 66,932"
2025-12-13T14:16:41.553114,SOL/USDT,31327.336390764,28722.438586146003,2604.897804617998,52.168948847534914,47.831051152465086,4.337897695069829,⚪,"⚪ Buy: 52.2% | Sell: 47.8% | Net: 4.3% | Value: 2,605"
2025-12-13T14:16:42.808608,DOGE/USDT,10031513.179030001,9194456.30357,837056.8754600007,52.17689119973262,47.82310880026736,4.353782399465258,⚪,"⚪ Buy: 52.2% | Sell: 47.8% | Net: 4.4% | Value: 837,057"
2025-12-13T14:16:44.083559,ADA/USDT,1927178.1750000003,1968861.4549999998,-41683.27999999956,49.46505574944576,50.53494425055425,-1.069888501108485,⚪,"⚪ Buy: 49.5% | Sell: 50.5% | Net: -1.1% | Value: -41,683"
2025-12-13T14:16:45.299863,TRX/USDT,1494655.798,1856775.322,-362119.524,44.597538916449516,55.40246108355048,-10.80492216710096,⚪,"⚪ Buy: 44.6% | Sell: 55.4% | Net: -10.8% | Value: -362,120"
2025-12-13T14:16:46.456168,AVAX/USDT,44709.32174000001,38470.774560000005,6238.547180000001,53.7500240186666,46.249975981333414,7.5000480373331815,⚪,"⚪ Buy: 53.8% | Sell: 46.2% | Net: 7.5% | Value: 6,239"
2025-12-13T14:16:47.632102,DOT/USDT,275689.46573999996,257124.99506000002,18564.47067999994,51.74211400457545,48.25788599542455,3.4842280091509,⚪,"⚪ Buy: 51.7% | Sell: 48.3% | Net: 3.5% | Value: 18,564"
2025-12-13T14:16:48.795069,LINK/USDT,518127.80341084,521359.48271626,-3231.6793054200243,49.844554168745034,50.15544583125497,-0.3108916625099425,⚪,"⚪ Buy: 49.8% | Sell: 50.2% | Net: -0.3% | Value: -3,232"
2025-12-13T14:16:50.001965,SUI/USDT,1273233.984433848,1197017.176650772,76216.80778307584,51.54269349173407,48.457306508265916,3.085386983468155,⚪,"⚪ Buy: 51.5% | Sell: 48.5% | Net: 3.1% | Value: 76,217"
2025-12-13T14:16:51.250353,SHIB/USDT,116368947239.35304,110834576686.12689,5534370553.2261505,51.21793237569708,48.782067624302925,2.435864751394155,⚪,"⚪ Buy: 51.2% | Sell: 48.8% | Net: 2.4% | Value: 5,534,370,553"
2025-12-13T14:16:52.398006,LTC/USDT,9831.819090816,11592.679636224,-1760.8605454080007,45.89054435335374,54.10945564664625,-8.218911293292509,⚪,"⚪ Buy: 45.9% | Sell: 54.1% | Net: -8.2% | Value: -1,761"
2025-12-13T14:16:53.709562,ATOM/USDT,16472.9597,12916.048,3556.9116999999987,56.05143211419145,43.948567885808544,12.102864228382908,⚪,"⚪ Buy: 56.1% | Sell: 43.9% | Net: 12.1% | Value: 3,557"
2025-12-13T14:16:54.947879,XLM/USDT,1063333.8059999999,1149215.4340000001,-85881.62800000026,48.05921544146063,51.94078455853936,-3.881569117078734,⚪,"⚪ Buy: 48.1% | Sell: 51.9% | Net: -3.9% | Value: -85,882"
2025-12-13T14:16:56.249645,UNI/USDT,153641.217118668,148704.657479112,4936.559639555984,50.8163762191436,49.18362378085641,1.6327524382871903,⚪,"⚪ Buy: 50.8% | Sell: 49.2% | Net: 1.6% | Value: 4,937"
2025-12-13T14:16:57.564507,ICP/USDT,51327.70376,60021.46184,-8693.758080000007,46.096172776349924,53.90382722365007,-7.807654447300148,⚪,"⚪ Buy: 46.1% | Sell: 53.9% | Net: -7.8% | Value: -8,694"
2025-12-13T14:16:58.730721,APT/USDT,129382.56895999999,125625.15384000001,3757.415119999976,50.736725750644595,49.26327424935541,1.4734515012891902,⚪,"⚪ Buy: 50.7% | Sell: 49.3% | Net: 1.5% | Value: 3,757"
2025-12-13T14:17:00.036990,NEAR/USDT,408021.28881868,386792.91357802006,21228.375240659923,51.335430039916716,48.664569960083284,2.6708600798334277,⚪,"⚪ Buy: 51.3% | Sell: 48.7% | Net: 2.7% | Value: 21,228"
2025-12-13T14:17:00.550129,AAPL,38360082.0,0,38360082.0,100.0,0.0,100.0,🟢,"🟢 Buy: 100.0% | Sell: 0.0% | Net: 100.0% | Value: 38,360,082"
2025-12-13T14:17:00.809876,MSFT,0,20743536.0,-20743536.0,0.0,100.0,-100.0,🔴,"🔴 Buy: 0.0% | Sell: 100.0% | Net: -100.0% | Value: -20,743,536"
2025-12-13T14:17:00.911896,GOOG,0,20315069.0,-20315069.0,0.0,100.0,-100.0,🔴,"🔴 Buy: 0.0% | Sell: 100.0% | Net: -100.0% | Value: -20,315,069"
2025-12-13T14:17:00.988665,GC=F,528.0,0,528.0,100.0,0.0,100.0,🟢,🟢 Buy: 100.0% | Sell: 0.0% | Net: 100.0% | Value: 528
2025-12-13T14:17:01.143617,CL=F,0,286808.0,-286808.0,0.0,100.0,-100.0,🔴,"🔴 Buy: 0.0% | Sell: 100.0% | Net: -100.0% | Value: -286,808"
2025-12-13T14:17:01.227952,TSLA,93562326.0,0,93562326.0,100.0,0.0,100.0,🟢,"🟢 Buy: 100.0% | Sell: 0.0% | Net: 100.0% | Value: 93,562,326"
2025-12-13T14:17:01.366449,NVDA,0,192808886.0,-192808886.0,0.0,100.0,-100.0,🔴,"🔴 Buy: 0.0% | Sell: 100.0% | Net: -100.0% | Value: -192,808,886"
